Apostasy,a,State,Oscilate,CB,SB,CN,SN,R
0.0,0.0,1,0,0,0,0,1,0.20000462281532747
0.0,0.01,1,0,0,0,0,1,0.20000501108504795
0.0,0.02,1,0,0,0,0,1,0.20000606383952405
0.0,0.03,1,0,0,0,0,1,0.20000540393789196
0.0,0.04,1,0,0,0,0,1,0.2000051627757879
0.0,0.05,1,0,0,0,0,1,0.20000625479012205
0.0,0.06,1,0,0,0,0,1,0.20000580146258082
0.0,0.07,1,0,0,0,0,1,0.20000355403567133
0.0,0.08,1,0,0,0,0,1,0.2000030816424088
0.0,0.09,1,0,0,0,0,1,0.20000434376024168
0.0,0.1,1,0,0,0,0,1,0.20000404220170787
0.0,0.11,1,0,0,0,0,1,0.20000639184139968
0.0,0.12,1,0,0,0,0,1,0.20000652387758036
0.0,0.13,1,0,0,0,0,1,0.2000052680520221
0.0,0.14,1,0,0,0,0,1,0.20000485600893309
0.0,0.15,1,0,0,0,0,1,0.20000526285564238
0.0,0.16,1,0,0,0,0,1,0.20000454311840848
0.0,0.17,1,0,0,0,0,1,0.20000765683603744
0.0,0.18,1,0,0,0,0,1,0.20000562240345324
0.0,0.19,1,0,0,0,0,1,0.20000399943158345
0.0,0.2,1,0,0,0,0,1,0.20000353638108473
0.0,0.21,1,0,0,0,0,1,0.20000433683643024
0.0,0.22,1,0,0,0,0,1,0.20000523357991587
0.0,0.23,1,0,0,0,0,1,0.2000061475798052
0.0,0.24,1,0,0,0,0,1,0.2000058048022041
0.0,0.25,1,0,0,0,0,1,0.20000343770716264
0.0,0.26,1,0,0,0,0,1,0.20000440403263656
0.0,0.27,1,0,0,0,0,1,0.20000683455713478
0.0,0.28,1,0,0,0,0,1,0.2000039668423937
0.0,0.29,1,0,0,0,0,1,0.2000045856859761
0.0,0.3,1,0,0,0,0,1,0.2000055352229312
0.0,0.31,1,0,0,0,0,1,0.20000497428224234
0.0,0.32,1,0,0,0,0,1,0.19999532549494403
0.0,0.33,1,0,0,0,0,1,0.19999621179576124
0.0,0.34,1,0,0,0,0,1,0.19999544113223716
0.0,0.35000000000000003,1,0,0,0,0,1,0.19999509382314384
0.0,0.36,1,0,0,0,0,1,0.19999738534484815
0.0,0.37,1,0,0,0,0,1,0.19999581995281587
0.0,0.38,1,0,0,0,0,1,0.19999600564047282
0.0,0.39,1,0,0,0,0,1,0.19999600523144362
0.0,0.4,1,0,0,0,0,1,0.19999504004086963
0.0,0.41000000000000003,1,0,0,0,0,1,0.19999390955137314
0.0,0.42,1,0,0,0,0,1,0.1999949899611584
0.0,0.43,1,0,0,0,0,1,0.19999505008659849
0.0,0.44,1,0,0,0,0,1,0.19999539783645984
0.0,0.45,1,0,0,0,0,1,0.19999365325660443
0.0,0.46,1,0,0,0,0,1,0.19999436235991674
0.0,0.47000000000000003,1,0,0,0,0,1,0.19999535354244838
0.0,0.48,1,0,0,0,0,1,0.19999512205498968
0.0,0.49,1,0,0,0,0,1,0.19999409594089312
0.0,0.5,1,0,0,0,0,1,0.19999523622834492
0.0,0.51,1,0,0,0,0,1,0.19999533938736677
0.0,0.52,1,0,0,0,0,1,0.1999951570323142
0.0,0.53,1,0,0,0,0,1,0.19999487548754738
0.0,0.54,1,0,0,0,0,1,0.19999536877135812
0.0,0.55,1,0,0,0,0,1,0.19999482680923628
0.0,0.56,1,0,0,0,0,1,0.19999407622400878
0.0,0.5700000000000001,1,0,0,0,0,1,0.1999958396388665
0.0,0.58,1,0,0,0,0,1,0.19999582920695225
0.0,0.59,1,0,0,0,0,1,0.1999949285908227
0.0,0.6,1,0,0,0,0,1,0.19999604924674386
0.0,0.61,1,0,0,0,0,1,0.1999937082779352
0.0,0.62,1,0,0,0,0,1,0.19999665544874531
0.0,0.63,1,0,0,0,0,1,0.19999532781479143
0.0,0.64,1,0,0,0,0,1,0.19999537059447278
0.0,0.65,1,0,0,0,0,1,0.19999512620605445
0.0,0.66,1,0,0,0,0,1,0.20000432506728422
0.0,0.67,1,0,0,0,0,1,0.2000043394306454
0.0,0.68,1,0,0,0,0,1,0.20000454192022993
0.0,0.6900000000000001,1,0,0,0,0,1,0.20000471862540398
0.0,0.7000000000000001,1,0,0,0,0,1,0.19999551879642663
0.0,0.71,1,0,0,0,0,1,0.1999959352773719
0.0,0.72,8,0,1,0,0,0,0.2799923528048881
0.0,0.73,8,0,1,0,0,0,0.2699947256454226
0.0,0.74,8,0,1,0,0,0,0.25999543124835217
0.0,0.75,8,0,1,0,0,0,0.24999477659335498
0.0,0.76,8,0,1,0,0,0,0.23999529644097456
0.0,0.77,8,0,1,0,0,0,0.22999613238666444
0.0,0.78,8,0,1,0,0,0,0.21999525133297115
0.0,0.79,8,0,1,0,0,0,0.2099950205248148
0.001,0.0,1,0,0,0,0,1,0.20000473340531197
0.001,0.01,1,0,0,0,0,1,0.20000527595655784
0.001,0.02,1,0,0,0,0,1,0.2000053979386905
0.001,0.03,1,0,0,0,0,1,0.2000048909785737
0.001,0.04,1,0,0,0,0,1,0.20000362938569774
0.001,0.05,1,0,0,0,0,1,0.20000625202725997
0.001,0.06,1,0,0,0,0,1,0.2000051577712974
0.001,0.07,1,0,0,0,0,1,0.20000413485408564
0.001,0.08,1,0,0,0,0,1,0.20000496772002202
0.001,0.09,1,0,0,0,0,1,0.20000538823125877
0.001,0.1,1,0,0,0,0,1,0.20000595203279653
0.001,0.11,1,0,0,0,0,1,0.20000733980322208
0.001,0.12,1,0,0,0,0,1,0.20000456113490983
0.001,0.13,1,0,0,0,0,1,0.20000612325689865
0.001,0.14,1,0,0,0,0,1,0.20000403794242383
0.001,0.15,1,0,0,0,0,1,0.2000045824665416
0.001,0.16,1,0,0,0,0,1,0.20000446294490978
0.001,0.17,1,0,0,0,0,1,0.2000060736709064
0.001,0.18,1,0,0,0,0,1,0.20000451448823348
0.001,0.19,1,0,0,0,0,1,0.2000052883410696
0.001,0.2,1,0,0,0,0,1,0.20000436737819158
0.001,0.21,1,0,0,0,0,1,0.20000433400052647
0.001,0.22,1,0,0,0,0,1,0.20000509019073132
0.001,0.23,1,0,0,0,0,1,0.20000579185400633
0.001,0.24,1,0,0,0,0,1,0.20000543505987214
0.001,0.25,1,0,0,0,0,1,0.20000315389090315
0.001,0.26,1,0,0,0,0,1,0.20000410689316267
0.001,0.27,1,0,0,0,0,1,0.2000056197874576
0.001,0.28,1,0,0,0,0,1,0.20000537357487883
0.001,0.29,1,0,0,0,0,1,0.20000736119704549
0.001,0.3,1,0,0,0,0,1,0.20000448018376987
0.001,0.31,1,0,0,0,0,1,0.2000054557500315
0.001,0.32,1,0,0,0,0,1,0.19999596423611848
0.001,0.33,1,0,0,0,0,1,0.19999514634919358
0.001,0.34,1,0,0,0,0,1,0.19999624207975444
0.001,0.35000000000000003,1,0,0,0,0,1,0.19999461758648912
0.001,0.36,1,0,0,0,0,1,0.19999420610340177
0.001,0.37,1,0,0,0,0,1,0.19999566959872894
0.001,0.38,1,0,0,0,0,1,0.19999597410316106
0.001,0.39,1,0,0,0,0,1,0.19999570519545237
0.001,0.4,1,0,0,0,0,1,0.1999943889773037
0.001,0.41000000000000003,1,0,0,0,0,1,0.19999598267868018
0.001,0.42,1,0,0,0,0,1,0.19999614564337118
0.001,0.43,1,0,0,0,0,1,0.199995505047786
0.001,0.44,1,0,0,0,0,1,0.19999565763596455
0.001,0.45,1,0,0,0,0,1,0.19999610431400916
0.001,0.46,1,0,0,0,0,1,0.19999705986686175
0.001,0.47000000000000003,1,0,0,0,0,1,0.19999313005342123
0.001,0.48,1,0,0,0,0,1,0.19999494492108882
0.001,0.49,1,0,0,0,0,1,0.19999565625173332
0.001,0.5,1,0,0,0,0,1,0.1999963450935139
0.001,0.51,1,0,0,0,0,1,0.199995298546196
0.001,0.52,1,0,0,0,0,1,0.19999573104636664
0.001,0.53,1,0,0,0,0,1,0.19999616061347153
0.001,0.54,1,0,0,0,0,1,0.19999520864501075
0.001,0.55,1,0,0,0,0,1,0.19999568563781991
0.001,0.56,1,0,0,0,0,1,0.19999499569595
0.001,0.5700000000000001,1,0,0,0,0,1,0.199995874904169
0.001,0.58,1,0,0,0,0,1,0.19999330312284638
0.001,0.59,1,0,0,0,0,1,0.19999505493605813
0.001,0.6,1,0,0,0,0,1,0.1999956179492758
0.001,0.61,1,0,0,0,0,1,0.19999590832300304
0.001,0.62,1,0,0,0,0,1,0.19999611613271112
0.001,0.63,1,0,0,0,0,1,0.19999643869194136
0.001,0.64,1,0,0,0,0,1,0.1999955516715807
0.001,0.65,1,0,0,0,0,1,0.20000554297593354
0.001,0.66,1,0,0,0,0,1,0.20000639714037383
0.001,0.67,1,0,0,0,0,1,0.20000692827909966
0.001,0.68,1,0,0,0,0,1,0.20000482245668527
0.001,0.6900000000000001,1,0,0,0,0,1,0.20000569112257
0.001,0.7000000000000001,1,0,0,0,0,1,0.20000605317407968
0.001,0.71,1,0,0,0,0,1,0.2000048031563449
0.001,0.72,8,0,1,0,0,0,0.27999417045507163
0.001,0.73,8,0,1,0,0,0,0.2699943239130317
0.001,0.74,8,0,1,0,0,0,0.25999384758881294
0.001,0.75,8,0,1,0,0,0,0.24999257925439075
0.001,0.76,8,0,1,0,0,0,0.2399949024814524
0.001,0.77,8,0,1,0,0,0,0.2299950453515248
0.001,0.78,8,0,1,0,0,0,0.21999530619818744
0.001,0.79,8,0,1,0,0,0,0.20999542731158857
0.002,0.0,1,0,0,0,0,1,0.20000483411349054
0.002,0.01,1,0,0,0,0,1,0.20000525414638387
0.002,0.02,1,0,0,0,0,1,0.20000461019685187
0.002,0.03,1,0,0,0,0,1,0.2000047644860015
0.002,0.04,1,0,0,0,0,1,0.20000537527067813
0.002,0.05,1,0,0,0,0,1,0.2000061737866275
0.002,0.06,1,0,0,0,0,1,0.20000638740320584
0.002,0.07,1,0,0,0,0,1,0.20000573957603068
0.002,0.08,1,0,0,0,0,1,0.2000060080806779
0.002,0.09,1,0,0,0,0,1,0.20000446415348938
0.002,0.1,1,0,0,0,0,1,0.20000431970169835
0.002,0.11,1,0,0,0,0,1,0.20000733406421128
0.002,0.12,1,0,0,0,0,1,0.20000446083784493
0.002,0.13,1,0,0,0,0,1,0.20000455536876785
0.002,0.14,1,0,0,0,0,1,0.20000524551641882
0.002,0.15,1,0,0,0,0,1,0.2000046625462916
0.002,0.16,1,0,0,0,0,1,0.20000455941400125
0.002,0.17,1,0,0,0,0,1,0.20000658639718455
0.002,0.18,1,0,0,0,0,1,0.20000771545522064
0.002,0.19,1,0,0,0,0,1,0.20000489845596528
0.002,0.2,1,0,0,0,0,1,0.20000522163668324
0.002,0.21,1,0,0,0,0,1,0.20000450175282777
0.002,0.22,1,0,0,0,0,1,0.20000498637068617
0.002,0.23,1,0,0,0,0,1,0.2000052657955697
0.002,0.24,1,0,0,0,0,1,0.20000603149334495
0.002,0.25,1,0,0,0,0,1,0.20000563855406764
0.002,0.26,1,0,0,0,0,1,0.20000334584976717
0.002,0.27,1,0,0,0,0,1,0.20000784982483952
0.002,0.28,1,0,0,0,0,1,0.200005173325527
0.002,0.29,1,0,0,0,0,1,0.20000336878953093
0.002,0.3,1,0,0,0,0,1,0.2000077334650446
0.002,0.31,1,0,0,0,0,1,0.2000076310338078
0.002,0.32,1,0,0,0,0,1,0.1999959401340794
0.002,0.33,1,0,0,0,0,1,0.19999487369913305
0.002,0.34,1,0,0,0,0,1,0.1999931308091194
0.002,0.35000000000000003,1,0,0,0,0,1,0.19999452972573625
0.002,0.36,1,0,0,0,0,1,0.19999426108842625
0.002,0.37,1,0,0,0,0,1,0.19999721837372683
0.002,0.38,1,0,0,0,0,1,0.1999959153650804
0.002,0.39,1,0,0,0,0,1,0.1999956301338883
0.002,0.4,1,0,0,0,0,1,0.1999948632875261
0.002,0.41000000000000003,1,0,0,0,0,1,0.1999960152529883
0.002,0.42,1,0,0,0,0,1,0.19999684271856935
0.002,0.43,1,0,0,0,0,1,0.19999578739560533
0.002,0.44,1,0,0,0,0,1,0.19999535750861275
0.002,0.45,1,0,0,0,0,1,0.1999959939393978
0.002,0.46,1,0,0,0,0,1,0.19999676557342572
0.002,0.47000000000000003,1,0,0,0,0,1,0.19999493391637452
0.002,0.48,1,0,0,0,0,1,0.19999536026432624
0.002,0.49,1,0,0,0,0,1,0.19999424366143553
0.002,0.5,1,0,0,0,0,1,0.1999951167164622
0.002,0.51,1,0,0,0,0,1,0.19999572856433273
0.002,0.52,1,0,0,0,0,1,0.1999954556655583
0.002,0.53,1,0,0,0,0,1,0.19999592457567308
0.002,0.54,1,0,0,0,0,1,0.19999716404381562
0.002,0.55,1,0,0,0,0,1,0.19999616475673607
0.002,0.56,1,0,0,0,0,1,0.19999593104214278
0.002,0.5700000000000001,1,0,0,0,0,1,0.19999522144518492
0.002,0.58,1,0,0,0,0,1,0.19999372071296215
0.002,0.59,1,0,0,0,0,1,0.19999590815478618
0.002,0.6,1,0,0,0,0,1,0.19999522933471234
0.002,0.61,1,0,0,0,0,1,0.19999325377607605
0.002,0.62,1,0,0,0,0,1,0.19999527745208462
0.002,0.63,1,0,0,0,0,1,0.1999959414310823
0.002,0.64,1,0,0,0,0,1,0.19999676466366792
0.002,0.65,1,0,0,0,0,1,0.20000440187207058
0.002,0.66,1,0,0,0,0,1,0.2000051653400716
0.002,0.67,1,0,0,0,0,1,0.20000570780911647
0.002,0.68,1,0,0,0,0,1,0.20000474935380877
0.002,0.6900000000000001,1,0,0,0,0,1,0.20000392746248405
0.002,0.7000000000000001,1,0,0,0,0,1,0.19999397795395082
0.002,0.71,1,0,0,0,0,1,0.20000560008048746
0.002,0.72,8,0,1,0,0,0,0.2799925886286735
0.002,0.73,8,0,1,0,0,0,0.2699942251847341
0.002,0.74,8,0,1,0,0,0,0.2599948477962803
0.002,0.75,8,0,1,0,0,0,0.24999250933804493
0.002,0.76,8,0,1,0,0,0,0.23999532820013478
0.002,0.77,8,0,1,0,0,0,0.22999579412585464
0.002,0.78,8,0,1,0,0,0,0.21999547938484043
0.002,0.79,8,0,1,0,0,0,0.2099951660165252
0.003,0.0,1,0,0,0,0,1,0.20000396576854082
0.003,0.01,1,0,0,0,0,1,0.20000464677261479
0.003,0.02,1,0,0,0,0,1,0.20000476381415858
0.003,0.03,1,0,0,0,0,1,0.20000494248151535
0.003,0.04,1,0,0,0,0,1,0.20000506349337388
0.003,0.05,1,0,0,0,0,1,0.20000638528305062
0.003,0.06,1,0,0,0,0,1,0.20000675880886937
0.003,0.07,1,0,0,0,0,1,0.20000620910688857
0.003,0.08,1,0,0,0,0,1,0.20000383280675654
0.003,0.09,1,0,0,0,0,1,0.20000453549861633
0.003,0.1,1,0,0,0,0,1,0.20000441259609741
0.003,0.11,1,0,0,0,0,1,0.20000364233132237
0.003,0.12,1,0,0,0,0,1,0.2000062772845472
0.003,0.13,1,0,0,0,0,1,0.200004591777795
0.003,0.14,1,0,0,0,0,1,0.2000043453624676
0.003,0.15,1,0,0,0,0,1,0.2000050501179356
0.003,0.16,1,0,0,0,0,1,0.20000444814894744
0.003,0.17,1,0,0,0,0,1,0.20000409692716545
0.003,0.18,1,0,0,0,0,1,0.20000540041491208
0.003,0.19,1,0,0,0,0,1,0.20000561492862826
0.003,0.2,1,0,0,0,0,1,0.20000475080692398
0.003,0.21,1,0,0,0,0,1,0.20000398065157127
0.003,0.22,1,0,0,0,0,1,0.20000431949741607
0.003,0.23,1,0,0,0,0,1,0.20000505737983557
0.003,0.24,1,0,0,0,0,1,0.200005712991309
0.003,0.25,1,0,0,0,0,1,0.20000496170264892
0.003,0.26,1,0,0,0,0,1,0.200003219385032
0.003,0.27,1,0,0,0,0,1,0.20000434497315991
0.003,0.28,1,0,0,0,0,1,0.20000573808485783
0.003,0.29,1,0,0,0,0,1,0.20000520476197584
0.003,0.3,1,0,0,0,0,1,0.19999494140212845
0.003,0.31,1,0,0,0,0,1,0.2000049023121873
0.003,0.32,1,0,0,0,0,1,0.19999586612427633
0.003,0.33,1,0,0,0,0,1,0.19999542085996003
0.003,0.34,1,0,0,0,0,1,0.19999477549877626
0.003,0.35000000000000003,1,0,0,0,0,1,0.1999936023963601
0.003,0.36,1,0,0,0,0,1,0.19999614108389532
0.003,0.37,1,0,0,0,0,1,0.1999957116700229
0.003,0.38,1,0,0,0,0,1,0.1999952537019968
0.003,0.39,1,0,0,0,0,1,0.19999649718486193
0.003,0.4,1,0,0,0,0,1,0.19999486055797774
0.003,0.41000000000000003,1,0,0,0,0,1,0.1999948302850478
0.003,0.42,1,0,0,0,0,1,0.1999960962349827
0.003,0.43,1,0,0,0,0,1,0.19999611911436527
0.003,0.44,1,0,0,0,0,1,0.19999601534576217
0.003,0.45,1,0,0,0,0,1,0.19999433765477967
0.003,0.46,1,0,0,0,0,1,0.1999954363055039
0.003,0.47000000000000003,1,0,0,0,0,1,0.19999324345664382
0.003,0.48,1,0,0,0,0,1,0.19999290845412157
0.003,0.49,1,0,0,0,0,1,0.19999578182640165
0.003,0.5,1,0,0,0,0,1,0.19999689578872343
0.003,0.51,1,0,0,0,0,1,0.19999493950214145
0.003,0.52,1,0,0,0,0,1,0.1999963045629201
0.003,0.53,1,0,0,0,0,1,0.19999501734993125
0.003,0.54,1,0,0,0,0,1,0.19999526996892722
0.003,0.55,1,0,0,0,0,1,0.1999955460763743
0.003,0.56,1,0,0,0,0,1,0.1999961042727696
0.003,0.5700000000000001,1,0,0,0,0,1,0.19999497609042885
0.003,0.58,1,0,0,0,0,1,0.19999436273036197
0.003,0.59,1,0,0,0,0,1,0.19999617857282978
0.003,0.6,1,0,0,0,0,1,0.19999613365073887
0.003,0.61,1,0,0,0,0,1,0.19999524693659496
0.003,0.62,1,0,0,0,0,1,0.19999421217815708
0.003,0.63,1,0,0,0,0,1,0.19999314413138786
0.003,0.64,1,0,0,0,0,1,0.2000060696634295
0.003,0.65,1,0,0,0,0,1,0.200004611707244
0.003,0.66,1,0,0,0,0,1,0.2000045278782376
0.003,0.67,1,0,0,0,0,1,0.19999495832861575
0.003,0.68,1,0,0,0,0,1,0.20000452008445876
0.003,0.6900000000000001,1,0,0,0,0,1,0.200005228462977
0.003,0.7000000000000001,1,0,0,0,0,1,0.19999592793448567
0.003,0.71,1,0,0,0,0,1,0.19999587109453834
0.003,0.72,8,0,1,0,0,0,0.27999425350430396
0.003,0.73,8,0,1,0,0,0,0.2699931730902023
0.003,0.74,8,0,1,0,0,0,0.25999436334641535
0.003,0.75,8,0,1,0,0,0,0.24999398165166475
0.003,0.76,8,0,1,0,0,0,0.23999482804887548
0.003,0.77,8,0,1,0,0,0,0.22999483198327617
0.003,0.78,8,0,1,0,0,0,0.2199961796226905
0.003,0.79,8,0,1,0,0,0,0.20999511312506033
0.004,0.0,1,0,0,0,0,1,0.2000052704354374
0.004,0.01,1,0,0,0,0,1,0.200004817659883
0.004,0.02,1,0,0,0,0,1,0.20000537041953176
0.004,0.03,1,0,0,0,0,1,0.20000525943908382
0.004,0.04,1,0,0,0,0,1,0.2000049259760696
0.004,0.05,1,0,0,0,0,1,0.2000052049368898
0.004,0.06,1,0,0,0,0,1,0.20000621510921984
0.004,0.07,1,0,0,0,0,1,0.2000053653555969
0.004,0.08,1,0,0,0,0,1,0.20000541195602808
0.004,0.09,1,0,0,0,0,1,0.20000493674834643
0.004,0.1,1,0,0,0,0,1,0.20000322988688685
0.004,0.11,1,0,0,0,0,1,0.20000316791544723
0.004,0.12,1,0,0,0,0,1,0.2000072121618172
0.004,0.13,1,0,0,0,0,1,0.20000445850307788
0.004,0.14,1,0,0,0,0,1,0.20000454183152025
0.004,0.15,1,0,0,0,0,1,0.20000412209328589
0.004,0.16,1,0,0,0,0,1,0.2000049499298428
0.004,0.17,1,0,0,0,0,1,0.20000450102686565
0.004,0.18,1,0,0,0,0,1,0.20000477844185513
0.004,0.19,1,0,0,0,0,1,0.20000676337978107
0.004,0.2,1,0,0,0,0,1,0.20000626228737275
0.004,0.21,1,0,0,0,0,1,0.20000526904234142
0.004,0.22,1,0,0,0,0,1,0.20000447272556773
0.004,0.23,1,0,0,0,0,1,0.20000429731267622
0.004,0.24,1,0,0,0,0,1,0.2000052922506136
0.004,0.25,1,0,0,0,0,1,0.2000055426987486
0.004,0.26,1,0,0,0,0,1,0.2000038464874835
0.004,0.27,1,0,0,0,0,1,0.2000046439575732
0.004,0.28,1,0,0,0,0,1,0.2000067933158956
0.004,0.29,1,0,0,0,0,1,0.20000433586939834
0.004,0.3,1,0,0,0,0,1,0.20000402480032212
0.004,0.31,1,0,0,0,0,1,0.20000532306341365
0.004,0.32,1,0,0,0,0,1,0.19999388999592688
0.004,0.33,1,0,0,0,0,1,0.19999523896382332
0.004,0.34,1,0,0,0,0,1,0.19999505918906058
0.004,0.35000000000000003,1,0,0,0,0,1,0.1999950606955636
0.004,0.36,1,0,0,0,0,1,0.19999508365933083
0.004,0.37,1,0,0,0,0,1,0.19999412107586015
0.004,0.38,1,0,0,0,0,1,0.19999667284374778
0.004,0.39,1,0,0,0,0,1,0.19999609236738583
0.004,0.4,1,0,0,0,0,1,0.19999485414591314
0.004,0.41000000000000003,1,0,0,0,0,1,0.19999592503841296
0.004,0.42,1,0,0,0,0,1,0.1999956931854726
0.004,0.43,1,0,0,0,0,1,0.19999611646168317
0.004,0.44,1,0,0,0,0,1,0.1999968699916594
0.004,0.45,1,0,0,0,0,1,0.19999549164485456
0.004,0.46,1,0,0,0,0,1,0.19999522408846374
0.004,0.47000000000000003,1,0,0,0,0,1,0.1999957530768186
0.004,0.48,1,0,0,0,0,1,0.19999541499747905
0.004,0.49,1,0,0,0,0,1,0.1999951085762425
0.004,0.5,1,0,0,0,0,1,0.1999953112539767
0.004,0.51,1,0,0,0,0,1,0.19999518220457327
0.004,0.52,1,0,0,0,0,1,0.19999546178124206
0.004,0.53,1,0,0,0,0,1,0.19999596807985914
0.004,0.54,1,0,0,0,0,1,0.1999963029513665
0.004,0.55,1,0,0,0,0,1,0.19999667123749737
0.004,0.56,1,0,0,0,0,1,0.19999505138010573
0.004,0.5700000000000001,1,0,0,0,0,1,0.1999939822984447
0.004,0.58,1,0,0,0,0,1,0.19999545050554218
0.004,0.59,1,0,0,0,0,1,0.19999649593930563
0.004,0.6,1,0,0,0,0,1,0.1999950832322728
0.004,0.61,1,0,0,0,0,1,0.19999399596051887
0.004,0.62,1,0,0,0,0,1,0.19999459954287271
0.004,0.63,1,0,0,0,0,1,0.19999660450789433
0.004,0.64,1,0,0,0,0,1,0.19999616853442212
0.004,0.65,1,0,0,0,0,1,0.20000588392117055
0.004,0.66,1,0,0,0,0,1,0.19999516924713076
0.004,0.67,1,0,0,0,0,1,0.19999569919843033
0.004,0.68,1,0,0,0,0,1,0.2000062513473262
0.004,0.6900000000000001,1,0,0,0,0,1,0.19999570206494208
0.004,0.7000000000000001,1,0,0,0,0,1,0.19999448911347195
0.004,0.71,1,0,0,0,0,1,0.19999612226852195
0.004,0.72,1,0,0,0,0,1,0.1999955719356772
0.004,0.73,8,0,1,0,0,0,0.26999432507213894
0.004,0.74,8,0,1,0,0,0,0.2599949564711516
0.004,0.75,8,0,1,0,0,0,0.24999492405784704
0.004,0.76,8,0,1,0,0,0,0.23999362477601024
0.004,0.77,8,0,1,0,0,0,0.22999502942933764
0.004,0.78,8,0,1,0,0,0,0.21999551752565843
0.004,0.79,8,0,1,0,0,0,0.20999591286398175
0.005,0.0,1,0,0,0,0,1,0.20000547977860852
0.005,0.01,1,0,0,0,0,1,0.20000506673635055
0.005,0.02,1,0,0,0,0,1,0.2000053273809506
0.005,0.03,1,0,0,0,0,1,0.2000046201137187
0.005,0.04,1,0,0,0,0,1,0.20000472946605274
0.005,0.05,1,0,0,0,0,1,0.20000502722496843
0.005,0.06,1,0,0,0,0,1,0.20000487047715318
0.005,0.07,1,0,0,0,0,1,0.2000052659943502
0.005,0.08,1,0,0,0,0,1,0.20000605783466494
0.005,0.09,1,0,0,0,0,1,0.20000300610755056
0.005,0.1,1,0,0,0,0,1,0.20000394418997536
0.005,0.11,1,0,0,0,0,1,0.20000443302171766
0.005,0.12,1,0,0,0,0,1,0.20000396928243094
0.005,0.13,1,0,0,0,0,1,0.20000625062614652
0.005,0.14,1,0,0,0,0,1,0.20000666135141837
0.005,0.15,1,0,0,0,0,1,0.20000534737638914
0.005,0.16,1,0,0,0,0,1,0.20000399806258864
0.005,0.17,1,0,0,0,0,1,0.2000047387079628
0.005,0.18,1,0,0,0,0,1,0.20000574181434982
0.005,0.19,1,0,0,0,0,1,0.20000533871901052
0.005,0.2,1,0,0,0,0,1,0.20000531078081327
0.005,0.21,1,0,0,0,0,1,0.2000046487426706
0.005,0.22,1,0,0,0,0,1,0.200004730326421
0.005,0.23,1,0,0,0,0,1,0.20000502028960937
0.005,0.24,1,0,0,0,0,1,0.20000507680776697
0.005,0.25,1,0,0,0,0,1,0.20000569349359773
0.005,0.26,1,0,0,0,0,1,0.20000540105966508
0.005,0.27,1,0,0,0,0,1,0.20000405832075688
0.005,0.28,1,0,0,0,0,1,0.20000426337169383
0.005,0.29,1,0,0,0,0,1,0.20000570589812075
0.005,0.3,1,0,0,0,0,1,0.20000464904058812
0.005,0.31,1,0,0,0,0,1,0.20000617848279853
0.005,0.32,1,0,0,0,0,1,0.19999486425404275
0.005,0.33,1,0,0,0,0,1,0.1999953528557193
0.005,0.34,1,0,0,0,0,1,0.19999645135688982
0.005,0.35000000000000003,1,0,0,0,0,1,0.19999325017140737
0.005,0.36,1,0,0,0,0,1,0.1999950908956147
0.005,0.37,1,0,0,0,0,1,0.19999674060981937
0.005,0.38,1,0,0,0,0,1,0.19999574524239225
0.005,0.39,1,0,0,0,0,1,0.1999948693331462
0.005,0.4,1,0,0,0,0,1,0.19999481695251398
0.005,0.41000000000000003,1,0,0,0,0,1,0.19999522229683142
0.005,0.42,1,0,0,0,0,1,0.19999496133168163
0.005,0.43,1,0,0,0,0,1,0.19999422235137362
0.005,0.44,1,0,0,0,0,1,0.19999710887447808
0.005,0.45,1,0,0,0,0,1,0.19999498636119334
0.005,0.46,1,0,0,0,0,1,0.19999526410066149
0.005,0.47000000000000003,1,0,0,0,0,1,0.19999606293995875
0.005,0.48,1,0,0,0,0,1,0.19999506356481467
0.005,0.49,1,0,0,0,0,1,0.1999951887177727
0.005,0.5,1,0,0,0,0,1,0.1999962121270522
0.005,0.51,1,0,0,0,0,1,0.19999603413187214
0.005,0.52,1,0,0,0,0,1,0.19999319736958202
0.005,0.53,1,0,0,0,0,1,0.1999965438275445
0.005,0.54,1,0,0,0,0,1,0.1999954456264398
0.005,0.55,1,0,0,0,0,1,0.1999958347501573
0.005,0.56,1,0,0,0,0,1,0.1999957484526537
0.005,0.5700000000000001,1,0,0,0,0,1,0.19999616760636707
0.005,0.58,1,0,0,0,0,1,0.19999368458188527
0.005,0.59,1,0,0,0,0,1,0.19999614174178865
0.005,0.6,1,0,0,0,0,1,0.19999577421558942
0.005,0.61,1,0,0,0,0,1,0.199994325538221
0.005,0.62,1,0,0,0,0,1,0.19999379356055202
0.005,0.63,1,0,0,0,0,1,0.19999522294092067
0.005,0.64,1,0,0,0,0,1,0.20000475562544082
0.005,0.65,1,0,0,0,0,1,0.200003845025055
0.005,0.66,1,0,0,0,0,1,0.19999684260958653
0.005,0.67,1,0,0,0,0,1,0.20000505974224103
0.005,0.68,1,0,0,0,0,1,0.19999509014482875
0.005,0.6900000000000001,1,0,0,0,0,1,0.20000525047879644
0.005,0.7000000000000001,1,0,0,0,0,1,0.2000057575195084
0.005,0.71,1,0,0,0,0,1,0.2000048532598893
0.005,0.72,1,0,0,0,0,1,0.1999947896608731
0.005,0.73,8,0,1,0,0,0,0.26999391548025103
0.005,0.74,8,0,1,0,0,0,0.2599947030699588
0.005,0.75,8,0,1,0,0,0,0.24999252994931284
0.005,0.76,8,0,1,0,0,0,0.23999450945928275
0.005,0.77,8,0,1,0,0,0,0.22999553503635653
0.005,0.78,8,0,1,0,0,0,0.21999472281229354
0.005,0.79,8,0,1,0,0,0,0.20999512006694795
0.006,0.0,1,0,0,0,0,1,0.20000489174219335
0.006,0.01,1,0,0,0,0,1,0.20000655766669556
0.006,0.02,1,0,0,0,0,1,0.20000475835211326
0.006,0.03,1,0,0,0,0,1,0.20000477649570034
0.006,0.04,1,0,0,0,0,1,0.20000490625495423
0.006,0.05,1,0,0,0,0,1,0.20000480094652373
0.006,0.06,1,0,0,0,0,1,0.20000554803689624
0.006,0.07,1,0,0,0,0,1,0.200007250883088
0.006,0.08,1,0,0,0,0,1,0.20000502848747057
0.006,0.09,1,0,0,0,0,1,0.20000410949962175
0.006,0.1,1,0,0,0,0,1,0.2000050232454125
0.006,0.11,1,0,0,0,0,1,0.2000033454030328
0.006,0.12,1,0,0,0,0,1,0.20000485876988913
0.006,0.13,1,0,0,0,0,1,0.20000607237708393
0.006,0.14,1,0,0,0,0,1,0.20000447606329252
0.006,0.15,1,0,0,0,0,1,0.20000447524311898
0.006,0.16,1,0,0,0,0,1,0.20000467191376717
0.006,0.17,1,0,0,0,0,1,0.2000048988711117
0.006,0.18,1,0,0,0,0,1,0.20000400497173662
0.006,0.19,1,0,0,0,0,1,0.2000058081293602
0.006,0.2,1,0,0,0,0,1,0.20000677644183087
0.006,0.21,1,0,0,0,0,1,0.20000543986285596
0.006,0.22,1,0,0,0,0,1,0.2000048338081429
0.006,0.23,1,0,0,0,0,1,0.2000044417491553
0.006,0.24,1,0,0,0,0,1,0.20000565398987552
0.006,0.25,1,0,0,0,0,1,0.20000584567952795
0.006,0.26,1,0,0,0,0,1,0.200004426197464
0.006,0.27,1,0,0,0,0,1,0.20000502594702968
0.006,0.28,1,0,0,0,0,1,0.20000342473540078
0.006,0.29,1,0,0,0,0,1,0.2000058468940862
0.006,0.3,1,0,0,0,0,1,0.200003968527491
0.006,0.31,1,0,0,0,0,1,0.19999491406599473
0.006,0.32,1,0,0,0,0,1,0.1999952557806913
0.006,0.33,1,0,0,0,0,1,0.1999949697315047
0.006,0.34,1,0,0,0,0,1,0.19999423982853007
0.006,0.35000000000000003,1,0,0,0,0,1,0.19999530757072193
0.006,0.36,1,0,0,0,0,1,0.19999517125593116
0.006,0.37,1,0,0,0,0,1,0.19999503777294
0.006,0.38,1,0,0,0,0,1,0.19999554389498161
0.006,0.39,1,0,0,0,0,1,0.1999963495047438
0.006,0.4,1,0,0,0,0,1,0.19999478980151375
0.006,0.41000000000000003,1,0,0,0,0,1,0.19999592580910652
0.006,0.42,1,0,0,0,0,1,0.19999610915528013
0.006,0.43,1,0,0,0,0,1,0.19999581814768758
0.006,0.44,1,0,0,0,0,1,0.19999577794213982
0.006,0.45,1,0,0,0,0,1,0.19999619797941884
0.006,0.46,1,0,0,0,0,1,0.19999663790838573
0.006,0.47000000000000003,1,0,0,0,0,1,0.1999958429938197
0.006,0.48,1,0,0,0,0,1,0.1999951525336387
0.006,0.49,1,0,0,0,0,1,0.1999953728253456
0.006,0.5,1,0,0,0,0,1,0.1999952863358426
0.006,0.51,1,0,0,0,0,1,0.19999673570920587
0.006,0.52,1,0,0,0,0,1,0.1999962626602731
0.006,0.53,1,0,0,0,0,1,0.19999361361149512
0.006,0.54,1,0,0,0,0,1,0.1999931851568764
0.006,0.55,1,0,0,0,0,1,0.19999520765651457
0.006,0.56,1,0,0,0,0,1,0.19999624035075075
0.006,0.5700000000000001,1,0,0,0,0,1,0.19999547435365786
0.006,0.58,1,0,0,0,0,1,0.19999510936214257
0.006,0.59,1,0,0,0,0,1,0.19999548927557664
0.006,0.6,1,0,0,0,0,1,0.19999499400721393
0.006,0.61,1,0,0,0,0,1,0.1999955341874466
0.006,0.62,1,0,0,0,0,1,0.19999339693165685
0.006,0.63,1,0,0,0,0,1,0.19999366814523145
0.006,0.64,1,0,0,0,0,1,0.20000404393512927
0.006,0.65,1,0,0,0,0,1,0.19999563841899426
0.006,0.66,1,0,0,0,0,1,0.2000065663400016
0.006,0.67,1,0,0,0,0,1,0.20000678209417844
0.006,0.68,1,0,0,0,0,1,0.19999544739970523
0.006,0.6900000000000001,1,0,0,0,0,1,0.20000528613922042
0.006,0.7000000000000001,1,0,0,0,0,1,0.20000455647659673
0.006,0.71,1,0,0,0,0,1,0.20000500043673664
0.006,0.72,1,0,0,0,0,1,0.1999953534942148
0.006,0.73,8,0,1,0,0,0,0.269993251778636
0.006,0.74,8,0,1,0,0,0,0.2599947410830169
0.006,0.75,8,0,1,0,0,0,0.24999467596286132
0.006,0.76,8,0,1,0,0,0,0.23999438301249593
0.006,0.77,8,0,1,0,0,0,0.22999614184768216
0.006,0.78,8,0,1,0,0,0,0.21999515988633783
0.006,0.79,8,0,1,0,0,0,0.2099953531798195
0.007,0.0,1,0,0,0,0,1,0.20000498009999407
0.007,0.01,1,0,0,0,0,1,0.20000536380261297
0.007,0.02,1,0,0,0,0,1,0.2000049256121796
0.007,0.03,1,0,0,0,0,1,0.20000540222242374
0.007,0.04,1,0,0,0,0,1,0.20000518104189302
0.007,0.05,1,0,0,0,0,1,0.20000488800478974
0.007,0.06,1,0,0,0,0,1,0.20000485083908137
0.007,0.07,1,0,0,0,0,1,0.20000600359661186
0.007,0.08,1,0,0,0,0,1,0.20000555400537687
0.007,0.09,1,0,0,0,0,1,0.2000059896621466
0.007,0.1,1,0,0,0,0,1,0.20000497537331408
0.007,0.11,1,0,0,0,0,1,0.2000047607339954
0.007,0.12,1,0,0,0,0,1,0.20000448216665803
0.007,0.13,1,0,0,0,0,1,0.20000695408269356
0.007,0.14,1,0,0,0,0,1,0.20000631295743923
0.007,0.15,1,0,0,0,0,1,0.2000055582155057
0.007,0.16,1,0,0,0,0,1,0.2000057261017301
0.007,0.17,1,0,0,0,0,1,0.2000039889537947
0.007,0.18,1,0,0,0,0,1,0.20000447997681575
0.007,0.19,1,0,0,0,0,1,0.20000609321799426
0.007,0.2,1,0,0,0,0,1,0.20000787272378948
0.007,0.21,1,0,0,0,0,1,0.2000045808952735
0.007,0.22,1,0,0,0,0,1,0.20000584146393138
0.007,0.23,1,0,0,0,0,1,0.20000387036572728
0.007,0.24,1,0,0,0,0,1,0.20000453104321625
0.007,0.25,1,0,0,0,0,1,0.20000514759812635
0.007,0.26,1,0,0,0,0,1,0.20000570966078532
0.007,0.27,1,0,0,0,0,1,0.20000467343814243
0.007,0.28,1,0,0,0,0,1,0.2000047053763468
0.007,0.29,1,0,0,0,0,1,0.20000451401622396
0.007,0.3,1,0,0,0,0,1,0.20000536191902732
0.007,0.31,1,0,0,0,0,1,0.20000695328366
0.007,0.32,1,0,0,0,0,1,0.19999622023296437
0.007,0.33,1,0,0,0,0,1,0.1999950077598537
0.007,0.34,1,0,0,0,0,1,0.1999966564132173
0.007,0.35000000000000003,1,0,0,0,0,1,0.19999471321697132
0.007,0.36,1,0,0,0,0,1,0.19999595722325716
0.007,0.37,1,0,0,0,0,1,0.1999939737449005
0.007,0.38,1,0,0,0,0,1,0.1999933491428695
0.007,0.39,1,0,0,0,0,1,0.19999452072728835
0.007,0.4,1,0,0,0,0,1,0.19999503764193857
0.007,0.41000000000000003,1,0,0,0,0,1,0.19999589168641696
0.007,0.42,1,0,0,0,0,1,0.19999513541132163
0.007,0.43,1,0,0,0,0,1,0.19999616896902303
0.007,0.44,1,0,0,0,0,1,0.19999735338204352
0.007,0.45,1,0,0,0,0,1,0.19999484070850282
0.007,0.46,1,0,0,0,0,1,0.19999729342003153
0.007,0.47000000000000003,1,0,0,0,0,1,0.1999950028791613
0.007,0.48,1,0,0,0,0,1,0.19999614283243528
0.007,0.49,1,0,0,0,0,1,0.19999604535805302
0.007,0.5,1,0,0,0,0,1,0.19999554505360287
0.007,0.51,1,0,0,0,0,1,0.19999516329378528
0.007,0.52,1,0,0,0,0,1,0.1999955147257594
0.007,0.53,1,0,0,0,0,1,0.1999948695602502
0.007,0.54,1,0,0,0,0,1,0.19999594254162367
0.007,0.55,1,0,0,0,0,1,0.1999956883080939
0.007,0.56,1,0,0,0,0,1,0.19999585111204754
0.007,0.5700000000000001,1,0,0,0,0,1,0.19999593828432388
0.007,0.58,1,0,0,0,0,1,0.19999596349666698
0.007,0.59,1,0,0,0,0,1,0.19999300798133035
0.007,0.6,1,0,0,0,0,1,0.19999254698015292
0.007,0.61,1,0,0,0,0,1,0.19999499402384535
0.007,0.62,1,0,0,0,0,1,0.19999509544288324
0.007,0.63,1,0,0,0,0,1,0.1999955812519054
0.007,0.64,1,0,0,0,0,1,0.19999561930532317
0.007,0.65,1,0,0,0,0,1,0.20000449598319947
0.007,0.66,1,0,0,0,0,1,0.19999486656236623
0.007,0.67,1,0,0,0,0,1,0.1999961413790961
0.007,0.68,1,0,0,0,0,1,0.20000509879279563
0.007,0.6900000000000001,1,0,0,0,0,1,0.20000477498862054
0.007,0.7000000000000001,1,0,0,0,0,1,0.20000483231642138
0.007,0.71,1,0,0,0,0,1,0.1999957775253198
0.007,0.72,1,0,0,0,0,1,0.1999956531105722
0.007,0.73,8,0,1,0,0,0,0.2699935597405935
0.007,0.74,8,0,1,0,0,0,0.2599952009325509
0.007,0.75,8,0,1,0,0,0,0.2499948666765088
0.007,0.76,8,0,1,0,0,0,0.2399957217526421
0.007,0.77,8,0,1,0,0,0,0.22999484484202293
0.007,0.78,8,0,1,0,0,0,0.2199947026130585
0.007,0.79,8,0,1,0,0,0,0.2099959064646523
0.008,0.0,1,0,0,0,0,1,0.20000496723198388
0.008,0.01,1,0,0,0,0,1,0.20000649875965537
0.008,0.02,1,0,0,0,0,1,0.2000041019244789
0.008,0.03,1,0,0,0,0,1,0.20000620034807226
0.008,0.04,1,0,0,0,0,1,0.20000464408005933
0.008,0.05,1,0,0,0,0,1,0.2000047081142657
0.008,0.06,1,0,0,0,0,1,0.20000501405119148
0.008,0.07,1,0,0,0,0,1,0.2000045165543022
0.008,0.08,1,0,0,0,0,1,0.2000053467025195
0.008,0.09,1,0,0,0,0,1,0.20000495442313546
0.008,0.1,1,0,0,0,0,1,0.2000033353932321
0.008,0.11,1,0,0,0,0,1,0.2000040752338998
0.008,0.12,1,0,0,0,0,1,0.2000045619130561
0.008,0.13,1,0,0,0,0,1,0.20000692656535293
0.008,0.14,1,0,0,0,0,1,0.20000603992084062
0.008,0.15,1,0,0,0,0,1,0.2000054718217375
0.008,0.16,1,0,0,0,0,1,0.20000382693419097
0.008,0.17,1,0,0,0,0,1,0.20000526745030006
0.008,0.18,1,0,0,0,0,1,0.20000524848581377
0.008,0.19,1,0,0,0,0,1,0.20000401330292827
0.008,0.2,1,0,0,0,0,1,0.20000776981635343
0.008,0.21,1,0,0,0,0,1,0.20000685298924087
0.008,0.22,1,0,0,0,0,1,0.20000479956404735
0.008,0.23,1,0,0,0,0,1,0.20000443533535212
0.008,0.24,1,0,0,0,0,1,0.20000492136364578
0.008,0.25,1,0,0,0,0,1,0.2000044874426573
0.008,0.26,1,0,0,0,0,1,0.20000582020629837
0.008,0.27,1,0,0,0,0,1,0.20000618624836342
0.008,0.28,1,0,0,0,0,1,0.20000475319632335
0.008,0.29,1,0,0,0,0,1,0.20000478962761686
0.008,0.3,1,0,0,0,0,1,0.20000584209160532
0.008,0.31,1,0,0,0,0,1,0.20000760960485
0.008,0.32,1,0,0,0,0,1,0.19999397251851006
0.008,0.33,1,0,0,0,0,1,0.19999498948948286
0.008,0.34,1,0,0,0,0,1,0.19999409727665765
0.008,0.35000000000000003,1,0,0,0,0,1,0.1999954352855136
0.008,0.36,1,0,0,0,0,1,0.19999401947075507
0.008,0.37,1,0,0,0,0,1,0.19999666033043073
0.008,0.38,1,0,0,0,0,1,0.19999582354067716
0.008,0.39,1,0,0,0,0,1,0.19999344674088657
0.008,0.4,1,0,0,0,0,1,0.19999499790310366
0.008,0.41000000000000003,1,0,0,0,0,1,0.19999568777598684
0.008,0.42,1,0,0,0,0,1,0.19999729972645156
0.008,0.43,1,0,0,0,0,1,0.1999958484505944
0.008,0.44,1,0,0,0,0,1,0.1999956549787491
0.008,0.45,1,0,0,0,0,1,0.19999568702954656
0.008,0.46,1,0,0,0,0,1,0.19999616072123863
0.008,0.47000000000000003,1,0,0,0,0,1,0.1999956624045852
0.008,0.48,1,0,0,0,0,1,0.19999486237419734
0.008,0.49,1,0,0,0,0,1,0.19999545172017427
0.008,0.5,1,0,0,0,0,1,0.19999498864988585
0.008,0.51,1,0,0,0,0,1,0.1999950721444859
0.008,0.52,1,0,0,0,0,1,0.19999508554343498
0.008,0.53,1,0,0,0,0,1,0.1999954659610401
0.008,0.54,1,0,0,0,0,1,0.19999321131151507
0.008,0.55,1,0,0,0,0,1,0.19999333101278755
0.008,0.56,1,0,0,0,0,1,0.19999586146498044
0.008,0.5700000000000001,1,0,0,0,0,1,0.19999548302048756
0.008,0.58,1,0,0,0,0,1,0.19999592417415282
0.008,0.59,1,0,0,0,0,1,0.1999948505219771
0.008,0.6,1,0,0,0,0,1,0.1999953081972079
0.008,0.61,1,0,0,0,0,1,0.1999968342773557
0.008,0.62,1,0,0,0,0,1,0.19999616902275838
0.008,0.63,1,0,0,0,0,1,0.20000522232131612
0.008,0.64,1,0,0,0,0,1,0.19999528624319968
0.008,0.65,1,0,0,0,0,1,0.20000564003962065
0.008,0.66,1,0,0,0,0,1,0.20000546214712955
0.008,0.67,1,0,0,0,0,1,0.20000553328076603
0.008,0.68,1,0,0,0,0,1,0.20000512053801314
0.008,0.6900000000000001,1,0,0,0,0,1,0.20000740345371115
0.008,0.7000000000000001,1,0,0,0,0,1,0.2000050757628793
0.008,0.71,1,0,0,0,0,1,0.20000589476192746
0.008,0.72,1,0,0,0,0,1,0.19999537763344627
0.008,0.73,8,0,1,0,0,0,0.2699938524284096
0.008,0.74,8,0,1,0,0,0,0.2599939891839482
0.008,0.75,8,0,1,0,0,0,0.2499949395211061
0.008,0.76,8,0,1,0,0,0,0.23999428063750924
0.008,0.77,8,0,1,0,0,0,0.22999542540643098
0.008,0.78,8,0,1,0,0,0,0.21999529971645357
0.008,0.79,8,0,1,0,0,0,0.20999366167488223
0.009000000000000001,0.0,1,0,0,0,0,1,0.20000773980547595
0.009000000000000001,0.01,1,0,0,0,0,1,0.2000049445441384
0.009000000000000001,0.02,1,0,0,0,0,1,0.2000039911621694
0.009000000000000001,0.03,1,0,0,0,0,1,0.20000555105741438
0.009000000000000001,0.04,1,0,0,0,0,1,0.2000048044568733
0.009000000000000001,0.05,1,0,0,0,0,1,0.200004886690805
0.009000000000000001,0.06,1,0,0,0,0,1,0.20000475914379032
0.009000000000000001,0.07,1,0,0,0,0,1,0.2000047100909656
0.009000000000000001,0.08,1,0,0,0,0,1,0.20000749284178054
0.009000000000000001,0.09,1,0,0,0,0,1,0.2000053730857877
0.009000000000000001,0.1,1,0,0,0,0,1,0.2000043738228107
0.009000000000000001,0.11,1,0,0,0,0,1,0.20000575592920863
0.009000000000000001,0.12,1,0,0,0,0,1,0.20000356371516115
0.009000000000000001,0.13,1,0,0,0,0,1,0.20000371487456778
0.009000000000000001,0.14,1,0,0,0,0,1,0.20000578380827447
0.009000000000000001,0.15,1,0,0,0,0,1,0.20000436036389402
0.009000000000000001,0.16,1,0,0,0,0,1,0.20000454298825382
0.009000000000000001,0.17,1,0,0,0,0,1,0.20000478902858054
0.009000000000000001,0.18,1,0,0,0,0,1,0.2000040500260528
0.009000000000000001,0.19,1,0,0,0,0,1,0.2000045638774202
0.009000000000000001,0.2,1,0,0,0,0,1,0.20000436876204275
0.009000000000000001,0.21,1,0,0,0,0,1,0.20000532451023215
0.009000000000000001,0.22,1,0,0,0,0,1,0.20000658095760296
0.009000000000000001,0.23,1,0,0,0,0,1,0.20000539329829467
0.009000000000000001,0.24,1,0,0,0,0,1,0.20000372624246585
0.009000000000000001,0.25,1,0,0,0,0,1,0.20000477680418863
0.009000000000000001,0.26,1,0,0,0,0,1,0.20000522492748013
0.009000000000000001,0.27,1,0,0,0,0,1,0.20000557011729525
0.009000000000000001,0.28,1,0,0,0,0,1,0.20000522934705506
0.009000000000000001,0.29,1,0,0,0,0,1,0.20000457908484726
0.009000000000000001,0.3,1,0,0,0,0,1,0.20000556015374868
0.009000000000000001,0.31,1,0,0,0,0,1,0.20000649812268162
0.009000000000000001,0.32,1,0,0,0,0,1,0.19999575595831498
0.009000000000000001,0.33,1,0,0,0,0,1,0.19999433388692828
0.009000000000000001,0.34,1,0,0,0,0,1,0.19999604651970826
0.009000000000000001,0.35000000000000003,1,0,0,0,0,1,0.1999954376178548
0.009000000000000001,0.36,1,0,0,0,0,1,0.19999636850885663
0.009000000000000001,0.37,1,0,0,0,0,1,0.19999594182295471
0.009000000000000001,0.38,1,0,0,0,0,1,0.19999471955620082
0.009000000000000001,0.39,1,0,0,0,0,1,0.19999602852393086
0.009000000000000001,0.4,1,0,0,0,0,1,0.19999591638138325
0.009000000000000001,0.41000000000000003,1,0,0,0,0,1,0.19999574157651717
0.009000000000000001,0.42,1,0,0,0,0,1,0.199995553048028
0.009000000000000001,0.43,1,0,0,0,0,1,0.19999535963750817
0.009000000000000001,0.44,1,0,0,0,0,1,0.19999297369494262
0.009000000000000001,0.45,1,0,0,0,0,1,0.19999529134051863
0.009000000000000001,0.46,1,0,0,0,0,1,0.19999578853281585
0.009000000000000001,0.47000000000000003,1,0,0,0,0,1,0.1999954250227538
0.009000000000000001,0.48,1,0,0,0,0,1,0.19999610941915058
0.009000000000000001,0.49,1,0,0,0,0,1,0.1999949030673301
0.009000000000000001,0.5,1,0,0,0,0,1,0.19999456196548784
0.009000000000000001,0.51,1,0,0,0,0,1,0.19999583583456323
0.009000000000000001,0.52,1,0,0,0,0,1,0.19999434435568034
0.009000000000000001,0.53,1,0,0,0,0,1,0.1999945784258212
0.009000000000000001,0.54,1,0,0,0,0,1,0.19999406156479047
0.009000000000000001,0.55,1,0,0,0,0,1,0.19999596371479342
0.009000000000000001,0.56,1,0,0,0,0,1,0.19999733387400256
0.009000000000000001,0.5700000000000001,1,0,0,0,0,1,0.19999569412085066
0.009000000000000001,0.58,1,0,0,0,0,1,0.1999961633740383
0.009000000000000001,0.59,1,0,0,0,0,1,0.19999625752174022
0.009000000000000001,0.6,1,0,0,0,0,1,0.19999362033102233
0.009000000000000001,0.61,1,0,0,0,0,1,0.19999634430124733
0.009000000000000001,0.62,1,0,0,0,0,1,0.19999497162374685
0.009000000000000001,0.63,1,0,0,0,0,1,0.199994481970483
0.009000000000000001,0.64,1,0,0,0,0,1,0.19999485337866685
0.009000000000000001,0.65,1,0,0,0,0,1,0.20000512033844292
0.009000000000000001,0.66,1,0,0,0,0,1,0.19999621801278986
0.009000000000000001,0.67,1,0,0,0,0,1,0.20000615054352588
0.009000000000000001,0.68,1,0,0,0,0,1,0.20000472975212488
0.009000000000000001,0.6900000000000001,1,0,0,0,0,1,0.20000476385169808
0.009000000000000001,0.7000000000000001,1,0,0,0,0,1,0.19999529443376726
0.009000000000000001,0.71,1,0,0,0,0,1,0.2000055139379382
0.009000000000000001,0.72,1,0,0,0,0,1,0.199995194579008
0.009000000000000001,0.73,1,0,0,0,0,1,0.19999565891926235
0.009000000000000001,0.74,8,0,1,0,0,0,0.2599934450564234
0.009000000000000001,0.75,8,0,1,0,0,0,0.24999480930403337
0.009000000000000001,0.76,8,0,1,0,0,0,0.23999354335163067
0.009000000000000001,0.77,8,0,1,0,0,0,0.22999454172775086
0.009000000000000001,0.78,8,0,1,0,0,0,0.21999461549527874
0.009000000000000001,0.79,8,0,1,0,0,0,0.20999541945296488
0.01,0.0,1,0,0,0,0,1,0.20000550331293854
0.01,0.01,1,0,0,0,0,1,0.20000503137665104
0.01,0.02,1,0,0,0,0,1,0.20000542653389358
0.01,0.03,1,0,0,0,0,1,0.20000504969075492
0.01,0.04,1,0,0,0,0,1,0.2000054680784497
0.01,0.05,1,0,0,0,0,1,0.20000511344449345
0.01,0.06,1,0,0,0,0,1,0.20000486112583732
0.01,0.07,1,0,0,0,0,1,0.2000045203772369
0.01,0.08,1,0,0,0,0,1,0.20000565569145515
0.01,0.09,1,0,0,0,0,1,0.20000724049305257
0.01,0.1,1,0,0,0,0,1,0.20000636148655043
0.01,0.11,1,0,0,0,0,1,0.20000513944873546
0.01,0.12,1,0,0,0,0,1,0.2000053800545155
0.01,0.13,1,0,0,0,0,1,0.20000463988869563
0.01,0.14,1,0,0,0,0,1,0.20000657295523427
0.01,0.15,1,0,0,0,0,1,0.20000613063323694
0.01,0.16,1,0,0,0,0,1,0.20000549115718155
0.01,0.17,1,0,0,0,0,1,0.20000625952823656
0.01,0.18,1,0,0,0,0,1,0.20000412268912504
0.01,0.19,1,0,0,0,0,1,0.20000467887993745
0.01,0.2,1,0,0,0,0,1,0.20000402787571425
0.01,0.21,1,0,0,0,0,1,0.20000542379425282
0.01,0.22,1,0,0,0,0,1,0.20000605658703877
0.01,0.23,1,0,0,0,0,1,0.20000521179704753
0.01,0.24,1,0,0,0,0,1,0.20000429439789327
0.01,0.25,1,0,0,0,0,1,0.2000034970742472
0.01,0.26,1,0,0,0,0,1,0.20000494683831044
0.01,0.27,1,0,0,0,0,1,0.20000570077509822
0.01,0.28,1,0,0,0,0,1,0.20000480994426098
0.01,0.29,1,0,0,0,0,1,0.20000643092403997
0.01,0.3,1,0,0,0,0,1,0.20000645003512482
0.01,0.31,1,0,0,0,0,1,0.20000507851589494
0.01,0.32,1,0,0,0,0,1,0.19999620971647483
0.01,0.33,1,0,0,0,0,1,0.19999517970757882
0.01,0.34,1,0,0,0,0,1,0.1999958391728097
0.01,0.35000000000000003,1,0,0,0,0,1,0.19999509992091252
0.01,0.36,1,0,0,0,0,1,0.19999541112648453
0.01,0.37,1,0,0,0,0,1,0.1999960533484076
0.01,0.38,1,0,0,0,0,1,0.19999497644131606
0.01,0.39,1,0,0,0,0,1,0.19999610814254895
0.01,0.4,1,0,0,0,0,1,0.1999931866222093
0.01,0.41000000000000003,1,0,0,0,0,1,0.1999951022440805
0.01,0.42,1,0,0,0,0,1,0.19999555317367482
0.01,0.43,1,0,0,0,0,1,0.19999460478219824
0.01,0.44,1,0,0,0,0,1,0.1999961541812661
0.01,0.45,1,0,0,0,0,1,0.19999534412735165
0.01,0.46,1,0,0,0,0,1,0.19999563479651994
0.01,0.47000000000000003,1,0,0,0,0,1,0.19999584406239582
0.01,0.48,1,0,0,0,0,1,0.19999540242070843
0.01,0.49,1,0,0,0,0,1,0.19999680176982784
0.01,0.5,1,0,0,0,0,1,0.19999364074601916
0.01,0.51,1,0,0,0,0,1,0.19999611073197965
0.01,0.52,1,0,0,0,0,1,0.19999496474832543
0.01,0.53,1,0,0,0,0,1,0.1999958395960828
0.01,0.54,1,0,0,0,0,1,0.1999957597600363
0.01,0.55,1,0,0,0,0,1,0.19999546275659846
0.01,0.56,1,0,0,0,0,1,0.19999562865322326
0.01,0.5700000000000001,1,0,0,0,0,1,0.1999969590064485
0.01,0.58,1,0,0,0,0,1,0.1999958973114642
0.01,0.59,1,0,0,0,0,1,0.199995466727148
0.01,0.6,1,0,0,0,0,1,0.1999954475816838
0.01,0.61,1,0,0,0,0,1,0.19999441175283256
0.01,0.62,1,0,0,0,0,1,0.1999962540261107
0.01,0.63,1,0,0,0,0,1,0.199996572745133
0.01,0.64,1,0,0,0,0,1,0.19999562307200422
0.01,0.65,1,0,0,0,0,1,0.2000044654519636
0.01,0.66,1,0,0,0,0,1,0.1999960762094307
0.01,0.67,1,0,0,0,0,1,0.19999672718496578
0.01,0.68,1,0,0,0,0,1,0.19999524335930266
0.01,0.6900000000000001,1,0,0,0,0,1,0.20000554923482183
0.01,0.7000000000000001,1,0,0,0,0,1,0.20000645830375255
0.01,0.71,1,0,0,0,0,1,0.20000509636143834
0.01,0.72,1,0,0,0,0,1,0.19999569795665734
0.01,0.73,1,0,0,0,0,1,0.19999494974172052
0.01,0.74,8,0,1,0,0,0,0.259993906781814
0.01,0.75,8,0,1,0,0,0,0.24999323032422172
0.01,0.76,8,0,1,0,0,0,0.2399946275134433
0.01,0.77,8,0,1,0,0,0,0.22999446179778893
0.01,0.78,8,0,1,0,0,0,0.21999284865794652
0.01,0.79,8,0,1,0,0,0,0.20999591764813358
0.011,0.0,1,0,0,0,0,1,0.20000556924809298
0.011,0.01,1,0,0,0,0,1,0.20000504544990083
0.011,0.02,1,0,0,0,0,1,0.20000668619601672
0.011,0.03,1,0,0,0,0,1,0.20000544654136168
0.011,0.04,1,0,0,0,0,1,0.20000546361272892
0.011,0.05,1,0,0,0,0,1,0.20000583911958342
0.011,0.06,1,0,0,0,0,1,0.20000492139377757
0.011,0.07,1,0,0,0,0,1,0.20000496480110402
0.011,0.08,1,0,0,0,0,1,0.20000509847546682
0.011,0.09,1,0,0,0,0,1,0.20000582005998113
0.011,0.1,1,0,0,0,0,1,0.20000610778853867
0.011,0.11,1,0,0,0,0,1,0.20000366078004417
0.011,0.12,1,0,0,0,0,1,0.20000644340387266
0.011,0.13,1,0,0,0,0,1,0.2000046786593037
0.011,0.14,1,0,0,0,0,1,0.20000303318966114
0.011,0.15,1,0,0,0,0,1,0.2000057422278257
0.011,0.16,1,0,0,0,0,1,0.20000529676796863
0.011,0.17,1,0,0,0,0,1,0.20000555105603912
0.011,0.18,1,0,0,0,0,1,0.20000579760222156
0.011,0.19,1,0,0,0,0,1,0.20000529771633893
0.011,0.2,1,0,0,0,0,1,0.20000393580815154
0.011,0.21,1,0,0,0,0,1,0.20000604797812746
0.011,0.22,1,0,0,0,0,1,0.20000549255024203
0.011,0.23,1,0,0,0,0,1,0.20000500470697277
0.011,0.24,1,0,0,0,0,1,0.2000053631766768
0.011,0.25,1,0,0,0,0,1,0.20000455420868574
0.011,0.26,1,0,0,0,0,1,0.20000509233683064
0.011,0.27,1,0,0,0,0,1,0.2000052955187692
0.011,0.28,1,0,0,0,0,1,0.2000052746611001
0.011,0.29,1,0,0,0,0,1,0.20000304275106998
0.011,0.3,1,0,0,0,0,1,0.2000043611196617
0.011,0.31,1,0,0,0,0,1,0.2000048331804115
0.011,0.32,1,0,0,0,0,1,0.19999619688309814
0.011,0.33,1,0,0,0,0,1,0.19999338864535685
0.011,0.34,1,0,0,0,0,1,0.1999958884618982
0.011,0.35000000000000003,1,0,0,0,0,1,0.19999366881001762
0.011,0.36,1,0,0,0,0,1,0.19999583089425438
0.011,0.37,1,0,0,0,0,1,0.19999617469493688
0.011,0.38,1,0,0,0,0,1,0.19999600705899676
0.011,0.39,1,0,0,0,0,1,0.19999750495272656
0.011,0.4,1,0,0,0,0,1,0.1999931266180201
0.011,0.41000000000000003,1,0,0,0,0,1,0.19999425492404835
0.011,0.42,1,0,0,0,0,1,0.1999949343122035
0.011,0.43,1,0,0,0,0,1,0.19999572121603482
0.011,0.44,1,0,0,0,0,1,0.1999955561877667
0.011,0.45,1,0,0,0,0,1,0.19999611833959766
0.011,0.46,1,0,0,0,0,1,0.19999492677411324
0.011,0.47000000000000003,1,0,0,0,0,1,0.19999615751875116
0.011,0.48,1,0,0,0,0,1,0.1999962147736036
0.011,0.49,1,0,0,0,0,1,0.19999539651588982
0.011,0.5,1,0,0,0,0,1,0.19999314141608693
0.011,0.51,1,0,0,0,0,1,0.19999451516993977
0.011,0.52,1,0,0,0,0,1,0.19999485025174954
0.011,0.53,1,0,0,0,0,1,0.19999334061523574
0.011,0.54,1,0,0,0,0,1,0.1999954654910537
0.011,0.55,1,0,0,0,0,1,0.1999927678465923
0.011,0.56,1,0,0,0,0,1,0.1999957735575796
0.011,0.5700000000000001,1,0,0,0,0,1,0.19999600500493217
0.011,0.58,1,0,0,0,0,1,0.19999422330968636
0.011,0.59,1,0,0,0,0,1,0.1999952573153117
0.011,0.6,1,0,0,0,0,1,0.19999302337063937
0.011,0.61,1,0,0,0,0,1,0.19999593189585174
0.011,0.62,1,0,0,0,0,1,0.19999530734224208
0.011,0.63,1,0,0,0,0,1,0.20000435690444118
0.011,0.64,1,0,0,0,0,1,0.20000508826515476
0.011,0.65,1,0,0,0,0,1,0.19999361767635207
0.011,0.66,1,0,0,0,0,1,0.19999526187949065
0.011,0.67,1,0,0,0,0,1,0.20000562814029282
0.011,0.68,1,0,0,0,0,1,0.20000514353281784
0.011,0.6900000000000001,1,0,0,0,0,1,0.19999576984079417
0.011,0.7000000000000001,1,0,0,0,0,1,0.20000667162188665
0.011,0.71,1,0,0,0,0,1,0.20000508397971214
0.011,0.72,1,0,0,0,0,1,0.1999958151949692
0.011,0.73,1,0,0,0,0,1,0.19999348941481265
0.011,0.74,8,0,1,0,0,0,0.2599939858510973
0.011,0.75,8,0,1,0,0,0,0.24999548056231444
0.011,0.76,8,0,1,0,0,0,0.2399937290937606
0.011,0.77,8,0,1,0,0,0,0.22999267372775598
0.011,0.78,8,0,1,0,0,0,0.21999413918286018
0.011,0.79,8,0,1,0,0,0,0.20999540808079192
0.012,0.0,1,0,0,0,0,1,0.200005592397227
0.012,0.01,1,0,0,0,0,1,0.20000625059233085
0.012,0.02,1,0,0,0,0,1,0.20000554590935463
0.012,0.03,1,0,0,0,0,1,0.20000562648472756
0.012,0.04,1,0,0,0,0,1,0.20000563142802188
0.012,0.05,1,0,0,0,0,1,0.20000514034721426
0.012,0.06,1,0,0,0,0,1,0.20000488531459729
0.012,0.07,1,0,0,0,0,1,0.20000472611657816
0.012,0.08,1,0,0,0,0,1,0.20000462467136376
0.012,0.09,1,0,0,0,0,1,0.20000732900793128
0.012,0.1,1,0,0,0,0,1,0.20000620665703622
0.012,0.11,1,0,0,0,0,1,0.20000461924126356
0.012,0.12,1,0,0,0,0,1,0.20000510262733387
0.012,0.13,1,0,0,0,0,1,0.2000037877077702
0.012,0.14,1,0,0,0,0,1,0.20000487882162152
0.012,0.15,1,0,0,0,0,1,0.200006463686103
0.012,0.16,1,0,0,0,0,1,0.20000415163802612
0.012,0.17,1,0,0,0,0,1,0.20000550698942587
0.012,0.18,1,0,0,0,0,1,0.20000492568900186
0.012,0.19,1,0,0,0,0,1,0.2000053295950562
0.012,0.2,1,0,0,0,0,1,0.20000467268874614
0.012,0.21,1,0,0,0,0,1,0.20000408422235888
0.012,0.22,1,0,0,0,0,1,0.20000390740103346
0.012,0.23,1,0,0,0,0,1,0.20000732595962917
0.012,0.24,1,0,0,0,0,1,0.20000477768989414
0.012,0.25,1,0,0,0,0,1,0.20000411932560996
0.012,0.26,1,0,0,0,0,1,0.2000036025610045
0.012,0.27,1,0,0,0,0,1,0.20000507359132838
0.012,0.28,1,0,0,0,0,1,0.20000610460875706
0.012,0.29,1,0,0,0,0,1,0.20000380656877806
0.012,0.3,1,0,0,0,0,1,0.20000334898535935
0.012,0.31,1,0,0,0,0,1,0.2000033257290112
0.012,0.32,1,0,0,0,0,1,0.19999449839624528
0.012,0.33,1,0,0,0,0,1,0.1999960326987209
0.012,0.34,1,0,0,0,0,1,0.19999570177741297
0.012,0.35000000000000003,1,0,0,0,0,1,0.19999491832310184
0.012,0.36,1,0,0,0,0,1,0.1999935944031749
0.012,0.37,1,0,0,0,0,1,0.19999502380830264
0.012,0.38,1,0,0,0,0,1,0.1999957987691424
0.012,0.39,1,0,0,0,0,1,0.1999954409517242
0.012,0.4,1,0,0,0,0,1,0.199997537397569
0.012,0.41000000000000003,1,0,0,0,0,1,0.19999621459614228
0.012,0.42,1,0,0,0,0,1,0.19999570390707277
0.012,0.43,1,0,0,0,0,1,0.19999589745876345
0.012,0.44,1,0,0,0,0,1,0.19999595816327806
0.012,0.45,1,0,0,0,0,1,0.19999729231517901
0.012,0.46,1,0,0,0,0,1,0.19999511969256056
0.012,0.47000000000000003,1,0,0,0,0,1,0.19999561722159576
0.012,0.48,1,0,0,0,0,1,0.19999546122116083
0.012,0.49,1,0,0,0,0,1,0.1999961493439068
0.012,0.5,1,0,0,0,0,1,0.1999933472916518
0.012,0.51,1,0,0,0,0,1,0.1999960855642999
0.012,0.52,1,0,0,0,0,1,0.199995994175851
0.012,0.53,1,0,0,0,0,1,0.19999657294928355
0.012,0.54,1,0,0,0,0,1,0.19999540944505886
0.012,0.55,1,0,0,0,0,1,0.19999510333603931
0.012,0.56,1,0,0,0,0,1,0.19999607128457145
0.012,0.5700000000000001,1,0,0,0,0,1,0.1999931705530591
0.012,0.58,1,0,0,0,0,1,0.1999950512524522
0.012,0.59,1,0,0,0,0,1,0.1999948619043224
0.012,0.6,1,0,0,0,0,1,0.19999567851436403
0.012,0.61,1,0,0,0,0,1,0.19999634477644698
0.012,0.62,1,0,0,0,0,1,0.1999950241068495
0.012,0.63,1,0,0,0,0,1,0.19999516220270458
0.012,0.64,1,0,0,0,0,1,0.19999556035099925
0.012,0.65,1,0,0,0,0,1,0.2000057377973005
0.012,0.66,1,0,0,0,0,1,0.19999560258119214
0.012,0.67,1,0,0,0,0,1,0.20000484917203415
0.012,0.68,1,0,0,0,0,1,0.19999610920218688
0.012,0.6900000000000001,1,0,0,0,0,1,0.1999953971896189
0.012,0.7000000000000001,1,0,0,0,0,1,0.20000545447227938
0.012,0.71,1,0,0,0,0,1,0.2000048834056041
0.012,0.72,1,0,0,0,0,1,0.19999465993054033
0.012,0.73,1,0,0,0,0,1,0.19999465674567704
0.012,0.74,8,0,1,0,0,0,0.2599944417035581
0.012,0.75,8,0,1,0,0,0,0.24999493414100252
0.012,0.76,8,0,1,0,0,0,0.23999478629939514
0.012,0.77,8,0,1,0,0,0,0.2299950892981796
0.012,0.78,8,0,1,0,0,0,0.21999461126346695
0.012,0.79,8,0,1,0,0,0,0.2099956153526221
0.013000000000000001,0.0,1,0,0,0,0,1,0.20000513294058278
0.013000000000000001,0.01,1,0,0,0,0,1,0.20000554901106332
0.013000000000000001,0.02,1,0,0,0,0,1,0.20000507316840166
0.013000000000000001,0.03,1,0,0,0,0,1,0.2000055095946563
0.013000000000000001,0.04,1,0,0,0,0,1,0.20000526984324235
0.013000000000000001,0.05,1,0,0,0,0,1,0.2000055293514523
0.013000000000000001,0.06,1,0,0,0,0,1,0.2000047711828474
0.013000000000000001,0.07,1,0,0,0,0,1,0.20000485177009533
0.013000000000000001,0.08,1,0,0,0,0,1,0.20000536313863007
0.013000000000000001,0.09,1,0,0,0,0,1,0.20000525147851536
0.013000000000000001,0.1,1,0,0,0,0,1,0.20000796222671993
0.013000000000000001,0.11,1,0,0,0,0,1,0.20000507275973925
0.013000000000000001,0.12,1,0,0,0,0,1,0.20000470253339464
0.013000000000000001,0.13,1,0,0,0,0,1,0.20000562711154649
0.013000000000000001,0.14,1,0,0,0,0,1,0.20000485380376565
0.013000000000000001,0.15,1,0,0,0,0,1,0.2000060558308543
0.013000000000000001,0.16,1,0,0,0,0,1,0.20000585886180203
0.013000000000000001,0.17,1,0,0,0,0,1,0.2000053323624495
0.013000000000000001,0.18,1,0,0,0,0,1,0.20000654099018156
0.013000000000000001,0.19,1,0,0,0,0,1,0.20000424683638565
0.013000000000000001,0.2,1,0,0,0,0,1,0.20000518718687066
0.013000000000000001,0.21,1,0,0,0,0,1,0.20000394652064069
0.013000000000000001,0.22,1,0,0,0,0,1,0.20000471603090028
0.013000000000000001,0.23,1,0,0,0,0,1,0.20000614909361417
0.013000000000000001,0.24,1,0,0,0,0,1,0.20000495676889468
0.013000000000000001,0.25,1,0,0,0,0,1,0.20000505228678858
0.013000000000000001,0.26,1,0,0,0,0,1,0.20000449031417092
0.013000000000000001,0.27,1,0,0,0,0,1,0.20000456928064486
0.013000000000000001,0.28,1,0,0,0,0,1,0.2000058007487331
0.013000000000000001,0.29,1,0,0,0,0,1,0.20000388954365778
0.013000000000000001,0.3,1,0,0,0,0,1,0.20000515193759144
0.013000000000000001,0.31,1,0,0,0,0,1,0.20000372087644763
0.013000000000000001,0.32,1,0,0,0,0,1,0.19999558568520323
0.013000000000000001,0.33,1,0,0,0,0,1,0.19999590840384984
0.013000000000000001,0.34,1,0,0,0,0,1,0.19999528203078265
0.013000000000000001,0.35000000000000003,1,0,0,0,0,1,0.19999511466517764
0.013000000000000001,0.36,1,0,0,0,0,1,0.19999576132145203
0.013000000000000001,0.37,1,0,0,0,0,1,0.19999562245193384
0.013000000000000001,0.38,1,0,0,0,0,1,0.19999366932760626
0.013000000000000001,0.39,1,0,0,0,0,1,0.19999539687656878
0.013000000000000001,0.4,1,0,0,0,0,1,0.19999608113260745
0.013000000000000001,0.41000000000000003,1,0,0,0,0,1,0.1999975681647228
0.013000000000000001,0.42,1,0,0,0,0,1,0.19999596633577937
0.013000000000000001,0.43,1,0,0,0,0,1,0.19999496105110529
0.013000000000000001,0.44,1,0,0,0,0,1,0.19999522402122635
0.013000000000000001,0.45,1,0,0,0,0,1,0.19999506595511357
0.013000000000000001,0.46,1,0,0,0,0,1,0.19999687254463952
0.013000000000000001,0.47000000000000003,1,0,0,0,0,1,0.19999600727938904
0.013000000000000001,0.48,1,0,0,0,0,1,0.1999950013990348
0.013000000000000001,0.49,1,0,0,0,0,1,0.1999957597058285
0.013000000000000001,0.5,1,0,0,0,0,1,0.1999943804238246
0.013000000000000001,0.51,1,0,0,0,0,1,0.19999555798899438
0.013000000000000001,0.52,1,0,0,0,0,1,0.1999961742144616
0.013000000000000001,0.53,1,0,0,0,0,1,0.1999951155700876
0.013000000000000001,0.54,1,0,0,0,0,1,0.1999939509089495
0.013000000000000001,0.55,1,0,0,0,0,1,0.19999341890946373
0.013000000000000001,0.56,1,0,0,0,0,1,0.19999640002710523
0.013000000000000001,0.5700000000000001,1,0,0,0,0,1,0.19999422656760588
0.013000000000000001,0.58,1,0,0,0,0,1,0.1999960871551938
0.013000000000000001,0.59,1,0,0,0,0,1,0.19999580268074724
0.013000000000000001,0.6,1,0,0,0,0,1,0.19999661896704873
0.013000000000000001,0.61,1,0,0,0,0,1,0.19999701980988607
0.013000000000000001,0.62,1,0,0,0,0,1,0.1999951977868883
0.013000000000000001,0.63,1,0,0,0,0,1,0.20000468821289208
0.013000000000000001,0.64,1,0,0,0,0,1,0.19999484173518786
0.013000000000000001,0.65,1,0,0,0,0,1,0.19999496315842885
0.013000000000000001,0.66,1,0,0,0,0,1,0.1999952224795591
0.013000000000000001,0.67,1,0,0,0,0,1,0.19999327590996102
0.013000000000000001,0.68,1,0,0,0,0,1,0.1999946721218527
0.013000000000000001,0.6900000000000001,1,0,0,0,0,1,0.20000522336581134
0.013000000000000001,0.7000000000000001,1,0,0,0,0,1,0.20000508966593447
0.013000000000000001,0.71,1,0,0,0,0,1,0.19999534284844794
0.013000000000000001,0.72,1,0,0,0,0,1,0.19999495888040753
0.013000000000000001,0.73,1,0,0,0,0,1,0.19999490206837942
0.013000000000000001,0.74,8,0,1,0,0,0,0.2599939697557471
0.013000000000000001,0.75,8,0,1,0,0,0,0.24999433051986925
0.013000000000000001,0.76,8,0,1,0,0,0,0.23999529481592272
0.013000000000000001,0.77,8,0,1,0,0,0,0.2299950269172009
0.013000000000000001,0.78,8,0,1,0,0,0,0.2199952902882301
0.013000000000000001,0.79,8,0,1,0,0,0,0.20999351808975117
0.014,0.0,1,0,0,0,0,1,0.20000606937332108
0.014,0.01,1,0,0,0,0,1,0.20000559243905056
0.014,0.02,1,0,0,0,0,1,0.20000522348002736
0.014,0.03,1,0,0,0,0,1,0.20000682799979477
0.014,0.04,1,0,0,0,0,1,0.20000627516863756
0.014,0.05,1,0,0,0,0,1,0.20000553114305297
0.014,0.06,1,0,0,0,0,1,0.20000552401662347
0.014,0.07,1,0,0,0,0,1,0.2000049285249464
0.014,0.08,1,0,0,0,0,1,0.20000492470817977
0.014,0.09,1,0,0,0,0,1,0.20000558469393753
0.014,0.1,1,0,0,0,0,1,0.20000531630038468
0.014,0.11,1,0,0,0,0,1,0.20000581036473394
0.014,0.12,1,0,0,0,0,1,0.2000039830383484
0.014,0.13,1,0,0,0,0,1,0.20000653659710413
0.014,0.14,1,0,0,0,0,1,0.20000487279689638
0.014,0.15,1,0,0,0,0,1,0.20000308633865793
0.014,0.16,1,0,0,0,0,1,0.20000537027751847
0.014,0.17,1,0,0,0,0,1,0.20000412355915528
0.014,0.18,1,0,0,0,0,1,0.20000481203260068
0.014,0.19,1,0,0,0,0,1,0.20000505666161056
0.014,0.2,1,0,0,0,0,1,0.20000438025346493
0.014,0.21,1,0,0,0,0,1,0.20000390164353749
0.014,0.22,1,0,0,0,0,1,0.20000515012750444
0.014,0.23,1,0,0,0,0,1,0.20000628497973721
0.014,0.24,1,0,0,0,0,1,0.20000559505050486
0.014,0.25,1,0,0,0,0,1,0.20000552022147228
0.014,0.26,1,0,0,0,0,1,0.20000394413396794
0.014,0.27,1,0,0,0,0,1,0.20000489318592815
0.014,0.28,1,0,0,0,0,1,0.20000526471766067
0.014,0.29,1,0,0,0,0,1,0.20000559628111717
0.014,0.3,1,0,0,0,0,1,0.20000436834869517
0.014,0.31,1,0,0,0,0,1,0.20000486081158533
0.014,0.32,1,0,0,0,0,1,0.19999696700152186
0.014,0.33,1,0,0,0,0,1,0.1999960452896135
0.014,0.34,1,0,0,0,0,1,0.19999567599679227
0.014,0.35000000000000003,1,0,0,0,0,1,0.19999450763081278
0.014,0.36,1,0,0,0,0,1,0.19999641789407283
0.014,0.37,1,0,0,0,0,1,0.19999318463641622
0.014,0.38,1,0,0,0,0,1,0.19999515635526405
0.014,0.39,1,0,0,0,0,1,0.19999487188811108
0.014,0.4,1,0,0,0,0,1,0.19999384345480722
0.014,0.41000000000000003,1,0,0,0,0,1,0.19999674779235835
0.014,0.42,1,0,0,0,0,1,0.19999635579031153
0.014,0.43,1,0,0,0,0,1,0.1999931797351562
0.014,0.44,1,0,0,0,0,1,0.19999480470889636
0.014,0.45,1,0,0,0,0,1,0.19999349949875722
0.014,0.46,1,0,0,0,0,1,0.1999957911890222
0.014,0.47000000000000003,1,0,0,0,0,1,0.1999957149748419
0.014,0.48,1,0,0,0,0,1,0.19999589149606498
0.014,0.49,1,0,0,0,0,1,0.19999496380432524
0.014,0.5,1,0,0,0,0,1,0.19999689598270512
0.014,0.51,1,0,0,0,0,1,0.1999950094714358
0.014,0.52,1,0,0,0,0,1,0.19999588863653134
0.014,0.53,1,0,0,0,0,1,0.19999377164836626
0.014,0.54,1,0,0,0,0,1,0.199996229774469
0.014,0.55,1,0,0,0,0,1,0.19999605590322653
0.014,0.56,1,0,0,0,0,1,0.1999962326520454
0.014,0.5700000000000001,1,0,0,0,0,1,0.1999951828624474
0.014,0.58,1,0,0,0,0,1,0.19999537988607355
0.014,0.59,1,0,0,0,0,1,0.1999952457433981
0.014,0.6,1,0,0,0,0,1,0.19999619485403655
0.014,0.61,1,0,0,0,0,1,0.19999514627003973
0.014,0.62,1,0,0,0,0,1,0.19999594061455858
0.014,0.63,1,0,0,0,0,1,0.19999550853785816
0.014,0.64,1,0,0,0,0,1,0.19999356621939546
0.014,0.65,1,0,0,0,0,1,0.1999949295393927
0.014,0.66,1,0,0,0,0,1,0.20000462092648472
0.014,0.67,1,0,0,0,0,1,0.20000304281946346
0.014,0.68,1,0,0,0,0,1,0.19999750972503047
0.014,0.6900000000000001,1,0,0,0,0,1,0.20000597110435092
0.014,0.7000000000000001,1,0,0,0,0,1,0.20000709841574163
0.014,0.71,1,0,0,0,0,1,0.19999569296134442
0.014,0.72,1,0,0,0,0,1,0.1999926563104301
0.014,0.73,1,0,0,0,0,1,0.19999397445620076
0.014,0.74,1,0,0,0,0,1,0.1999953718512822
0.014,0.75,8,0,1,0,0,0,0.24999545501553658
0.014,0.76,8,0,1,0,0,0,0.2399955162989158
0.014,0.77,8,0,1,0,0,0,0.22999567568244475
0.014,0.78,8,0,1,0,0,0,0.21999460162472737
0.014,0.79,8,0,1,0,0,0,0.2099950063775854
0.015,0.0,1,0,0,0,0,1,0.2000059903206533
0.015,0.01,1,0,0,0,0,1,0.2000055947299105
0.015,0.02,1,0,0,0,0,1,0.2000040836598039
0.015,0.03,1,0,0,0,0,1,0.20000558024710718
0.015,0.04,1,0,0,0,0,1,0.200005421667799
0.015,0.05,1,0,0,0,0,1,0.20000571477010376
0.015,0.06,1,0,0,0,0,1,0.20000491387739053
0.015,0.07,1,0,0,0,0,1,0.20000490239251154
0.015,0.08,1,0,0,0,0,1,0.2000049260306655
0.015,0.09,1,0,0,0,0,1,0.20000541387075776
0.015,0.1,1,0,0,0,0,1,0.20000622033399434
0.015,0.11,1,0,0,0,0,1,0.2000050435720557
0.015,0.12,1,0,0,0,0,1,0.200004829256307
0.015,0.13,1,0,0,0,0,1,0.2000060589783619
0.015,0.14,1,0,0,0,0,1,0.20000401308538984
0.015,0.15,1,0,0,0,0,1,0.20000399112867523
0.015,0.16,1,0,0,0,0,1,0.20000595092994114
0.015,0.17,1,0,0,0,0,1,0.20000576441762563
0.015,0.18,1,0,0,0,0,1,0.20000443870403345
0.015,0.19,1,0,0,0,0,1,0.20000451155289856
0.015,0.2,1,0,0,0,0,1,0.20000426489189743
0.015,0.21,1,0,0,0,0,1,0.2000048292525119
0.015,0.22,1,0,0,0,0,1,0.2000052050781038
0.015,0.23,1,0,0,0,0,1,0.2000046963564009
0.015,0.24,1,0,0,0,0,1,0.20000525433121608
0.015,0.25,1,0,0,0,0,1,0.20000488383053924
0.015,0.26,1,0,0,0,0,1,0.20000469906362206
0.015,0.27,1,0,0,0,0,1,0.2000047784018582
0.015,0.28,1,0,0,0,0,1,0.2000049902996228
0.015,0.29,1,0,0,0,0,1,0.20000587410938905
0.015,0.3,1,0,0,0,0,1,0.20000365422804622
0.015,0.31,1,0,0,0,0,1,0.20000524520743604
0.015,0.32,1,0,0,0,0,1,0.19999682946399897
0.015,0.33,1,0,0,0,0,1,0.19999616983152632
0.015,0.34,1,0,0,0,0,1,0.19999610315499167
0.015,0.35000000000000003,1,0,0,0,0,1,0.19999672662250392
0.015,0.36,1,0,0,0,0,1,0.1999946026568671
0.015,0.37,1,0,0,0,0,1,0.19999511441288959
0.015,0.38,1,0,0,0,0,1,0.19999611429860556
0.015,0.39,1,0,0,0,0,1,0.19999546459093676
0.015,0.4,1,0,0,0,0,1,0.19999478166994303
0.015,0.41000000000000003,1,0,0,0,0,1,0.19999518890665077
0.015,0.42,1,0,0,0,0,1,0.1999968542454462
0.015,0.43,1,0,0,0,0,1,0.19999742526796196
0.015,0.44,1,0,0,0,0,1,0.1999937420660287
0.015,0.45,1,0,0,0,0,1,0.1999952252546886
0.015,0.46,1,0,0,0,0,1,0.19999571887065196
0.015,0.47000000000000003,1,0,0,0,0,1,0.19999537597186887
0.015,0.48,1,0,0,0,0,1,0.19999736484647432
0.015,0.49,1,0,0,0,0,1,0.19999587760549992
0.015,0.5,1,0,0,0,0,1,0.1999972930319363
0.015,0.51,1,0,0,0,0,1,0.19999688198728832
0.015,0.52,1,0,0,0,0,1,0.1999944511511211
0.015,0.53,1,0,0,0,0,1,0.19999623402870262
0.015,0.54,1,0,0,0,0,1,0.19999536034252519
0.015,0.55,1,0,0,0,0,1,0.19999489453695216
0.015,0.56,1,0,0,0,0,1,0.19999462377239824
0.015,0.5700000000000001,1,0,0,0,0,1,0.19999604839085303
0.015,0.58,1,0,0,0,0,1,0.19999483421867797
0.015,0.59,1,0,0,0,0,1,0.19999522568588557
0.015,0.6,1,0,0,0,0,1,0.19999607979456183
0.015,0.61,1,0,0,0,0,1,0.19999546273926738
0.015,0.62,1,0,0,0,0,1,0.1999956708434986
0.015,0.63,1,0,0,0,0,1,0.19999679990019414
0.015,0.64,1,0,0,0,0,1,0.2000064765114865
0.015,0.65,1,0,0,0,0,1,0.1999948781140707
0.015,0.66,1,0,0,0,0,1,0.19999596849560408
0.015,0.67,1,0,0,0,0,1,0.2000034059438818
0.015,0.68,1,0,0,0,0,1,0.2000048353388926
0.015,0.6900000000000001,1,0,0,0,0,1,0.19999504872690138
0.015,0.7000000000000001,1,0,0,0,0,1,0.2000049355366009
0.015,0.71,1,0,0,0,0,1,0.20000635112158974
0.015,0.72,1,0,0,0,0,1,0.19999557297069873
0.015,0.73,1,0,0,0,0,1,0.19999467759505143
0.015,0.74,1,0,0,0,0,1,0.199995251184639
0.015,0.75,8,0,1,0,0,0,0.24999409391136615
0.015,0.76,8,0,1,0,0,0,0.2399944638274745
0.015,0.77,8,0,1,0,0,0,0.2299964148955688
0.015,0.78,8,0,1,0,0,0,0.2199957848121462
0.015,0.79,8,0,1,0,0,0,0.20999512280542618
0.016,0.0,1,0,0,0,0,1,0.20000642708127495
0.016,0.01,1,0,0,0,0,1,0.200005142544742
0.016,0.02,1,0,0,0,0,1,0.20000558118580533
0.016,0.03,1,0,0,0,0,1,0.20000559504360424
0.016,0.04,1,0,0,0,0,1,0.20000525377082473
0.016,0.05,1,0,0,0,0,1,0.2000052861500795
0.016,0.06,1,0,0,0,0,1,0.20000558258784398
0.016,0.07,1,0,0,0,0,1,0.2000048436208535
0.016,0.08,1,0,0,0,0,1,0.20000486437568568
0.016,0.09,1,0,0,0,0,1,0.20000485802584522
0.016,0.1,1,0,0,0,0,1,0.20000489980947142
0.016,0.11,1,0,0,0,0,1,0.2000053053473122
0.016,0.12,1,0,0,0,0,1,0.2000052505358591
0.016,0.13,1,0,0,0,0,1,0.20000634627354705
0.016,0.14,1,0,0,0,0,1,0.2000059266089851
0.016,0.15,1,0,0,0,0,1,0.20000511444818908
0.016,0.16,1,0,0,0,0,1,0.20000295264159323
0.016,0.17,1,0,0,0,0,1,0.20000551378931836
0.016,0.18,1,0,0,0,0,1,0.20000509452525006
0.016,0.19,1,0,0,0,0,1,0.200004543098768
0.016,0.2,1,0,0,0,0,1,0.20000618420060562
0.016,0.21,1,0,0,0,0,1,0.20000517448692925
0.016,0.22,1,0,0,0,0,1,0.20000390467593185
0.016,0.23,1,0,0,0,0,1,0.20000518016058158
0.016,0.24,1,0,0,0,0,1,0.2000060690996473
0.016,0.25,1,0,0,0,0,1,0.20000558074854963
0.016,0.26,1,0,0,0,0,1,0.20000436760571694
0.016,0.27,1,0,0,0,0,1,0.20000531535792895
0.016,0.28,1,0,0,0,0,1,0.20000458008248526
0.016,0.29,1,0,0,0,0,1,0.2000058005567511
0.016,0.3,1,0,0,0,0,1,0.20000533048319452
0.016,0.31,1,0,0,0,0,1,0.20000576980585205
0.016,0.32,1,0,0,0,0,1,0.19999505815488566
0.016,0.33,1,0,0,0,0,1,0.1999967616994593
0.016,0.34,1,0,0,0,0,1,0.19999659897940747
0.016,0.35000000000000003,1,0,0,0,0,1,0.19999571264519972
0.016,0.36,1,0,0,0,0,1,0.19999500258510552
0.016,0.37,1,0,0,0,0,1,0.1999941320396059
0.016,0.38,1,0,0,0,0,1,0.19999594609927496
0.016,0.39,1,0,0,0,0,1,0.19999525293178072
0.016,0.4,1,0,0,0,0,1,0.19999269815552076
0.016,0.41000000000000003,1,0,0,0,0,1,0.19999503586950068
0.016,0.42,1,0,0,0,0,1,0.19999518467316926
0.016,0.43,1,0,0,0,0,1,0.19999320155494224
0.016,0.44,1,0,0,0,0,1,0.19999367040899171
0.016,0.45,1,0,0,0,0,1,0.19999420353076183
0.016,0.46,1,0,0,0,0,1,0.1999958923210197
0.016,0.47000000000000003,1,0,0,0,0,1,0.1999962165046843
0.016,0.48,1,0,0,0,0,1,0.199996042451908
0.016,0.49,1,0,0,0,0,1,0.1999951692625159
0.016,0.5,1,0,0,0,0,1,0.19999584493079728
0.016,0.51,1,0,0,0,0,1,0.1999953096164618
0.016,0.52,1,0,0,0,0,1,0.1999934771630892
0.016,0.53,1,0,0,0,0,1,0.19999575786161608
0.016,0.54,1,0,0,0,0,1,0.1999960062897466
0.016,0.55,1,0,0,0,0,1,0.1999954389961993
0.016,0.56,1,0,0,0,0,1,0.19999523861157054
0.016,0.5700000000000001,1,0,0,0,0,1,0.19999463383740834
0.016,0.58,1,0,0,0,0,1,0.19999587231668592
0.016,0.59,1,0,0,0,0,1,0.19999592315201836
0.016,0.6,1,0,0,0,0,1,0.1999952681635975
0.016,0.61,1,0,0,0,0,1,0.19999480806299438
0.016,0.62,1,0,0,0,0,1,0.19999584776356888
0.016,0.63,1,0,0,0,0,1,0.19999570684517926
0.016,0.64,1,0,0,0,0,1,0.19999592811991948
0.016,0.65,1,0,0,0,0,1,0.19999491359054766
0.016,0.66,1,0,0,0,0,1,0.1999951769053753
0.016,0.67,1,0,0,0,0,1,0.1999961930542903
0.016,0.68,1,0,0,0,0,1,0.20000612607439416
0.016,0.6900000000000001,1,0,0,0,0,1,0.20000450846537374
0.016,0.7000000000000001,1,0,0,0,0,1,0.20000530032238356
0.016,0.71,1,0,0,0,0,1,0.19999517200843106
0.016,0.72,1,0,0,0,0,1,0.1999938246055953
0.016,0.73,1,0,0,0,0,1,0.19999575751756438
0.016,0.74,1,0,0,0,0,1,0.1999965819731366
0.016,0.75,8,0,1,0,0,0,0.24999442664660182
0.016,0.76,8,0,1,0,0,0,0.23999483583196957
0.016,0.77,8,0,1,0,0,0,0.22999657299883333
0.016,0.78,8,0,1,0,0,0,0.21999560457392317
0.016,0.79,8,0,1,0,0,0,0.20999448051812977
0.017,0.0,1,0,0,0,0,1,0.2000060388629212
0.017,0.01,1,0,0,0,0,1,0.20000608881025955
0.017,0.02,1,0,0,0,0,1,0.2000055987354011
0.017,0.03,1,0,0,0,0,1,0.20000416495463513
0.017,0.04,1,0,0,0,0,1,0.20000694482898015
0.017,0.05,1,0,0,0,0,1,0.2000057194820907
0.017,0.06,1,0,0,0,0,1,0.20000558721493059
0.017,0.07,1,0,0,0,0,1,0.2000043581803534
0.017,0.08,1,0,0,0,0,1,0.20000495260358836
0.017,0.09,1,0,0,0,0,1,0.20000490111047606
0.017,0.1,1,0,0,0,0,1,0.2000055161570957
0.017,0.11,1,0,0,0,0,1,0.20000506975748175
0.017,0.12,1,0,0,0,0,1,0.20000584473460026
0.017,0.13,1,0,0,0,0,1,0.20000431747761627
0.017,0.14,1,0,0,0,0,1,0.2000043499012554
0.017,0.15,1,0,0,0,0,1,0.20000510643790534
0.017,0.16,1,0,0,0,0,1,0.20000465256397762
0.017,0.17,1,0,0,0,0,1,0.2000049457415079
0.017,0.18,1,0,0,0,0,1,0.20000387741924247
0.017,0.19,1,0,0,0,0,1,0.2000071334013537
0.017,0.2,1,0,0,0,0,1,0.2000062079026257
0.017,0.21,1,0,0,0,0,1,0.20000524396811015
0.017,0.22,1,0,0,0,0,1,0.2000048348518268
0.017,0.23,1,0,0,0,0,1,0.20000529285092053
0.017,0.24,1,0,0,0,0,1,0.2000047370424703
0.017,0.25,1,0,0,0,0,1,0.20000698012507143
0.017,0.26,1,0,0,0,0,1,0.2000050047775008
0.017,0.27,1,0,0,0,0,1,0.20000448900678722
0.017,0.28,1,0,0,0,0,1,0.20000394334788865
0.017,0.29,1,0,0,0,0,1,0.20000528346046637
0.017,0.3,1,0,0,0,0,1,0.20000520886221257
0.017,0.31,1,0,0,0,0,1,0.20000652220537984
0.017,0.32,1,0,0,0,0,1,0.19999476762686774
0.017,0.33,1,0,0,0,0,1,0.19999415010509441
0.017,0.34,1,0,0,0,0,1,0.19999592239014324
0.017,0.35000000000000003,1,0,0,0,0,1,0.19999700810770454
0.017,0.36,1,0,0,0,0,1,0.1999963519174765
0.017,0.37,1,0,0,0,0,1,0.19999644154388893
0.017,0.38,1,0,0,0,0,1,0.19999480721110194
0.017,0.39,1,0,0,0,0,1,0.19999520066341794
0.017,0.4,1,0,0,0,0,1,0.19999491716836218
0.017,0.41000000000000003,1,0,0,0,0,1,0.19999350328851576
0.017,0.42,1,0,0,0,0,1,0.1999947835134162
0.017,0.43,1,0,0,0,0,1,0.19999706463408393
0.017,0.44,1,0,0,0,0,1,0.19999503969209345
0.017,0.45,1,0,0,0,0,1,0.19999557969760326
0.017,0.46,1,0,0,0,0,1,0.19999324675623945
0.017,0.47000000000000003,1,0,0,0,0,1,0.19999320468305676
0.017,0.48,1,0,0,0,0,1,0.19999467257936374
0.017,0.49,1,0,0,0,0,1,0.19999622545580845
0.017,0.5,1,0,0,0,0,1,0.19999656034097377
0.017,0.51,1,0,0,0,0,1,0.199995071734378
0.017,0.52,1,0,0,0,0,1,0.1999952417238079
0.017,0.53,1,0,0,0,0,1,0.19999575161403346
0.017,0.54,1,0,0,0,0,1,0.19999511735085945
0.017,0.55,1,0,0,0,0,1,0.19999548134056935
0.017,0.56,1,0,0,0,0,1,0.1999961919645525
0.017,0.5700000000000001,1,0,0,0,0,1,0.1999948954761707
0.017,0.58,1,0,0,0,0,1,0.1999953017810396
0.017,0.59,1,0,0,0,0,1,0.19999495750571947
0.017,0.6,1,0,0,0,0,1,0.1999931602810106
0.017,0.61,1,0,0,0,0,1,0.1999959704916021
0.017,0.62,1,0,0,0,0,1,0.19999718076813638
0.017,0.63,1,0,0,0,0,1,0.19999540642155803
0.017,0.64,1,0,0,0,0,1,0.20000537977351454
0.017,0.65,1,0,0,0,0,1,0.19999535884008002
0.017,0.66,1,0,0,0,0,1,0.2000042726118076
0.017,0.67,1,0,0,0,0,1,0.20000695029303292
0.017,0.68,1,0,0,0,0,1,0.1999961804627619
0.017,0.6900000000000001,1,0,0,0,0,1,0.19999696439085027
0.017,0.7000000000000001,1,0,0,0,0,1,0.19999544507670974
0.017,0.71,1,0,0,0,0,1,0.19999618524066495
0.017,0.72,1,0,0,0,0,1,0.1999962117621293
0.017,0.73,1,0,0,0,0,1,0.1999959793990457
0.017,0.74,1,0,0,0,0,1,0.19999468128252526
0.017,0.75,8,0,1,0,0,0,0.24999459786625586
0.017,0.76,8,0,1,0,0,0,0.23999440783276613
0.017,0.77,8,0,1,0,0,0,0.22999523015425674
0.017,0.78,8,0,1,0,0,0,0.2199956911579635
0.017,0.79,8,0,1,0,0,0,0.2099953077401976
0.018000000000000002,0.0,1,0,0,0,0,1,0.2000058220153519
0.018000000000000002,0.01,1,0,0,0,0,1,0.2000059867314297
0.018000000000000002,0.02,1,0,0,0,0,1,0.20000557762973764
0.018000000000000002,0.03,1,0,0,0,0,1,0.20000391986817057
0.018000000000000002,0.04,1,0,0,0,0,1,0.2000055968432808
0.018000000000000002,0.05,1,0,0,0,0,1,0.20000511541204175
0.018000000000000002,0.06,1,0,0,0,0,1,0.2000057964380059
0.018000000000000002,0.07,1,0,0,0,0,1,0.20000504828903423
0.018000000000000002,0.08,1,0,0,0,0,1,0.20000534968059122
0.018000000000000002,0.09,1,0,0,0,0,1,0.20000492357834745
0.018000000000000002,0.1,1,0,0,0,0,1,0.20000489622366274
0.018000000000000002,0.11,1,0,0,0,0,1,0.20000791875415336
0.018000000000000002,0.12,1,0,0,0,0,1,0.20000459887020153
0.018000000000000002,0.13,1,0,0,0,0,1,0.2000056791881056
0.018000000000000002,0.14,1,0,0,0,0,1,0.20000629980022128
0.018000000000000002,0.15,1,0,0,0,0,1,0.20000522247629243
0.018000000000000002,0.16,1,0,0,0,0,1,0.20000419860148078
0.018000000000000002,0.17,1,0,0,0,0,1,0.20000540476940323
0.018000000000000002,0.18,1,0,0,0,0,1,0.20000542844884267
0.018000000000000002,0.19,1,0,0,0,0,1,0.20000425333643712
0.018000000000000002,0.2,1,0,0,0,0,1,0.20000454263721798
0.018000000000000002,0.21,1,0,0,0,0,1,0.20000593385425258
0.018000000000000002,0.22,1,0,0,0,0,1,0.20000467050308035
0.018000000000000002,0.23,1,0,0,0,0,1,0.2000039118665363
0.018000000000000002,0.24,1,0,0,0,0,1,0.20000700098355936
0.018000000000000002,0.25,1,0,0,0,0,1,0.20000613422008498
0.018000000000000002,0.26,1,0,0,0,0,1,0.20000504115944456
0.018000000000000002,0.27,1,0,0,0,0,1,0.20000533157941028
0.018000000000000002,0.28,1,0,0,0,0,1,0.20000322620753222
0.018000000000000002,0.29,1,0,0,0,0,1,0.20000509382930307
0.018000000000000002,0.3,1,0,0,0,0,1,0.2000053818109022
0.018000000000000002,0.31,1,0,0,0,0,1,0.2000062160123276
0.018000000000000002,0.32,1,0,0,0,0,1,0.19999586363470612
0.018000000000000002,0.33,1,0,0,0,0,1,0.19999620777388258
0.018000000000000002,0.34,1,0,0,0,0,1,0.1999954268305437
0.018000000000000002,0.35000000000000003,1,0,0,0,0,1,0.19999529052544887
0.018000000000000002,0.36,1,0,0,0,0,1,0.19999619622964676
0.018000000000000002,0.37,1,0,0,0,0,1,0.1999960937143017
0.018000000000000002,0.38,1,0,0,0,0,1,0.1999968641583538
0.018000000000000002,0.39,1,0,0,0,0,1,0.19999613309223965
0.018000000000000002,0.4,1,0,0,0,0,1,0.1999942724377711
0.018000000000000002,0.41000000000000003,1,0,0,0,0,1,0.19999533128181773
0.018000000000000002,0.42,1,0,0,0,0,1,0.19999576757415216
0.018000000000000002,0.43,1,0,0,0,0,1,0.19999443529627042
0.018000000000000002,0.44,1,0,0,0,0,1,0.19999537231243183
0.018000000000000002,0.45,1,0,0,0,0,1,0.1999949610503274
0.018000000000000002,0.46,1,0,0,0,0,1,0.1999937376337109
0.018000000000000002,0.47000000000000003,1,0,0,0,0,1,0.19999517794431837
0.018000000000000002,0.48,1,0,0,0,0,1,0.19999671280884787
0.018000000000000002,0.49,1,0,0,0,0,1,0.19999610326448583
0.018000000000000002,0.5,1,0,0,0,0,1,0.19999526583738053
0.018000000000000002,0.51,1,0,0,0,0,1,0.19999650039897635
0.018000000000000002,0.52,1,0,0,0,0,1,0.199995730033721
0.018000000000000002,0.53,1,0,0,0,0,1,0.19999308949129135
0.018000000000000002,0.54,1,0,0,0,0,1,0.19999556893112544
0.018000000000000002,0.55,1,0,0,0,0,1,0.19999677492372234
0.018000000000000002,0.56,1,0,0,0,0,1,0.19999578839866797
0.018000000000000002,0.5700000000000001,1,0,0,0,0,1,0.1999948779335154
0.018000000000000002,0.58,1,0,0,0,0,1,0.19999322479832282
0.018000000000000002,0.59,1,0,0,0,0,1,0.19999539878534475
0.018000000000000002,0.6,1,0,0,0,0,1,0.19999575243479017
0.018000000000000002,0.61,1,0,0,0,0,1,0.19999639755163054
0.018000000000000002,0.62,1,0,0,0,0,1,0.19999461690825684
0.018000000000000002,0.63,1,0,0,0,0,1,0.1999957961549149
0.018000000000000002,0.64,1,0,0,0,0,1,0.199994791683924
0.018000000000000002,0.65,1,0,0,0,0,1,0.19999443014393156
0.018000000000000002,0.66,1,0,0,0,0,1,0.19999529962708185
0.018000000000000002,0.67,1,0,0,0,0,1,0.1999958535884231
0.018000000000000002,0.68,1,0,0,0,0,1,0.19999727696107342
0.018000000000000002,0.6900000000000001,1,0,0,0,0,1,0.19999544863763247
0.018000000000000002,0.7000000000000001,1,0,0,0,0,1,0.2000038545938045
0.018000000000000002,0.71,1,0,0,0,0,1,0.19999353860408708
0.018000000000000002,0.72,1,0,0,0,0,1,0.19999631085674804
0.018000000000000002,0.73,1,0,0,0,0,1,0.19999517993714416
0.018000000000000002,0.74,1,0,0,0,0,1,0.1999955294487912
0.018000000000000002,0.75,8,0,1,0,0,0,0.2499951467293928
0.018000000000000002,0.76,8,0,1,0,0,0,0.23999561259696575
0.018000000000000002,0.77,8,0,1,0,0,0,0.22999338184279608
0.018000000000000002,0.78,8,0,1,0,0,0,0.2199945455680457
0.018000000000000002,0.79,8,0,1,0,0,0,0.20999355207716927
0.019,0.0,1,0,0,0,0,1,0.20000520814654976
0.019,0.01,1,0,0,0,0,1,0.2000045982777587
0.019,0.02,1,0,0,0,0,1,0.20000513080546256
0.019,0.03,1,0,0,0,0,1,0.2000055977612241
0.019,0.04,1,0,0,0,0,1,0.20000558241621874
0.019,0.05,1,0,0,0,0,1,0.20000530593605717
0.019,0.06,1,0,0,0,0,1,0.2000053997266265
0.019,0.07,1,0,0,0,0,1,0.20000562431468266
0.019,0.08,1,0,0,0,0,1,0.2000049283375924
0.019,0.09,1,0,0,0,0,1,0.2000049004898647
0.019,0.1,1,0,0,0,0,1,0.20000475033332155
0.019,0.11,1,0,0,0,0,1,0.2000051134408677
0.019,0.12,1,0,0,0,0,1,0.20000736139350955
0.019,0.13,1,0,0,0,0,1,0.20000534463269068
0.019,0.14,1,0,0,0,0,1,0.20000627088474202
0.019,0.15,1,0,0,0,0,1,0.2000039409158262
0.019,0.16,1,0,0,0,0,1,0.20000539014260962
0.019,0.17,1,0,0,0,0,1,0.20000332110292068
0.019,0.18,1,0,0,0,0,1,0.20000490905640025
0.019,0.19,1,0,0,0,0,1,0.20000481089500047
0.019,0.2,1,0,0,0,0,1,0.20000641275271264
0.019,0.21,1,0,0,0,0,1,0.2000065498826254
0.019,0.22,1,0,0,0,0,1,0.2000052089556398
0.019,0.23,1,0,0,0,0,1,0.2000047718330485
0.019,0.24,1,0,0,0,0,1,0.20000403487330579
0.019,0.25,1,0,0,0,0,1,0.20000586587179486
0.019,0.26,1,0,0,0,0,1,0.20000559508062454
0.019,0.27,1,0,0,0,0,1,0.20000626638253874
0.019,0.28,1,0,0,0,0,1,0.20000403897292532
0.019,0.29,1,0,0,0,0,1,0.20000553162773813
0.019,0.3,1,0,0,0,0,1,0.20000569476365399
0.019,0.31,1,0,0,0,0,1,0.200005574563841
0.019,0.32,1,0,0,0,0,1,0.19999429557904777
0.019,0.33,1,0,0,0,0,1,0.19999518859766593
0.019,0.34,1,0,0,0,0,1,0.1999931060983803
0.019,0.35000000000000003,1,0,0,0,0,1,0.19999510455135872
0.019,0.36,1,0,0,0,0,1,0.1999958223859831
0.019,0.37,1,0,0,0,0,1,0.19999602272263875
0.019,0.38,1,0,0,0,0,1,0.19999576338300576
0.019,0.39,1,0,0,0,0,1,0.1999940883605188
0.019,0.4,1,0,0,0,0,1,0.19999580897256589
0.019,0.41000000000000003,1,0,0,0,0,1,0.19999529225623847
0.019,0.42,1,0,0,0,0,1,0.19999317514903364
0.019,0.43,1,0,0,0,0,1,0.1999965024521477
0.019,0.44,1,0,0,0,0,1,0.19999517495600616
0.019,0.45,1,0,0,0,0,1,0.19999360234009536
0.019,0.46,1,0,0,0,0,1,0.19999727578348497
0.019,0.47000000000000003,1,0,0,0,0,1,0.19999408152961975
0.019,0.48,1,0,0,0,0,1,0.19999562083984615
0.019,0.49,1,0,0,0,0,1,0.19999513740301555
0.019,0.5,1,0,0,0,0,1,0.19999620968590964
0.019,0.51,1,0,0,0,0,1,0.19999706452506397
0.019,0.52,1,0,0,0,0,1,0.19999383211071756
0.019,0.53,1,0,0,0,0,1,0.1999967502284056
0.019,0.54,1,0,0,0,0,1,0.19999330054872388
0.019,0.55,1,0,0,0,0,1,0.19999504232155138
0.019,0.56,1,0,0,0,0,1,0.19999521978269236
0.019,0.5700000000000001,1,0,0,0,0,1,0.19999492059639615
0.019,0.58,1,0,0,0,0,1,0.19999615041662347
0.019,0.59,1,0,0,0,0,1,0.1999957255510747
0.019,0.6,1,0,0,0,0,1,0.19999498208513886
0.019,0.61,1,0,0,0,0,1,0.19999351373224897
0.019,0.62,1,0,0,0,0,1,0.1999953364154796
0.019,0.63,1,0,0,0,0,1,0.19999557191598616
0.019,0.64,1,0,0,0,0,1,0.1999949612877853
0.019,0.65,1,0,0,0,0,1,0.20000341382459175
0.019,0.66,1,0,0,0,0,1,0.20000470384409874
0.019,0.67,1,0,0,0,0,1,0.2000055889545033
0.019,0.68,1,0,0,0,0,1,0.20000687424898064
0.019,0.6900000000000001,1,0,0,0,0,1,0.19999317556458207
0.019,0.7000000000000001,1,0,0,0,0,1,0.2000052485626743
0.019,0.71,1,0,0,0,0,1,0.19999600712648202
0.019,0.72,1,0,0,0,0,1,0.1999947095972985
0.019,0.73,1,0,0,0,0,1,0.19999504793107986
0.019,0.74,1,0,0,0,0,1,0.19999347858365912
0.019,0.75,8,0,1,0,0,0,0.24999569673847008
0.019,0.76,8,0,1,0,0,0,0.23999436774905106
0.019,0.77,8,0,1,0,0,0,0.22999291159788385
0.019,0.78,8,0,1,0,0,0,0.21999302087071987
0.019,0.79,8,0,1,0,0,0,0.20999579237048807
0.02,0.0,1,0,0,0,0,1,0.20000529230329528
0.02,0.01,1,0,0,0,0,1,0.20000547210231046
0.02,0.02,1,0,0,0,0,1,0.200006082592023
0.02,0.03,1,0,0,0,0,1,0.20000558651903
0.02,0.04,1,0,0,0,0,1,0.20000531691437523
0.02,0.05,1,0,0,0,0,1,0.2000056603527169
0.02,0.06,1,0,0,0,0,1,0.2000055832762312
0.02,0.07,1,0,0,0,0,1,0.20000562807229047
0.02,0.08,1,0,0,0,0,1,0.20000496857755962
0.02,0.09,1,0,0,0,0,1,0.20000499225171559
0.02,0.1,1,0,0,0,0,1,0.20000489945812172
0.02,0.11,1,0,0,0,0,1,0.20000452828044396
0.02,0.12,1,0,0,0,0,1,0.20000641763157723
0.02,0.13,1,0,0,0,0,1,0.2000052831221405
0.02,0.14,1,0,0,0,0,1,0.20000469709294075
0.02,0.15,1,0,0,0,0,1,0.20000612023629413
0.02,0.16,1,0,0,0,0,1,0.2000043086201024
0.02,0.17,1,0,0,0,0,1,0.20000519872613162
0.02,0.18,1,0,0,0,0,1,0.20000449886518964
0.02,0.19,1,0,0,0,0,1,0.20000359021573094
0.02,0.2,1,0,0,0,0,1,0.20000741610969638
0.02,0.21,1,0,0,0,0,1,0.2000051708996837
0.02,0.22,1,0,0,0,0,1,0.20000587392500976
0.02,0.23,1,0,0,0,0,1,0.2000051531830748
0.02,0.24,1,0,0,0,0,1,0.20000392612168794
0.02,0.25,1,0,0,0,0,1,0.20000451175290973
0.02,0.26,1,0,0,0,0,1,0.20000705266569271
0.02,0.27,1,0,0,0,0,1,0.200004937426453
0.02,0.28,1,0,0,0,0,1,0.20000530024018268
0.02,0.29,1,0,0,0,0,1,0.20000449650978974
0.02,0.3,1,0,0,0,0,1,0.20000516158817247
0.02,0.31,1,0,0,0,0,1,0.20000362617212927
0.02,0.32,1,0,0,0,0,1,0.1999960533460026
0.02,0.33,1,0,0,0,0,1,0.19999505752397606
0.02,0.34,1,0,0,0,0,1,0.19999447458964978
0.02,0.35000000000000003,1,0,0,0,0,1,0.19999381824519022
0.02,0.36,1,0,0,0,0,1,0.19999419857221204
0.02,0.37,1,0,0,0,0,1,0.19999539853325562
0.02,0.38,1,0,0,0,0,1,0.19999543864680358
0.02,0.39,1,0,0,0,0,1,0.19999508450964346
0.02,0.4,1,0,0,0,0,1,0.1999965323161903
0.02,0.41000000000000003,1,0,0,0,0,1,0.19999574973594572
0.02,0.42,1,0,0,0,0,1,0.1999949734202721
0.02,0.43,1,0,0,0,0,1,0.19999499291823472
0.02,0.44,1,0,0,0,0,1,0.19999406835476094
0.02,0.45,1,0,0,0,0,1,0.19999548002313874
0.02,0.46,1,0,0,0,0,1,0.19999575799369795
0.02,0.47000000000000003,1,0,0,0,0,1,0.1999969169122824
0.02,0.48,1,0,0,0,0,1,0.1999930819692952
0.02,0.49,1,0,0,0,0,1,0.1999941046939991
0.02,0.5,1,0,0,0,0,1,0.19999477718957986
0.02,0.51,1,0,0,0,0,1,0.19999510142996466
0.02,0.52,1,0,0,0,0,1,0.19999601901028383
0.02,0.53,1,0,0,0,0,1,0.1999950855146344
0.02,0.54,1,0,0,0,0,1,0.19999618793090992
0.02,0.55,1,0,0,0,0,1,0.19999726690186745
0.02,0.56,1,0,0,0,0,1,0.1999948478735867
0.02,0.5700000000000001,1,0,0,0,0,1,0.19999642884769475
0.02,0.58,1,0,0,0,0,1,0.1999957462754779
0.02,0.59,1,0,0,0,0,1,0.1999963897004902
0.02,0.6,1,0,0,0,0,1,0.1999962385418855
0.02,0.61,1,0,0,0,0,1,0.19999484369010992
0.02,0.62,1,0,0,0,0,1,0.19999238369433414
0.02,0.63,1,0,0,0,0,1,0.19999318077003164
0.02,0.64,1,0,0,0,0,1,0.19999443333359046
0.02,0.65,1,0,0,0,0,1,0.1999971287978556
0.02,0.66,1,0,0,0,0,1,0.19999434292728321
0.02,0.67,1,0,0,0,0,1,0.19999342858545968
0.02,0.68,1,0,0,0,0,1,0.20000504262176452
0.02,0.6900000000000001,1,0,0,0,0,1,0.19999563761172184
0.02,0.7000000000000001,1,0,0,0,0,1,0.20000615816316575
0.02,0.71,1,0,0,0,0,1,0.19999597426965984
0.02,0.72,1,0,0,0,0,1,0.19999507032270986
0.02,0.73,1,0,0,0,0,1,0.19999630339624486
0.02,0.74,1,0,0,0,0,1,0.19999498222556786
0.02,0.75,1,0,0,0,0,1,0.1999951777534082
0.02,0.76,8,0,1,0,0,0,0.23999521669051838
0.02,0.77,8,0,1,0,0,0,0.22999456509883712
0.02,0.78,8,0,1,0,0,0,0.21999304512660264
0.02,0.79,8,0,1,0,0,0,0.20999301455019312
0.021,0.0,1,0,0,0,0,1,0.20000553190560064
0.021,0.01,1,0,0,0,0,1,0.20000647786284673
0.021,0.02,1,0,0,0,0,1,0.20000595446553046
0.021,0.03,1,0,0,0,0,1,0.20000553994391668
0.021,0.04,1,0,0,0,0,1,0.20000367693540783
0.021,0.05,1,0,0,0,0,1,0.2000055845643829
0.021,0.06,1,0,0,0,0,1,0.2000047216792939
0.021,0.07,1,0,0,0,0,1,0.2000058715424558
0.021,0.08,1,0,0,0,0,1,0.20000513888105384
0.021,0.09,1,0,0,0,0,1,0.2000053773036455
0.021,0.1,1,0,0,0,0,1,0.20000493777983833
0.021,0.11,1,0,0,0,0,1,0.20000477963483965
0.021,0.12,1,0,0,0,0,1,0.200007005395148
0.021,0.13,1,0,0,0,0,1,0.20000617544539132
0.021,0.14,1,0,0,0,0,1,0.20000454030855944
0.021,0.15,1,0,0,0,0,1,0.20000642100981245
0.021,0.16,1,0,0,0,0,1,0.2000052841706795
0.021,0.17,1,0,0,0,0,1,0.20000559809158905
0.021,0.18,1,0,0,0,0,1,0.20000307151189234
0.021,0.19,1,0,0,0,0,1,0.20000505090072698
0.021,0.2,1,0,0,0,0,1,0.2000040386365358
0.021,0.21,1,0,0,0,0,1,0.20000449504214704
0.021,0.22,1,0,0,0,0,1,0.20000647044904926
0.021,0.23,1,0,0,0,0,1,0.2000045299428025
0.021,0.24,1,0,0,0,0,1,0.20000471186844007
0.021,0.25,1,0,0,0,0,1,0.20000509486762766
0.021,0.26,1,0,0,0,0,1,0.20000491913171503
0.021,0.27,1,0,0,0,0,1,0.20000513605652
0.021,0.28,1,0,0,0,0,1,0.2000053205504076
0.021,0.29,1,0,0,0,0,1,0.20000352524430018
0.021,0.3,1,0,0,0,0,1,0.20000537536461666
0.021,0.31,1,0,0,0,0,1,0.20000501547477112
0.021,0.32,1,0,0,0,0,1,0.1999950107571399
0.021,0.33,1,0,0,0,0,1,0.1999954406542446
0.021,0.34,1,0,0,0,0,1,0.19999453593323552
0.021,0.35000000000000003,1,0,0,0,0,1,0.1999957478551708
0.021,0.36,1,0,0,0,0,1,0.19999479538714926
0.021,0.37,1,0,0,0,0,1,0.1999956711231417
0.021,0.38,1,0,0,0,0,1,0.19999515782278535
0.021,0.39,1,0,0,0,0,1,0.19999450593538154
0.021,0.4,1,0,0,0,0,1,0.19999643972298353
0.021,0.41000000000000003,1,0,0,0,0,1,0.1999948733549921
0.021,0.42,1,0,0,0,0,1,0.199993326459904
0.021,0.43,1,0,0,0,0,1,0.1999930070486349
0.021,0.44,1,0,0,0,0,1,0.1999950806277256
0.021,0.45,1,0,0,0,0,1,0.19999528248407833
0.021,0.46,1,0,0,0,0,1,0.19999598975296637
0.021,0.47000000000000003,1,0,0,0,0,1,0.1999961971901803
0.021,0.48,1,0,0,0,0,1,0.19999594005562651
0.021,0.49,1,0,0,0,0,1,0.1999951517851568
0.021,0.5,1,0,0,0,0,1,0.1999945826513999
0.021,0.51,1,0,0,0,0,1,0.19999377421432318
0.021,0.52,1,0,0,0,0,1,0.19999495112131266
0.021,0.53,1,0,0,0,0,1,0.1999952708109251
0.021,0.54,1,0,0,0,0,1,0.1999965316942825
0.021,0.55,1,0,0,0,0,1,0.19999525070522442
0.021,0.56,1,0,0,0,0,1,0.19999717571021872
0.021,0.5700000000000001,1,0,0,0,0,1,0.19999314740354363
0.021,0.58,1,0,0,0,0,1,0.19999623137763686
0.021,0.59,1,0,0,0,0,1,0.19999497796326832
0.021,0.6,1,0,0,0,0,1,0.19999544831044697
0.021,0.61,1,0,0,0,0,1,0.19999659393367433
0.021,0.62,1,0,0,0,0,1,0.19999518046246034
0.021,0.63,1,0,0,0,0,1,0.19999507941027114
0.021,0.64,1,0,0,0,0,1,0.1999961765293401
0.021,0.65,1,0,0,0,0,1,0.19999543589480262
0.021,0.66,1,0,0,0,0,1,0.20000345192203953
0.021,0.67,1,0,0,0,0,1,0.20000612576534496
0.021,0.68,1,0,0,0,0,1,0.2000058019937609
0.021,0.6900000000000001,1,0,0,0,0,1,0.20000540092953034
0.021,0.7000000000000001,1,0,0,0,0,1,0.19999611029957168
0.021,0.71,1,0,0,0,0,1,0.1999936216559077
0.021,0.72,1,0,0,0,0,1,0.19999514145848787
0.021,0.73,1,0,0,0,0,1,0.19999434073284492
0.021,0.74,1,0,0,0,0,1,0.1999957357889747
0.021,0.75,1,0,0,0,0,1,0.1999944128967172
0.021,0.76,8,0,1,0,0,0,0.23999506430303214
0.021,0.77,8,0,1,0,0,0,0.22999497933824695
0.021,0.78,8,0,1,0,0,0,0.21999476671699644
0.021,0.79,8,0,1,0,0,0,0.20999569401577492
0.022,0.0,1,0,0,0,0,1,0.20000485823400194
0.022,0.01,1,0,0,0,0,1,0.20000448475184826
0.022,0.02,1,0,0,0,0,1,0.20000782444719312
0.022,0.03,1,0,0,0,0,1,0.2000050948832807
0.022,0.04,1,0,0,0,0,1,0.20000559692283018
0.022,0.05,1,0,0,0,0,1,0.2000055464296031
0.022,0.06,1,0,0,0,0,1,0.20000554576326798
0.022,0.07,1,0,0,0,0,1,0.2000054650678394
0.022,0.08,1,0,0,0,0,1,0.20000565116572488
0.022,0.09,1,0,0,0,0,1,0.20000502330974937
0.022,0.1,1,0,0,0,0,1,0.20000495906700966
0.022,0.11,1,0,0,0,0,1,0.20000467038833245
0.022,0.12,1,0,0,0,0,1,0.20000502256806504
0.022,0.13,1,0,0,0,0,1,0.20000557773411967
0.022,0.14,1,0,0,0,0,1,0.20000523954915084
0.022,0.15,1,0,0,0,0,1,0.20000630442690553
0.022,0.16,1,0,0,0,0,1,0.20000566338349007
0.022,0.17,1,0,0,0,0,1,0.2000057109412409
0.022,0.18,1,0,0,0,0,1,0.2000036126191676
0.022,0.19,1,0,0,0,0,1,0.20000446750806314
0.022,0.2,1,0,0,0,0,1,0.2000035547829344
0.022,0.21,1,0,0,0,0,1,0.2000052064109897
0.022,0.22,1,0,0,0,0,1,0.20000584085058232
0.022,0.23,1,0,0,0,0,1,0.2000043460644178
0.022,0.24,1,0,0,0,0,1,0.2000049129494312
0.022,0.25,1,0,0,0,0,1,0.20000396232433637
0.022,0.26,1,0,0,0,0,1,0.20000560134355358
0.022,0.27,1,0,0,0,0,1,0.20000515479425102
0.022,0.28,1,0,0,0,0,1,0.20000449188153885
0.022,0.29,1,0,0,0,0,1,0.20000507560367078
0.022,0.3,1,0,0,0,0,1,0.2000051335221005
0.022,0.31,1,0,0,0,0,1,0.20000499064362257
0.022,0.32,1,0,0,0,0,1,0.19999545913472494
0.022,0.33,1,0,0,0,0,1,0.1999931049338779
0.022,0.34,1,0,0,0,0,1,0.19999273277075477
0.022,0.35000000000000003,1,0,0,0,0,1,0.1999957184331294
0.022,0.36,1,0,0,0,0,1,0.19999301435901226
0.022,0.37,1,0,0,0,0,1,0.1999931058044683
0.022,0.38,1,0,0,0,0,1,0.19999396484471416
0.022,0.39,1,0,0,0,0,1,0.19999466571166696
0.022,0.4,1,0,0,0,0,1,0.1999951619662752
0.022,0.41000000000000003,1,0,0,0,0,1,0.1999957221212474
0.022,0.42,1,0,0,0,0,1,0.19999316341942663
0.022,0.43,1,0,0,0,0,1,0.19999496418820373
0.022,0.44,1,0,0,0,0,1,0.19999464735511693
0.022,0.45,1,0,0,0,0,1,0.19999503262265128
0.022,0.46,1,0,0,0,0,1,0.19999499087122571
0.022,0.47000000000000003,1,0,0,0,0,1,0.1999953981315124
0.022,0.48,1,0,0,0,0,1,0.19999646650051825
0.022,0.49,1,0,0,0,0,1,0.19999441645440966
0.022,0.5,1,0,0,0,0,1,0.19999507240089556
0.022,0.51,1,0,0,0,0,1,0.19999498079478994
0.022,0.52,1,0,0,0,0,1,0.19999629588699724
0.022,0.53,1,0,0,0,0,1,0.19999551862444012
0.022,0.54,1,0,0,0,0,1,0.19999519757130724
0.022,0.55,1,0,0,0,0,1,0.19999582952184783
0.022,0.56,1,0,0,0,0,1,0.19999306752454168
0.022,0.5700000000000001,1,0,0,0,0,1,0.1999939196293491
0.022,0.58,1,0,0,0,0,1,0.19999485422896102
0.022,0.59,1,0,0,0,0,1,0.1999950416020129
0.022,0.6,1,0,0,0,0,1,0.1999930645894915
0.022,0.61,1,0,0,0,0,1,0.1999961778948872
0.022,0.62,1,0,0,0,0,1,0.19999612408883427
0.022,0.63,1,0,0,0,0,1,0.19999604150934783
0.022,0.64,1,0,0,0,0,1,0.20000658910527097
0.022,0.65,1,0,0,0,0,1,0.19999468083801078
0.022,0.66,1,0,0,0,0,1,0.19999558016510977
0.022,0.67,1,0,0,0,0,1,0.1999958842755265
0.022,0.68,1,0,0,0,0,1,0.2000032975624128
0.022,0.6900000000000001,1,0,0,0,0,1,0.20000430574129868
0.022,0.7000000000000001,1,0,0,0,0,1,0.200004347613511
0.022,0.71,1,0,0,0,0,1,0.19999484067036002
0.022,0.72,1,0,0,0,0,1,0.19999586818869794
0.022,0.73,1,0,0,0,0,1,0.19999599269592505
0.022,0.74,1,0,0,0,0,1,0.19999464077016785
0.022,0.75,1,0,0,0,0,1,0.1999943958390803
0.022,0.76,8,0,1,0,0,0,0.23999480932729206
0.022,0.77,8,0,1,0,0,0,0.22999650319188958
0.022,0.78,8,0,1,0,0,0,0.21999563469165456
0.022,0.79,8,0,1,0,0,0,0.20999480944331753
0.023,0.0,1,0,0,0,0,1,0.20000450307702994
0.023,0.01,1,0,0,0,0,1,0.20000537150784348
0.023,0.02,1,0,0,0,0,1,0.20000485061485798
0.023,0.03,1,0,0,0,0,1,0.20000509371391786
0.023,0.04,1,0,0,0,0,1,0.200005554539308
0.023,0.05,1,0,0,0,0,1,0.20000516086188708
0.023,0.06,1,0,0,0,0,1,0.20000564636216883
0.023,0.07,1,0,0,0,0,1,0.200005100071846
0.023,0.08,1,0,0,0,0,1,0.20000565022412126
0.023,0.09,1,0,0,0,0,1,0.20000529859973332
0.023,0.1,1,0,0,0,0,1,0.20000504531317537
0.023,0.11,1,0,0,0,0,1,0.20000492091948596
0.023,0.12,1,0,0,0,0,1,0.200004986373442
0.023,0.13,1,0,0,0,0,1,0.2000063759450633
0.023,0.14,1,0,0,0,0,1,0.2000059552012618
0.023,0.15,1,0,0,0,0,1,0.20000493507441316
0.023,0.16,1,0,0,0,0,1,0.20000607530919343
0.023,0.17,1,0,0,0,0,1,0.20000451741582623
0.023,0.18,1,0,0,0,0,1,0.2000068513127772
0.023,0.19,1,0,0,0,0,1,0.20000430504059477
0.023,0.2,1,0,0,0,0,1,0.20000330368907582
0.023,0.21,1,0,0,0,0,1,0.20000633392620398
0.023,0.22,1,0,0,0,0,1,0.2000043859764614
0.023,0.23,1,0,0,0,0,1,0.200006416847476
0.023,0.24,1,0,0,0,0,1,0.20000547065968172
0.023,0.25,1,0,0,0,0,1,0.20000390322722747
0.023,0.26,1,0,0,0,0,1,0.20000408277195306
0.023,0.27,1,0,0,0,0,1,0.2000054221618054
0.023,0.28,1,0,0,0,0,1,0.2000048980115591
0.023,0.29,1,0,0,0,0,1,0.20000383686051845
0.023,0.3,1,0,0,0,0,1,0.20000443053364897
0.023,0.31,1,0,0,0,0,1,0.2000059461855419
0.023,0.32,1,0,0,0,0,1,0.19999513571039623
0.023,0.33,1,0,0,0,0,1,0.19999339850237385
0.023,0.34,1,0,0,0,0,1,0.19999454222745536
0.023,0.35000000000000003,1,0,0,0,0,1,0.1999959121250369
0.023,0.36,1,0,0,0,0,1,0.19999505497426445
0.023,0.37,1,0,0,0,0,1,0.19999293901471582
0.023,0.38,1,0,0,0,0,1,0.19999335371204122
0.023,0.39,1,0,0,0,0,1,0.1999962512739504
0.023,0.4,1,0,0,0,0,1,0.19999555553483717
0.023,0.41000000000000003,1,0,0,0,0,1,0.19999537433934614
0.023,0.42,1,0,0,0,0,1,0.1999960075609649
0.023,0.43,1,0,0,0,0,1,0.19999584753839275
0.023,0.44,1,0,0,0,0,1,0.1999953008812571
0.023,0.45,1,0,0,0,0,1,0.1999952478982642
0.023,0.46,1,0,0,0,0,1,0.19999371409791167
0.023,0.47000000000000003,1,0,0,0,0,1,0.1999950602289952
0.023,0.48,1,0,0,0,0,1,0.19999487903283156
0.023,0.49,1,0,0,0,0,1,0.19999476402247796
0.023,0.5,1,0,0,0,0,1,0.19999617665731512
0.023,0.51,1,0,0,0,0,1,0.1999958456911917
0.023,0.52,1,0,0,0,0,1,0.19999736050522438
0.023,0.53,1,0,0,0,0,1,0.19999489560816056
0.023,0.54,1,0,0,0,0,1,0.19999480326591634
0.023,0.55,1,0,0,0,0,1,0.19999499686998043
0.023,0.56,1,0,0,0,0,1,0.19999543495368127
0.023,0.5700000000000001,1,0,0,0,0,1,0.19999486048251433
0.023,0.58,1,0,0,0,0,1,0.19999650936893104
0.023,0.59,1,0,0,0,0,1,0.1999959922992031
0.023,0.6,1,0,0,0,0,1,0.19999351625831988
0.023,0.61,1,0,0,0,0,1,0.19999504743980615
0.023,0.62,1,0,0,0,0,1,0.19999601106930504
0.023,0.63,1,0,0,0,0,1,0.19999578021743925
0.023,0.64,1,0,0,0,0,1,0.20000400901148632
0.023,0.65,1,0,0,0,0,1,0.20000555259697486
0.023,0.66,1,0,0,0,0,1,0.1999950450105079
0.023,0.67,1,0,0,0,0,1,0.2000054650514095
0.023,0.68,1,0,0,0,0,1,0.20000481753626936
0.023,0.6900000000000001,1,0,0,0,0,1,0.2000065406931462
0.023,0.7000000000000001,1,0,0,0,0,1,0.20000464603130455
0.023,0.71,1,0,0,0,0,1,0.19999566396878432
0.023,0.72,1,0,0,0,0,1,0.19999660481346976
0.023,0.73,1,0,0,0,0,1,0.19999442286595212
0.023,0.74,1,0,0,0,0,1,0.1999950471590719
0.023,0.75,1,0,0,0,0,1,0.19999590699250963
0.023,0.76,8,0,1,0,0,0,0.23999409521936968
0.023,0.77,8,0,1,0,0,0,0.22999299403656323
0.023,0.78,8,0,1,0,0,0,0.21999419228593306
0.023,0.79,8,0,1,0,0,0,0.20999602488217028
0.024,0.0,1,0,0,0,0,1,0.2000056827533929
0.024,0.01,1,0,0,0,0,1,0.2000055085458231
0.024,0.02,1,0,0,0,0,1,0.20000406075874713
0.024,0.03,1,0,0,0,0,1,0.20000587515549423
0.024,0.04,1,0,0,0,0,1,0.2000054809795733
0.024,0.05,1,0,0,0,0,1,0.2000034108854065
0.024,0.06,1,0,0,0,0,1,0.20000716048434333
0.024,0.07,1,0,0,0,0,1,0.20000465005694903
0.024,0.08,1,0,0,0,0,1,0.20000593467784644
0.024,0.09,1,0,0,0,0,1,0.20000390466654763
0.024,0.1,1,0,0,0,0,1,0.20000543543941174
0.024,0.11,1,0,0,0,0,1,0.2000049678650188
0.024,0.12,1,0,0,0,0,1,0.2000047312287802
0.024,0.13,1,0,0,0,0,1,0.20000489449385236
0.024,0.14,1,0,0,0,0,1,0.20000615512857453
0.024,0.15,1,0,0,0,0,1,0.20000677195200814
0.024,0.16,1,0,0,0,0,1,0.20000647623217865
0.024,0.17,1,0,0,0,0,1,0.20000546131953728
0.024,0.18,1,0,0,0,0,1,0.20000555233304715
0.024,0.19,1,0,0,0,0,1,0.20000346442977995
0.024,0.2,1,0,0,0,0,1,0.20000465412236654
0.024,0.21,1,0,0,0,0,1,0.20000365263817735
0.024,0.22,1,0,0,0,0,1,0.20000531021606138
0.024,0.23,1,0,0,0,0,1,0.2000068007361834
0.024,0.24,1,0,0,0,0,1,0.2000057860061315
0.024,0.25,1,0,0,0,0,1,0.20000482203508355
0.024,0.26,1,0,0,0,0,1,0.20000399829319773
0.024,0.27,1,0,0,0,0,1,0.2000063795993558
0.024,0.28,1,0,0,0,0,1,0.2000051395650949
0.024,0.29,1,0,0,0,0,1,0.20000636009742934
0.024,0.3,1,0,0,0,0,1,0.2000045864737392
0.024,0.31,1,0,0,0,0,1,0.20000424432308522
0.024,0.32,1,0,0,0,0,1,0.19999506263897615
0.024,0.33,1,0,0,0,0,1,0.1999957159801733
0.024,0.34,1,0,0,0,0,1,0.19999524954048734
0.024,0.35000000000000003,1,0,0,0,0,1,0.1999959956740327
0.024,0.36,1,0,0,0,0,1,0.19999546735771206
0.024,0.37,1,0,0,0,0,1,0.19999279441754939
0.024,0.38,1,0,0,0,0,1,0.19999584956027344
0.024,0.39,1,0,0,0,0,1,0.1999950099351187
0.024,0.4,1,0,0,0,0,1,0.1999937453093186
0.024,0.41000000000000003,1,0,0,0,0,1,0.19999569914297677
0.024,0.42,1,0,0,0,0,1,0.19999466767045324
0.024,0.43,1,0,0,0,0,1,0.19999610249720415
0.024,0.44,1,0,0,0,0,1,0.19999655179977563
0.024,0.45,1,0,0,0,0,1,0.19999628478730047
0.024,0.46,1,0,0,0,0,1,0.1999958873655124
0.024,0.47000000000000003,1,0,0,0,0,1,0.19999488746102703
0.024,0.48,1,0,0,0,0,1,0.19999502762075794
0.024,0.49,1,0,0,0,0,1,0.19999613638069585
0.024,0.5,1,0,0,0,0,1,0.19999698402647503
0.024,0.51,1,0,0,0,0,1,0.19999539411311842
0.024,0.52,1,0,0,0,0,1,0.1999937552454212
0.024,0.53,1,0,0,0,0,1,0.19999451745847505
0.024,0.54,1,0,0,0,0,1,0.19999593566979998
0.024,0.55,1,0,0,0,0,1,0.19999481410459585
0.024,0.56,1,0,0,0,0,1,0.19999329253655052
0.024,0.5700000000000001,1,0,0,0,0,1,0.19999521873811757
0.024,0.58,1,0,0,0,0,1,0.19999498584508382
0.024,0.59,1,0,0,0,0,1,0.1999948353877751
0.024,0.6,1,0,0,0,0,1,0.19999545595030513
0.024,0.61,1,0,0,0,0,1,0.19999512199501052
0.024,0.62,1,0,0,0,0,1,0.19999588341347868
0.024,0.63,1,0,0,0,0,1,0.19999255871360652
0.024,0.64,1,0,0,0,0,1,0.2000044570303822
0.024,0.65,1,0,0,0,0,1,0.20000456658333385
0.024,0.66,1,0,0,0,0,1,0.2000063906010217
0.024,0.67,1,0,0,0,0,1,0.2000059782759911
0.024,0.68,1,0,0,0,0,1,0.19999697397386124
0.024,0.6900000000000001,1,0,0,0,0,1,0.19999575896348723
0.024,0.7000000000000001,1,0,0,0,0,1,0.19999446497079093
0.024,0.71,1,0,0,0,0,1,0.19999598325201942
0.024,0.72,1,0,0,0,0,1,0.1999963012981965
0.024,0.73,1,0,0,0,0,1,0.1999959667202209
0.024,0.74,1,0,0,0,0,1,0.19999615865880446
0.024,0.75,1,0,0,0,0,1,0.19999539112748552
0.024,0.76,8,0,1,0,0,0,0.23999539410403067
0.024,0.77,8,0,1,0,0,0,0.22999489035998835
0.024,0.78,8,0,1,0,0,0,0.21999380147770303
0.024,0.79,8,0,1,0,0,0,0.20999419130415958
0.025,0.0,1,0,0,0,0,1,0.20000627370061955
0.025,0.01,1,0,0,0,0,1,0.20000473568131844
0.025,0.02,1,0,0,0,0,1,0.2000055622070815
0.025,0.03,1,0,0,0,0,1,0.20000390217967048
0.025,0.04,1,0,0,0,0,1,0.20000503250808035
0.025,0.05,1,0,0,0,0,1,0.2000055761252022
0.025,0.06,1,0,0,0,0,1,0.20000548630385298
0.025,0.07,1,0,0,0,0,1,0.2000055334535643
0.025,0.08,1,0,0,0,0,1,0.20000625528251118
0.025,0.09,1,0,0,0,0,1,0.20000566000665684
0.025,0.1,1,0,0,0,0,1,0.2000052619829864
0.025,0.11,1,0,0,0,0,1,0.20000503841704254
0.025,0.12,1,0,0,0,0,1,0.20000462092812446
0.025,0.13,1,0,0,0,0,1,0.20000494008142264
0.025,0.14,1,0,0,0,0,1,0.20000818808505255
0.025,0.15,1,0,0,0,0,1,0.20000667369185032
0.025,0.16,1,0,0,0,0,1,0.2000059202064181
0.025,0.17,1,0,0,0,0,1,0.20000493044383494
0.025,0.18,1,0,0,0,0,1,0.2000060438891423
0.025,0.19,1,0,0,0,0,1,0.20000492670921594
0.025,0.2,1,0,0,0,0,1,0.2000042844291626
0.025,0.21,1,0,0,0,0,1,0.20000510289960988
0.025,0.22,1,0,0,0,0,1,0.2000064713686949
0.025,0.23,1,0,0,0,0,1,0.20000573567550695
0.025,0.24,1,0,0,0,0,1,0.2000043903182771
0.025,0.25,1,0,0,0,0,1,0.20000519576517564
0.025,0.26,1,0,0,0,0,1,0.20000459647272997
0.025,0.27,1,0,0,0,0,1,0.20000690018890746
0.025,0.28,1,0,0,0,0,1,0.20000552008552305
0.025,0.29,1,0,0,0,0,1,0.20000637438871055
0.025,0.3,1,0,0,0,0,1,0.20000668267843125
0.025,0.31,1,0,0,0,0,1,0.20000688539848135
0.025,0.32,1,0,0,0,0,1,0.19999632608211804
0.025,0.33,1,0,0,0,0,1,0.19999365577273714
0.025,0.34,1,0,0,0,0,1,0.1999936725488698
0.025,0.35000000000000003,1,0,0,0,0,1,0.19999602335620362
0.025,0.36,1,0,0,0,0,1,0.19999608569941899
0.025,0.37,1,0,0,0,0,1,0.19999701692655927
0.025,0.38,1,0,0,0,0,1,0.19999378164169607
0.025,0.39,1,0,0,0,0,1,0.19999630324151813
0.025,0.4,1,0,0,0,0,1,0.19999575279311796
0.025,0.41000000000000003,1,0,0,0,0,1,0.1999952956099718
0.025,0.42,1,0,0,0,0,1,0.19999453013519278
0.025,0.43,1,0,0,0,0,1,0.19999483670887755
0.025,0.44,1,0,0,0,0,1,0.19999525333751927
0.025,0.45,1,0,0,0,0,1,0.1999959862341252
0.025,0.46,1,0,0,0,0,1,0.19999589828749323
0.025,0.47000000000000003,1,0,0,0,0,1,0.19999318130858443
0.025,0.48,1,0,0,0,0,1,0.199996136940074
0.025,0.49,1,0,0,0,0,1,0.19999576865608637
0.025,0.5,1,0,0,0,0,1,0.19999603545338376
0.025,0.51,1,0,0,0,0,1,0.19999310990988253
0.025,0.52,1,0,0,0,0,1,0.19999402221313212
0.025,0.53,1,0,0,0,0,1,0.1999949511867364
0.025,0.54,1,0,0,0,0,1,0.19999625400574492
0.025,0.55,1,0,0,0,0,1,0.19999590977504844
0.025,0.56,1,0,0,0,0,1,0.19999597613366804
0.025,0.5700000000000001,1,0,0,0,0,1,0.19999388592635697
0.025,0.58,1,0,0,0,0,1,0.19999516733296827
0.025,0.59,1,0,0,0,0,1,0.19999524934567495
0.025,0.6,1,0,0,0,0,1,0.19999291329354152
0.025,0.61,1,0,0,0,0,1,0.19999571288616905
0.025,0.62,1,0,0,0,0,1,0.19999701172138096
0.025,0.63,1,0,0,0,0,1,0.19999562140528884
0.025,0.64,1,0,0,0,0,1,0.2000051719294413
0.025,0.65,1,0,0,0,0,1,0.20000516407310584
0.025,0.66,1,0,0,0,0,1,0.20000395444537275
0.025,0.67,1,0,0,0,0,1,0.20000583243893308
0.025,0.68,1,0,0,0,0,1,0.2000053874150789
0.025,0.6900000000000001,1,0,0,0,0,1,0.19999537945837367
0.025,0.7000000000000001,1,0,0,0,0,1,0.1999971251354942
0.025,0.71,1,0,0,0,0,1,0.19999546093835116
0.025,0.72,1,0,0,0,0,1,0.19999464339460038
0.025,0.73,1,0,0,0,0,1,0.19999499570601392
0.025,0.74,1,0,0,0,0,1,0.19999578272118634
0.025,0.75,1,0,0,0,0,1,0.19999503008417552
0.025,0.76,1,0,0,0,0,1,0.1999946231574631
0.025,0.77,8,0,1,0,0,0,0.22999497333685737
0.025,0.78,8,0,1,0,0,0,0.21999530283189833
0.025,0.79,8,0,1,0,0,0,0.2099947041160989
0.026000000000000002,0.0,1,0,0,0,0,1,0.20000622047554703
0.026000000000000002,0.01,1,0,0,0,0,1,0.20000546328104116
0.026000000000000002,0.02,1,0,0,0,0,1,0.20000553426266351
0.026000000000000002,0.03,1,0,0,0,0,1,0.20000513317392743
0.026000000000000002,0.04,1,0,0,0,0,1,0.20000500215833564
0.026000000000000002,0.05,1,0,0,0,0,1,0.20000550197579567
0.026000000000000002,0.06,1,0,0,0,0,1,0.20000477541665945
0.026000000000000002,0.07,1,0,0,0,0,1,0.2000056104350144
0.026000000000000002,0.08,1,0,0,0,0,1,0.20000623980868382
0.026000000000000002,0.09,1,0,0,0,0,1,0.2000056505697953
0.026000000000000002,0.1,1,0,0,0,0,1,0.20000537508890148
0.026000000000000002,0.11,1,0,0,0,0,1,0.20000510893332038
0.026000000000000002,0.12,1,0,0,0,0,1,0.20000496497562154
0.026000000000000002,0.13,1,0,0,0,0,1,0.20000501184125757
0.026000000000000002,0.14,1,0,0,0,0,1,0.20000547599231436
0.026000000000000002,0.15,1,0,0,0,0,1,0.20000441003549055
0.026000000000000002,0.16,1,0,0,0,0,1,0.20000544180304436
0.026000000000000002,0.17,1,0,0,0,0,1,0.2000055830877552
0.026000000000000002,0.18,1,0,0,0,0,1,0.20000471167450087
0.026000000000000002,0.19,1,0,0,0,0,1,0.20000571271180212
0.026000000000000002,0.2,1,0,0,0,0,1,0.20000343620972713
0.026000000000000002,0.21,1,0,0,0,0,1,0.20000302147695587
0.026000000000000002,0.22,1,0,0,0,0,1,0.20000592320147428
0.026000000000000002,0.23,1,0,0,0,0,1,0.2000040115522969
0.026000000000000002,0.24,1,0,0,0,0,1,0.20000672917310253
0.026000000000000002,0.25,1,0,0,0,0,1,0.2000056357711686
0.026000000000000002,0.26,1,0,0,0,0,1,0.20000469401722878
0.026000000000000002,0.27,1,0,0,0,0,1,0.20000447833546967
0.026000000000000002,0.28,1,0,0,0,0,1,0.2000053880371454
0.026000000000000002,0.29,1,0,0,0,0,1,0.20000616381387434
0.026000000000000002,0.3,1,0,0,0,0,1,0.20000479190651035
0.026000000000000002,0.31,1,0,0,0,0,1,0.20000517727736702
0.026000000000000002,0.32,1,0,0,0,0,1,0.19999331228435405
0.026000000000000002,0.33,1,0,0,0,0,1,0.19999523649208759
0.026000000000000002,0.34,1,0,0,0,0,1,0.199995764874522
0.026000000000000002,0.35000000000000003,1,0,0,0,0,1,0.19999709962507964
0.026000000000000002,0.36,1,0,0,0,0,1,0.19999615753837593
0.026000000000000002,0.37,1,0,0,0,0,1,0.19999338695629917
0.026000000000000002,0.38,1,0,0,0,0,1,0.19999320095057438
0.026000000000000002,0.39,1,0,0,0,0,1,0.19999601662535094
0.026000000000000002,0.4,1,0,0,0,0,1,0.19999591551402796
0.026000000000000002,0.41000000000000003,1,0,0,0,0,1,0.19999292619873232
0.026000000000000002,0.42,1,0,0,0,0,1,0.19999563235497017
0.026000000000000002,0.43,1,0,0,0,0,1,0.1999936994075014
0.026000000000000002,0.44,1,0,0,0,0,1,0.19999500386967736
0.026000000000000002,0.45,1,0,0,0,0,1,0.199995826576215
0.026000000000000002,0.46,1,0,0,0,0,1,0.19999601856944438
0.026000000000000002,0.47000000000000003,1,0,0,0,0,1,0.19999407248264187
0.026000000000000002,0.48,1,0,0,0,0,1,0.19999391753854526
0.026000000000000002,0.49,1,0,0,0,0,1,0.19999613483814557
0.026000000000000002,0.5,1,0,0,0,0,1,0.19999598159710932
0.026000000000000002,0.51,1,0,0,0,0,1,0.1999954345792803
0.026000000000000002,0.52,1,0,0,0,0,1,0.19999592628895696
0.026000000000000002,0.53,1,0,0,0,0,1,0.19999325570464838
0.026000000000000002,0.54,1,0,0,0,0,1,0.19999408865932433
0.026000000000000002,0.55,1,0,0,0,0,1,0.19999315659042216
0.026000000000000002,0.56,1,0,0,0,0,1,0.19999603400184957
0.026000000000000002,0.5700000000000001,1,0,0,0,0,1,0.1999951061634121
0.026000000000000002,0.58,1,0,0,0,0,1,0.19999397562221935
0.026000000000000002,0.59,1,0,0,0,0,1,0.19999590456849403
0.026000000000000002,0.6,1,0,0,0,0,1,0.19999544594031
0.026000000000000002,0.61,1,0,0,0,0,1,0.1999957092283732
0.026000000000000002,0.62,1,0,0,0,0,1,0.19999503949986697
0.026000000000000002,0.63,1,0,0,0,0,1,0.19999513162415647
0.026000000000000002,0.64,1,0,0,0,0,1,0.20000471198746644
0.026000000000000002,0.65,1,0,0,0,0,1,0.200007755530322
0.026000000000000002,0.66,1,0,0,0,0,1,0.20000398095319066
0.026000000000000002,0.67,1,0,0,0,0,1,0.19999567371267468
0.026000000000000002,0.68,1,0,0,0,0,1,0.20000540846249876
0.026000000000000002,0.6900000000000001,1,0,0,0,0,1,0.2000054592202776
0.026000000000000002,0.7000000000000001,1,0,0,0,0,1,0.2000053625171592
0.026000000000000002,0.71,1,0,0,0,0,1,0.19999514778898206
0.026000000000000002,0.72,1,0,0,0,0,1,0.19999456674054705
0.026000000000000002,0.73,1,0,0,0,0,1,0.19999544832807492
0.026000000000000002,0.74,1,0,0,0,0,1,0.19999698611678035
0.026000000000000002,0.75,1,0,0,0,0,1,0.1999923095524763
0.026000000000000002,0.76,1,0,0,0,0,1,0.1999949314762059
0.026000000000000002,0.77,8,0,1,0,0,0,0.2299943400561753
0.026000000000000002,0.78,8,0,1,0,0,0,0.2199957864191086
0.026000000000000002,0.79,8,0,1,0,0,0,0.20999471386017105
0.027,0.0,1,0,0,0,0,1,0.20000458765299814
0.027,0.01,1,0,0,0,0,1,0.2000051910875633
0.027,0.02,1,0,0,0,0,1,0.20000547463690777
0.027,0.03,1,0,0,0,0,1,0.20000539004898868
0.027,0.04,1,0,0,0,0,1,0.2000058858531253
0.027,0.05,1,0,0,0,0,1,0.200005400572272
0.027,0.06,1,0,0,0,0,1,0.2000055591606975
0.027,0.07,1,0,0,0,0,1,0.20000712775254323
0.027,0.08,1,0,0,0,0,1,0.20000540592708385
0.027,0.09,1,0,0,0,0,1,0.20000598072420853
0.027,0.1,1,0,0,0,0,1,0.20000437017801864
0.027,0.11,1,0,0,0,0,1,0.2000055114746762
0.027,0.12,1,0,0,0,0,1,0.2000050121085451
0.027,0.13,1,0,0,0,0,1,0.200004679490104
0.027,0.14,1,0,0,0,0,1,0.20000461974228959
0.027,0.15,1,0,0,0,0,1,0.20000645708433654
0.027,0.16,1,0,0,0,0,1,0.20000691723352926
0.027,0.17,1,0,0,0,0,1,0.20000643254699174
0.027,0.18,1,0,0,0,0,1,0.2000067464481683
0.027,0.19,1,0,0,0,0,1,0.2000057299954219
0.027,0.2,1,0,0,0,0,1,0.20000534428507544
0.027,0.21,1,0,0,0,0,1,0.20000429467577358
0.027,0.22,1,0,0,0,0,1,0.20000336203731472
0.027,0.23,1,0,0,0,0,1,0.20000650116568003
0.027,0.24,1,0,0,0,0,1,0.20000709742953635
0.027,0.25,1,0,0,0,0,1,0.20000489260427293
0.027,0.26,1,0,0,0,0,1,0.20000498648427334
0.027,0.27,1,0,0,0,0,1,0.200005051996318
0.027,0.28,1,0,0,0,0,1,0.20000742309100777
0.027,0.29,1,0,0,0,0,1,0.20000510132803292
0.027,0.3,1,0,0,0,0,1,0.20000495136671684
0.027,0.31,1,0,0,0,0,1,0.20000534844644102
0.027,0.32,1,0,0,0,0,1,0.1999961689965246
0.027,0.33,1,0,0,0,0,1,0.19999422731300565
0.027,0.34,1,0,0,0,0,1,0.1999946548994616
0.027,0.35000000000000003,1,0,0,0,0,1,0.1999961946024287
0.027,0.36,1,0,0,0,0,1,0.19999447193628175
0.027,0.37,1,0,0,0,0,1,0.19999644757349955
0.027,0.38,1,0,0,0,0,1,0.19999360481141867
0.027,0.39,1,0,0,0,0,1,0.19999342747053014
0.027,0.4,1,0,0,0,0,1,0.1999928875702442
0.027,0.41000000000000003,1,0,0,0,0,1,0.19999303677932825
0.027,0.42,1,0,0,0,0,1,0.19999543635112185
0.027,0.43,1,0,0,0,0,1,0.19999342162997774
0.027,0.44,1,0,0,0,0,1,0.19999591497198652
0.027,0.45,1,0,0,0,0,1,0.19999360450514647
0.027,0.46,1,0,0,0,0,1,0.1999950274916344
0.027,0.47000000000000003,1,0,0,0,0,1,0.1999959822430304
0.027,0.48,1,0,0,0,0,1,0.19999344456809054
0.027,0.49,1,0,0,0,0,1,0.19999340752752376
0.027,0.5,1,0,0,0,0,1,0.19999594538398194
0.027,0.51,1,0,0,0,0,1,0.19999362755709585
0.027,0.52,1,0,0,0,0,1,0.1999958517411782
0.027,0.53,1,0,0,0,0,1,0.19999512770752362
0.027,0.54,1,0,0,0,0,1,0.1999959962558092
0.027,0.55,1,0,0,0,0,1,0.19999476303129204
0.027,0.56,1,0,0,0,0,1,0.19999579028547984
0.027,0.5700000000000001,1,0,0,0,0,1,0.19999627248052548
0.027,0.58,1,0,0,0,0,1,0.1999960702032356
0.027,0.59,1,0,0,0,0,1,0.19999510883616908
0.027,0.6,1,0,0,0,0,1,0.19999507456291768
0.027,0.61,1,0,0,0,0,1,0.19999610597981574
0.027,0.62,1,0,0,0,0,1,0.1999960322592452
0.027,0.63,1,0,0,0,0,1,0.19999524804018567
0.027,0.64,1,0,0,0,0,1,0.19999593132285753
0.027,0.65,1,0,0,0,0,1,0.20000470895784786
0.027,0.66,1,0,0,0,0,1,0.20000523585552452
0.027,0.67,1,0,0,0,0,1,0.200005003417376
0.027,0.68,1,0,0,0,0,1,0.19999614292655252
0.027,0.6900000000000001,1,0,0,0,0,1,0.19999317775947872
0.027,0.7000000000000001,1,0,0,0,0,1,0.20000689651106926
0.027,0.71,1,0,0,0,0,1,0.19999546858962897
0.027,0.72,1,0,0,0,0,1,0.19999603994799112
0.027,0.73,1,0,0,0,0,1,0.1999957882748869
0.027,0.74,1,0,0,0,0,1,0.1999951842483315
0.027,0.75,1,0,0,0,0,1,0.19999499261453912
0.027,0.76,1,0,0,0,0,1,0.1999946564977938
0.027,0.77,8,0,1,0,0,0,0.2299961081749738
0.027,0.78,8,0,1,0,0,0,0.21999493991493113
0.027,0.79,8,0,1,0,0,0,0.20999485243136332
0.028,0.0,1,0,0,0,0,1,0.20000666199454714
0.028,0.01,1,0,0,0,0,1,0.20000653390142664
0.028,0.02,1,0,0,0,0,1,0.2000066610184039
0.028,0.03,1,0,0,0,0,1,0.2000051589317261
0.028,0.04,1,0,0,0,0,1,0.20000464416472233
0.028,0.05,1,0,0,0,0,1,0.20000529057546745
0.028,0.06,1,0,0,0,0,1,0.2000033422121558
0.028,0.07,1,0,0,0,0,1,0.20000540143937726
0.028,0.08,1,0,0,0,0,1,0.20000505708327496
0.028,0.09,1,0,0,0,0,1,0.20000657619046056
0.028,0.1,1,0,0,0,0,1,0.20000564806347404
0.028,0.11,1,0,0,0,0,1,0.20000531225130366
0.028,0.12,1,0,0,0,0,1,0.20000414790862775
0.028,0.13,1,0,0,0,0,1,0.200004602519372
0.028,0.14,1,0,0,0,0,1,0.20000487349465393
0.028,0.15,1,0,0,0,0,1,0.2000070844735338
0.028,0.16,1,0,0,0,0,1,0.20000560330437633
0.028,0.17,1,0,0,0,0,1,0.2000062549617709
0.028,0.18,1,0,0,0,0,1,0.20000651221874655
0.028,0.19,1,0,0,0,0,1,0.20000637204926147
0.028,0.2,1,0,0,0,0,1,0.20000469305734989
0.028,0.21,1,0,0,0,0,1,0.20000520941424774
0.028,0.22,1,0,0,0,0,1,0.20000470131421258
0.028,0.23,1,0,0,0,0,1,0.20000542030515953
0.028,0.24,1,0,0,0,0,1,0.20000525819792475
0.028,0.25,1,0,0,0,0,1,0.20000455810693685
0.028,0.26,1,0,0,0,0,1,0.20000548993232284
0.028,0.27,1,0,0,0,0,1,0.2000039241151465
0.028,0.28,1,0,0,0,0,1,0.2000068304462507
0.028,0.29,1,0,0,0,0,1,0.20000554025138165
0.028,0.3,1,0,0,0,0,1,0.20000457893241894
0.028,0.31,1,0,0,0,0,1,0.2000041076035501
0.028,0.32,1,0,0,0,0,1,0.19999570391099036
0.028,0.33,1,0,0,0,0,1,0.1999953821461134
0.028,0.34,1,0,0,0,0,1,0.1999962220352211
0.028,0.35000000000000003,1,0,0,0,0,1,0.1999951429749372
0.028,0.36,1,0,0,0,0,1,0.19999406157130462
0.028,0.37,1,0,0,0,0,1,0.19999506239370088
0.028,0.38,1,0,0,0,0,1,0.19999611421574687
0.028,0.39,1,0,0,0,0,1,0.19999404806919355
0.028,0.4,1,0,0,0,0,1,0.19999335580605476
0.028,0.41000000000000003,1,0,0,0,0,1,0.19999673203454582
0.028,0.42,1,0,0,0,0,1,0.19999317844176634
0.028,0.43,1,0,0,0,0,1,0.19999326117705
0.028,0.44,1,0,0,0,0,1,0.19999308152119002
0.028,0.45,1,0,0,0,0,1,0.1999938124741345
0.028,0.46,1,0,0,0,0,1,0.19999492409207859
0.028,0.47000000000000003,1,0,0,0,0,1,0.19999481009340717
0.028,0.48,1,0,0,0,0,1,0.19999351671094046
0.028,0.49,1,0,0,0,0,1,0.19999522076832693
0.028,0.5,1,0,0,0,0,1,0.19999512638575612
0.028,0.51,1,0,0,0,0,1,0.19999515534044726
0.028,0.52,1,0,0,0,0,1,0.19999675950757717
0.028,0.53,1,0,0,0,0,1,0.19999388903748083
0.028,0.54,1,0,0,0,0,1,0.19999332298857825
0.028,0.55,1,0,0,0,0,1,0.19999498487141257
0.028,0.56,1,0,0,0,0,1,0.19999585443125842
0.028,0.5700000000000001,1,0,0,0,0,1,0.19999625903886076
0.028,0.58,1,0,0,0,0,1,0.19999478146623043
0.028,0.59,1,0,0,0,0,1,0.19999400449102192
0.028,0.6,1,0,0,0,0,1,0.19999622436169906
0.028,0.61,1,0,0,0,0,1,0.1999949290190213
0.028,0.62,1,0,0,0,0,1,0.19999512143914308
0.028,0.63,1,0,0,0,0,1,0.19999510095262782
0.028,0.64,1,0,0,0,0,1,0.19999502734691982
0.028,0.65,1,0,0,0,0,1,0.2000066330608576
0.028,0.66,1,0,0,0,0,1,0.20000588768946387
0.028,0.67,1,0,0,0,0,1,0.2000064090517418
0.028,0.68,1,0,0,0,0,1,0.19999544489441598
0.028,0.6900000000000001,1,0,0,0,0,1,0.20000532317045475
0.028,0.7000000000000001,1,0,0,0,0,1,0.20000665304472573
0.028,0.71,1,0,0,0,0,1,0.19999550333931088
0.028,0.72,1,0,0,0,0,1,0.19999567855922482
0.028,0.73,1,0,0,0,0,1,0.19999608335732555
0.028,0.74,1,0,0,0,0,1,0.19999482462946444
0.028,0.75,1,0,0,0,0,1,0.19999521499467754
0.028,0.76,1,0,0,0,0,1,0.19999708639880776
0.028,0.77,8,0,1,0,0,0,0.22999451558341485
0.028,0.78,8,0,1,0,0,0,0.2199943954135172
0.028,0.79,8,0,1,0,0,0,0.20999594732124652
0.029,0.0,1,0,0,0,0,1,0.2000058931922244
0.029,0.01,1,0,0,0,0,1,0.2000049365697369
0.029,0.02,1,0,0,0,0,1,0.20000537338596186
0.029,0.03,1,0,0,0,0,1,0.20000559798133716
0.029,0.04,1,0,0,0,0,1,0.20000493647155868
0.029,0.05,1,0,0,0,0,1,0.20000488097053695
0.029,0.06,1,0,0,0,0,1,0.20000542849581285
0.029,0.07,1,0,0,0,0,1,0.20000736480673717
0.029,0.08,1,0,0,0,0,1,0.20000717045045843
0.029,0.09,1,0,0,0,0,1,0.20000554063702775
0.029,0.1,1,0,0,0,0,1,0.20000562652660525
0.029,0.11,1,0,0,0,0,1,0.20000544759686872
0.029,0.12,1,0,0,0,0,1,0.20000517967036208
0.029,0.13,1,0,0,0,0,1,0.20000503026052938
0.029,0.14,1,0,0,0,0,1,0.20000505149622635
0.029,0.15,1,0,0,0,0,1,0.20000609018907398
0.029,0.16,1,0,0,0,0,1,0.20000502712764218
0.029,0.17,1,0,0,0,0,1,0.20000669897051077
0.029,0.18,1,0,0,0,0,1,0.2000064491398429
0.029,0.19,1,0,0,0,0,1,0.20000488529965743
0.029,0.2,1,0,0,0,0,1,0.20000586910992935
0.029,0.21,1,0,0,0,0,1,0.20000379819371691
0.029,0.22,1,0,0,0,0,1,0.20000430079562398
0.029,0.23,1,0,0,0,0,1,0.20000483983981307
0.029,0.24,1,0,0,0,0,1,0.20000433789873348
0.029,0.25,1,0,0,0,0,1,0.20000448499970247
0.029,0.26,1,0,0,0,0,1,0.20000590447544878
0.029,0.27,1,0,0,0,0,1,0.20000394675266153
0.029,0.28,1,0,0,0,0,1,0.20000449075175555
0.029,0.29,1,0,0,0,0,1,0.2000070110660508
0.029,0.3,1,0,0,0,0,1,0.2000051040588281
0.029,0.31,1,0,0,0,0,1,0.2000042870030704
0.029,0.32,1,0,0,0,0,1,0.19999481215577605
0.029,0.33,1,0,0,0,0,1,0.1999952401234385
0.029,0.34,1,0,0,0,0,1,0.19999583049735556
0.029,0.35000000000000003,1,0,0,0,0,1,0.1999953512205794
0.029,0.36,1,0,0,0,0,1,0.19999433299125302
0.029,0.37,1,0,0,0,0,1,0.19999509582051683
0.029,0.38,1,0,0,0,0,1,0.1999960422596324
0.029,0.39,1,0,0,0,0,1,0.19999438998402633
0.029,0.4,1,0,0,0,0,1,0.19999281924975404
0.029,0.41000000000000003,1,0,0,0,0,1,0.19999363637977913
0.029,0.42,1,0,0,0,0,1,0.19999316982071083
0.029,0.43,1,0,0,0,0,1,0.19999500953989183
0.029,0.44,1,0,0,0,0,1,0.19999296303832753
0.029,0.45,1,0,0,0,0,1,0.19999326959148223
0.029,0.46,1,0,0,0,0,1,0.1999940128527615
0.029,0.47000000000000003,1,0,0,0,0,1,0.199994873054231
0.029,0.48,1,0,0,0,0,1,0.19999627740750142
0.029,0.49,1,0,0,0,0,1,0.19999532261912129
0.029,0.5,1,0,0,0,0,1,0.19999432240171391
0.029,0.51,1,0,0,0,0,1,0.1999957329276338
0.029,0.52,1,0,0,0,0,1,0.19999569138854753
0.029,0.53,1,0,0,0,0,1,0.19999592079890854
0.029,0.54,1,0,0,0,0,1,0.19999599512249802
0.029,0.55,1,0,0,0,0,1,0.19999575543128725
0.029,0.56,1,0,0,0,0,1,0.19999502619768642
0.029,0.5700000000000001,1,0,0,0,0,1,0.19999643382865892
0.029,0.58,1,0,0,0,0,1,0.19999520397997783
0.029,0.59,1,0,0,0,0,1,0.19999590109287496
0.029,0.6,1,0,0,0,0,1,0.19999569377461285
0.029,0.61,1,0,0,0,0,1,0.1999959165674539
0.029,0.62,1,0,0,0,0,1,0.19999378176119703
0.029,0.63,1,0,0,0,0,1,0.20000517837214962
0.029,0.64,1,0,0,0,0,1,0.1999958760283638
0.029,0.65,1,0,0,0,0,1,0.20000556966543037
0.029,0.66,1,0,0,0,0,1,0.20000436493355864
0.029,0.67,1,0,0,0,0,1,0.20000687123740496
0.029,0.68,1,0,0,0,0,1,0.19999501344338233
0.029,0.6900000000000001,1,0,0,0,0,1,0.2000061976803876
0.029,0.7000000000000001,1,0,0,0,0,1,0.1999949746013304
0.029,0.71,1,0,0,0,0,1,0.19999530999418308
0.029,0.72,1,0,0,0,0,1,0.1999960409270478
0.029,0.73,1,0,0,0,0,1,0.19999647107385782
0.029,0.74,1,0,0,0,0,1,0.19999544360393692
0.029,0.75,1,0,0,0,0,1,0.1999959131757584
0.029,0.76,1,0,0,0,0,1,0.19999605764844208
0.029,0.77,8,0,1,0,0,0,0.2299951687449724
0.029,0.78,8,0,1,0,0,0,0.21999562956400695
0.029,0.79,8,0,1,0,0,0,0.20999501257818715
0.03,0.0,1,0,0,0,0,1,0.20000565667273212
0.03,0.01,1,0,0,0,0,1,0.2000057314170195
0.03,0.02,1,0,0,0,0,1,0.20000614566960362
0.03,0.03,1,0,0,0,0,1,0.20000543020183748
0.03,0.04,1,0,0,0,0,1,0.20000513587765545
0.03,0.05,1,0,0,0,0,1,0.2000057170820995
0.03,0.06,1,0,0,0,0,1,0.20000529913921722
0.03,0.07,1,0,0,0,0,1,0.20000631782163006
0.03,0.08,1,0,0,0,0,1,0.2000070460993989
0.03,0.09,1,0,0,0,0,1,0.20000494512479844
0.03,0.1,1,0,0,0,0,1,0.2000060070644788
0.03,0.11,1,0,0,0,0,1,0.20000641878324743
0.03,0.12,1,0,0,0,0,1,0.20000560934020115
0.03,0.13,1,0,0,0,0,1,0.20000527323672224
0.03,0.14,1,0,0,0,0,1,0.20000495244856187
0.03,0.15,1,0,0,0,0,1,0.20000472940572817
0.03,0.16,1,0,0,0,0,1,0.20000653524437947
0.03,0.17,1,0,0,0,0,1,0.20000676904939627
0.03,0.18,1,0,0,0,0,1,0.20000628830710268
0.03,0.19,1,0,0,0,0,1,0.2000064902307157
0.03,0.2,1,0,0,0,0,1,0.20000602617982743
0.03,0.21,1,0,0,0,0,1,0.2000055419594893
0.03,0.22,1,0,0,0,0,1,0.20000439665267186
0.03,0.23,1,0,0,0,0,1,0.2000049582763171
0.03,0.24,1,0,0,0,0,1,0.2000067384354326
0.03,0.25,1,0,0,0,0,1,0.20000727547260702
0.03,0.26,1,0,0,0,0,1,0.20000647391125684
0.03,0.27,1,0,0,0,0,1,0.2000051795354893
0.03,0.28,1,0,0,0,0,1,0.20000392343916115
0.03,0.29,1,0,0,0,0,1,0.20000599268656594
0.03,0.3,1,0,0,0,0,1,0.20000549309848803
0.03,0.31,1,0,0,0,0,1,0.20000623266642073
0.03,0.32,1,0,0,0,0,1,0.19999504108582056
0.03,0.33,1,0,0,0,0,1,0.19999566636506366
0.03,0.34,1,0,0,0,0,1,0.1999953014952434
0.03,0.35000000000000003,1,0,0,0,0,1,0.19999505805417042
0.03,0.36,1,0,0,0,0,1,0.19999542186872912
0.03,0.37,1,0,0,0,0,1,0.19999626160872278
0.03,0.38,1,0,0,0,0,1,0.19999417811795706
0.03,0.39,1,0,0,0,0,1,0.19999539706151864
0.03,0.4,1,0,0,0,0,1,0.1999947261570813
0.03,0.41000000000000003,1,0,0,0,0,1,0.19999424790220546
0.03,0.42,1,0,0,0,0,1,0.19999570731799204
0.03,0.43,1,0,0,0,0,1,0.19999370022289628
0.03,0.44,1,0,0,0,0,1,0.19999302481723405
0.03,0.45,1,0,0,0,0,1,0.1999958174916937
0.03,0.46,1,0,0,0,0,1,0.19999537038960394
0.03,0.47000000000000003,1,0,0,0,0,1,0.1999961451508536
0.03,0.48,1,0,0,0,0,1,0.1999956064827687
0.03,0.49,1,0,0,0,0,1,0.19999300917850327
0.03,0.5,1,0,0,0,0,1,0.1999952700067723
0.03,0.51,1,0,0,0,0,1,0.19999528751653267
0.03,0.52,1,0,0,0,0,1,0.19999367075057375
0.03,0.53,1,0,0,0,0,1,0.19999610757081063
0.03,0.54,1,0,0,0,0,1,0.19999675680737933
0.03,0.55,1,0,0,0,0,1,0.19999615743717286
0.03,0.56,1,0,0,0,0,1,0.1999951750627681
0.03,0.5700000000000001,1,0,0,0,0,1,0.19999475278760487
0.03,0.58,1,0,0,0,0,1,0.1999952572315329
0.03,0.59,1,0,0,0,0,1,0.1999963753583048
0.03,0.6,1,0,0,0,0,1,0.19999638825378366
0.03,0.61,1,0,0,0,0,1,0.1999950203311096
0.03,0.62,1,0,0,0,0,1,0.20000445375459083
0.03,0.63,1,0,0,0,0,1,0.19999507273742348
0.03,0.64,1,0,0,0,0,1,0.19999624859316478
0.03,0.65,1,0,0,0,0,1,0.2000051147652102
0.03,0.66,1,0,0,0,0,1,0.20000675556056166
0.03,0.67,1,0,0,0,0,1,0.2000063817489986
0.03,0.68,1,0,0,0,0,1,0.2000049495174699
0.03,0.6900000000000001,1,0,0,0,0,1,0.20000370013177857
0.03,0.7000000000000001,1,0,0,0,0,1,0.1999950789680864
0.03,0.71,1,0,0,0,0,1,0.19999584141493748
0.03,0.72,1,0,0,0,0,1,0.19999542151064442
0.03,0.73,1,0,0,0,0,1,0.1999947892374929
0.03,0.74,1,0,0,0,0,1,0.19999578889413938
0.03,0.75,1,0,0,0,0,1,0.1999966886080474
0.03,0.76,1,0,0,0,0,1,0.1999949250574203
0.03,0.77,8,0,1,0,0,0,0.22999427104511616
0.03,0.78,8,0,1,0,0,0,0.21999554582167466
0.03,0.79,8,0,1,0,0,0,0.20999510846155303
0.031,0.0,1,0,0,0,0,1,0.20000669916164324
0.031,0.01,1,0,0,0,0,1,0.20000510325965934
0.031,0.02,1,0,0,0,0,1,0.20000497746999596
0.031,0.03,1,0,0,0,0,1,0.20000514201942557
0.031,0.04,1,0,0,0,0,1,0.20000556133513506
0.031,0.05,1,0,0,0,0,1,0.200005335451364
0.031,0.06,1,0,0,0,0,1,0.20000516506772942
0.031,0.07,1,0,0,0,0,1,0.20000310638569835
0.031,0.08,1,0,0,0,0,1,0.2000052924136527
0.031,0.09,1,0,0,0,0,1,0.20000620114774978
0.031,0.1,1,0,0,0,0,1,0.2000053240127636
0.031,0.11,1,0,0,0,0,1,0.20000684906388627
0.031,0.12,1,0,0,0,0,1,0.20000572105870973
0.031,0.13,1,0,0,0,0,1,0.20000422128820297
0.031,0.14,1,0,0,0,0,1,0.20000461382336465
0.031,0.15,1,0,0,0,0,1,0.20000482835640732
0.031,0.16,1,0,0,0,0,1,0.20000463628797424
0.031,0.17,1,0,0,0,0,1,0.20000493668402824
0.031,0.18,1,0,0,0,0,1,0.20000625537389594
0.031,0.19,1,0,0,0,0,1,0.2000063992596113
0.031,0.2,1,0,0,0,0,1,0.20000608278689302
0.031,0.21,1,0,0,0,0,1,0.20000558464733936
0.031,0.22,1,0,0,0,0,1,0.20000352717575207
0.031,0.23,1,0,0,0,0,1,0.20000302382589577
0.031,0.24,1,0,0,0,0,1,0.20000583624097779
0.031,0.25,1,0,0,0,0,1,0.2000052132408268
0.031,0.26,1,0,0,0,0,1,0.2000045428547375
0.031,0.27,1,0,0,0,0,1,0.20000575276772878
0.031,0.28,1,0,0,0,0,1,0.20000391357723024
0.031,0.29,1,0,0,0,0,1,0.20000687371239997
0.031,0.3,1,0,0,0,0,1,0.20000689682262845
0.031,0.31,1,0,0,0,0,1,0.20000456021712454
0.031,0.32,1,0,0,0,0,1,0.1999966969569653
0.031,0.33,1,0,0,0,0,1,0.1999958507173681
0.031,0.34,1,0,0,0,0,1,0.1999958174287124
0.031,0.35000000000000003,1,0,0,0,0,1,0.1999950402626156
0.031,0.36,1,0,0,0,0,1,0.19999540729173695
0.031,0.37,1,0,0,0,0,1,0.19999335578195154
0.031,0.38,1,0,0,0,0,1,0.19999543265061426
0.031,0.39,1,0,0,0,0,1,0.19999467639662627
0.031,0.4,1,0,0,0,0,1,0.1999950981342067
0.031,0.41000000000000003,1,0,0,0,0,1,0.19999422314194257
0.031,0.42,1,0,0,0,0,1,0.19999496719046284
0.031,0.43,1,0,0,0,0,1,0.19999413736545893
0.031,0.44,1,0,0,0,0,1,0.19999514003832397
0.031,0.45,1,0,0,0,0,1,0.19999320864936643
0.031,0.46,1,0,0,0,0,1,0.19999302948550712
0.031,0.47000000000000003,1,0,0,0,0,1,0.1999960518785595
0.031,0.48,1,0,0,0,0,1,0.1999970416452756
0.031,0.49,1,0,0,0,0,1,0.19999495420940788
0.031,0.5,1,0,0,0,0,1,0.19999628598532992
0.031,0.51,1,0,0,0,0,1,0.1999962000991067
0.031,0.52,1,0,0,0,0,1,0.19999356167667964
0.031,0.53,1,0,0,0,0,1,0.19999487437332178
0.031,0.54,1,0,0,0,0,1,0.19999557847901384
0.031,0.55,1,0,0,0,0,1,0.1999958870029317
0.031,0.56,1,0,0,0,0,1,0.19999654210376408
0.031,0.5700000000000001,1,0,0,0,0,1,0.19999458874945383
0.031,0.58,1,0,0,0,0,1,0.19999642357489528
0.031,0.59,1,0,0,0,0,1,0.19999497986960027
0.031,0.6,1,0,0,0,0,1,0.1999958269513212
0.031,0.61,1,0,0,0,0,1,0.19999562722571929
0.031,0.62,1,0,0,0,0,1,0.19999497347721362
0.031,0.63,1,0,0,0,0,1,0.19999490491154395
0.031,0.64,1,0,0,0,0,1,0.20000668515584114
0.031,0.65,1,0,0,0,0,1,0.1999971275474896
0.031,0.66,1,0,0,0,0,1,0.20000465398470807
0.031,0.67,1,0,0,0,0,1,0.20000718353165797
0.031,0.68,1,0,0,0,0,1,0.20000619059998134
0.031,0.6900000000000001,1,0,0,0,0,1,0.19999446903574147
0.031,0.7000000000000001,1,0,0,0,0,1,0.19999525291100007
0.031,0.71,1,0,0,0,0,1,0.19999566331421365
0.031,0.72,1,0,0,0,0,1,0.19999544475165643
0.031,0.73,1,0,0,0,0,1,0.1999954267940411
0.031,0.74,1,0,0,0,0,1,0.19999594663949732
0.031,0.75,1,0,0,0,0,1,0.19999502045879575
0.031,0.76,1,0,0,0,0,1,0.19999453786543755
0.031,0.77,1,0,0,0,0,1,0.19999526088072503
0.031,0.78,8,0,1,0,0,0,0.21999528269293656
0.031,0.79,8,0,1,0,0,0,0.20999520213111295
0.032,0.0,1,0,0,0,0,1,0.20000720929864488
0.032,0.01,1,0,0,0,0,1,0.20000571754421206
0.032,0.02,1,0,0,0,0,1,0.20000681303954657
0.032,0.03,1,0,0,0,0,1,0.2000052890920885
0.032,0.04,1,0,0,0,0,1,0.20000565459871736
0.032,0.05,1,0,0,0,0,1,0.2000061537115459
0.032,0.06,1,0,0,0,0,1,0.20000473035572436
0.032,0.07,1,0,0,0,0,1,0.20000533430924158
0.032,0.08,1,0,0,0,0,1,0.2000070385805961
0.032,0.09,1,0,0,0,0,1,0.20000716545854233
0.032,0.1,1,0,0,0,0,1,0.20000555653272517
0.032,0.11,1,0,0,0,0,1,0.20000718991995636
0.032,0.12,1,0,0,0,0,1,0.20000472552163068
0.032,0.13,1,0,0,0,0,1,0.20000525374641778
0.032,0.14,1,0,0,0,0,1,0.2000051140343376
0.032,0.15,1,0,0,0,0,1,0.20000509441621042
0.032,0.16,1,0,0,0,0,1,0.20000493487292045
0.032,0.17,1,0,0,0,0,1,0.20000702213582588
0.032,0.18,1,0,0,0,0,1,0.2000068014096312
0.032,0.19,1,0,0,0,0,1,0.20000547783274683
0.032,0.2,1,0,0,0,0,1,0.20000443517180483
0.032,0.21,1,0,0,0,0,1,0.2000061921209975
0.032,0.22,1,0,0,0,0,1,0.20000530202129863
0.032,0.23,1,0,0,0,0,1,0.20000439850889798
0.032,0.24,1,0,0,0,0,1,0.20000511993856399
0.032,0.25,1,0,0,0,0,1,0.2000041017340552
0.032,0.26,1,0,0,0,0,1,0.20000641867403204
0.032,0.27,1,0,0,0,0,1,0.20000607811748733
0.032,0.28,1,0,0,0,0,1,0.2000039471620336
0.032,0.29,1,0,0,0,0,1,0.2000051247145712
0.032,0.3,1,0,0,0,0,1,0.20000706102693147
0.032,0.31,1,0,0,0,0,1,0.20000672230908645
0.032,0.32,1,0,0,0,0,1,0.19999482108269634
0.032,0.33,1,0,0,0,0,1,0.19999525632418383
0.032,0.34,1,0,0,0,0,1,0.1999947971071108
0.032,0.35000000000000003,1,0,0,0,0,1,0.19999482240661676
0.032,0.36,1,0,0,0,0,1,0.19999481655116289
0.032,0.37,1,0,0,0,0,1,0.19999329654651354
0.032,0.38,1,0,0,0,0,1,0.19999542719269375
0.032,0.39,1,0,0,0,0,1,0.1999932294772154
0.032,0.4,1,0,0,0,0,1,0.19999532261326686
0.032,0.41000000000000003,1,0,0,0,0,1,0.19999591202946518
0.032,0.42,1,0,0,0,0,1,0.19999514793627524
0.032,0.43,1,0,0,0,0,1,0.19999571027053845
0.032,0.44,1,0,0,0,0,1,0.19999514577104538
0.032,0.45,1,0,0,0,0,1,0.19999365151278561
0.032,0.46,1,0,0,0,0,1,0.1999950891293636
0.032,0.47000000000000003,1,0,0,0,0,1,0.19999498935109106
0.032,0.48,1,0,0,0,0,1,0.199995207542674
0.032,0.49,1,0,0,0,0,1,0.19999517770202835
0.032,0.5,1,0,0,0,0,1,0.1999962310895336
0.032,0.51,1,0,0,0,0,1,0.1999964318913797
0.032,0.52,1,0,0,0,0,1,0.19999439140137523
0.032,0.53,1,0,0,0,0,1,0.19999347518711066
0.032,0.54,1,0,0,0,0,1,0.19999581000428904
0.032,0.55,1,0,0,0,0,1,0.19999609068991153
0.032,0.56,1,0,0,0,0,1,0.19999547593983938
0.032,0.5700000000000001,1,0,0,0,0,1,0.19999506327802372
0.032,0.58,1,0,0,0,0,1,0.1999954394304709
0.032,0.59,1,0,0,0,0,1,0.19999731410815338
0.032,0.6,1,0,0,0,0,1,0.1999944651988535
0.032,0.61,1,0,0,0,0,1,0.19999355297452825
0.032,0.62,1,0,0,0,0,1,0.19999547590676453
0.032,0.63,1,0,0,0,0,1,0.19999647523089353
0.032,0.64,1,0,0,0,0,1,0.20000502583672847
0.032,0.65,1,0,0,0,0,1,0.19999580191236183
0.032,0.66,1,0,0,0,0,1,0.20000510173752992
0.032,0.67,1,0,0,0,0,1,0.20000460989008648
0.032,0.68,1,0,0,0,0,1,0.20000704054004215
0.032,0.6900000000000001,1,0,0,0,0,1,0.19999589210617455
0.032,0.7000000000000001,1,0,0,0,0,1,0.19999599858993383
0.032,0.71,1,0,0,0,0,1,0.1999958955116803
0.032,0.72,1,0,0,0,0,1,0.19999315411518495
0.032,0.73,1,0,0,0,0,1,0.19999522281287369
0.032,0.74,1,0,0,0,0,1,0.1999954091490751
0.032,0.75,1,0,0,0,0,1,0.1999970146932026
0.032,0.76,1,0,0,0,0,1,0.1999948555663857
0.032,0.77,1,0,0,0,0,1,0.19999572566852547
0.032,0.78,8,0,1,0,0,0,0.2199962934476856
0.032,0.79,8,0,1,0,0,0,0.20999583336290376
0.033,0.0,1,0,0,0,0,1,0.20000460305213727
0.033,0.01,1,0,0,0,0,1,0.20000630034303643
0.033,0.02,1,0,0,0,0,1,0.20000559245053523
0.033,0.03,1,0,0,0,0,1,0.20000614771496722
0.033,0.04,1,0,0,0,0,1,0.20000537365034157
0.033,0.05,1,0,0,0,0,1,0.20000551716020662
0.033,0.06,1,0,0,0,0,1,0.20000550500736325
0.033,0.07,1,0,0,0,0,1,0.20000517773138707
0.033,0.08,1,0,0,0,0,1,0.2000039185576614
0.033,0.09,1,0,0,0,0,1,0.20000641807074918
0.033,0.1,1,0,0,0,0,1,0.2000050352978522
0.033,0.11,1,0,0,0,0,1,0.20000601081520628
0.033,0.12,1,0,0,0,0,1,0.20000637091051268
0.033,0.13,1,0,0,0,0,1,0.20000572458107926
0.033,0.14,1,0,0,0,0,1,0.20000539222971364
0.033,0.15,1,0,0,0,0,1,0.20000514516210452
0.033,0.16,1,0,0,0,0,1,0.20000499404173858
0.033,0.17,1,0,0,0,0,1,0.20000462381273165
0.033,0.18,1,0,0,0,0,1,0.20000651702701805
0.033,0.19,1,0,0,0,0,1,0.20000527028206064
0.033,0.2,1,0,0,0,0,1,0.20000646740890538
0.033,0.21,1,0,0,0,0,1,0.2000063094677742
0.033,0.22,1,0,0,0,0,1,0.20000436570875504
0.033,0.23,1,0,0,0,0,1,0.2000034163222781
0.033,0.24,1,0,0,0,0,1,0.200004573038432
0.033,0.25,1,0,0,0,0,1,0.20000454523176786
0.033,0.26,1,0,0,0,0,1,0.20000738980236207
0.033,0.27,1,0,0,0,0,1,0.20000560251029373
0.033,0.28,1,0,0,0,0,1,0.20000541829390667
0.033,0.29,1,0,0,0,0,1,0.2000039405081714
0.033,0.3,1,0,0,0,0,1,0.2000051582117098
0.033,0.31,1,0,0,0,0,1,0.20000449551025684
0.033,0.32,1,0,0,0,0,1,0.19999537863359096
0.033,0.33,1,0,0,0,0,1,0.19999427905086237
0.033,0.34,1,0,0,0,0,1,0.1999953810675137
0.033,0.35000000000000003,1,0,0,0,0,1,0.19999321851179544
0.033,0.36,1,0,0,0,0,1,0.19999492525892035
0.033,0.37,1,0,0,0,0,1,0.19999508511627193
0.033,0.38,1,0,0,0,0,1,0.1999949227369168
0.033,0.39,1,0,0,0,0,1,0.199995167229706
0.033,0.4,1,0,0,0,0,1,0.19999493757659526
0.033,0.41000000000000003,1,0,0,0,0,1,0.19999541281163494
0.033,0.42,1,0,0,0,0,1,0.1999943482853095
0.033,0.43,1,0,0,0,0,1,0.19999533669273695
0.033,0.44,1,0,0,0,0,1,0.19999487511830208
0.033,0.45,1,0,0,0,0,1,0.19999616259602063
0.033,0.46,1,0,0,0,0,1,0.19999371656586004
0.033,0.47000000000000003,1,0,0,0,0,1,0.1999948996001968
0.033,0.48,1,0,0,0,0,1,0.19999565138717548
0.033,0.49,1,0,0,0,0,1,0.1999950699761212
0.033,0.5,1,0,0,0,0,1,0.1999951353723385
0.033,0.51,1,0,0,0,0,1,0.1999970925559899
0.033,0.52,1,0,0,0,0,1,0.1999960734583412
0.033,0.53,1,0,0,0,0,1,0.19999573578912605
0.033,0.54,1,0,0,0,0,1,0.19999485578429296
0.033,0.55,1,0,0,0,0,1,0.19999611606827788
0.033,0.56,1,0,0,0,0,1,0.1999967711944606
0.033,0.5700000000000001,1,0,0,0,0,1,0.19999370278281864
0.033,0.58,1,0,0,0,0,1,0.19999448256873725
0.033,0.59,1,0,0,0,0,1,0.19999587488338394
0.033,0.6,1,0,0,0,0,1,0.1999952277457007
0.033,0.61,1,0,0,0,0,1,0.19999511650929272
0.033,0.62,1,0,0,0,0,1,0.20000581810785492
0.033,0.63,1,0,0,0,0,1,0.20000541135001196
0.033,0.64,1,0,0,0,0,1,0.1999961734889108
0.033,0.65,1,0,0,0,0,1,0.19999605075774743
0.033,0.66,1,0,0,0,0,1,0.1999948759942222
0.033,0.67,1,0,0,0,0,1,0.2000051698300827
0.033,0.68,1,0,0,0,0,1,0.20000709595649674
0.033,0.6900000000000001,1,0,0,0,0,1,0.20000508970891712
0.033,0.7000000000000001,1,0,0,0,0,1,0.20000538428941064
0.033,0.71,1,0,0,0,0,1,0.1999954679686564
0.033,0.72,1,0,0,0,0,1,0.1999954124822222
0.033,0.73,1,0,0,0,0,1,0.19999500461247754
0.033,0.74,1,0,0,0,0,1,0.19999315282300656
0.033,0.75,1,0,0,0,0,1,0.19999532825317534
0.033,0.76,1,0,0,0,0,1,0.1999926931640743
0.033,0.77,1,0,0,0,0,1,0.19999354135288003
0.033,0.78,8,0,1,0,0,0,0.21999308781613408
0.033,0.79,8,0,1,0,0,0,0.20999589196104754
0.034,0.0,1,0,0,0,0,1,0.20000682215984442
0.034,0.01,1,0,0,0,0,1,0.20000685360970194
0.034,0.02,1,0,0,0,0,1,0.20000718935808048
0.034,0.03,1,0,0,0,0,1,0.2000050893632318
0.034,0.04,1,0,0,0,0,1,0.20000493420779691
0.034,0.05,1,0,0,0,0,1,0.20000451724812449
0.034,0.06,1,0,0,0,0,1,0.20000362115309453
0.034,0.07,1,0,0,0,0,1,0.20000502062420045
0.034,0.08,1,0,0,0,0,1,0.200002964043571
0.034,0.09,1,0,0,0,0,1,0.20000680194797674
0.034,0.1,1,0,0,0,0,1,0.20000553425497006
0.034,0.11,1,0,0,0,0,1,0.2000040655509352
0.034,0.12,1,0,0,0,0,1,0.2000068506136539
0.034,0.13,1,0,0,0,0,1,0.20000602779036272
0.034,0.14,1,0,0,0,0,1,0.20000429663977334
0.034,0.15,1,0,0,0,0,1,0.20000535806306535
0.034,0.16,1,0,0,0,0,1,0.20000494370610308
0.034,0.17,1,0,0,0,0,1,0.2000064918121955
0.034,0.18,1,0,0,0,0,1,0.20000649334889653
0.034,0.19,1,0,0,0,0,1,0.20000574412046607
0.034,0.2,1,0,0,0,0,1,0.20000642061464177
0.034,0.21,1,0,0,0,0,1,0.20000661105884293
0.034,0.22,1,0,0,0,0,1,0.2000046798721387
0.034,0.23,1,0,0,0,0,1,0.20000477493576413
0.034,0.24,1,0,0,0,0,1,0.2000031894418611
0.034,0.25,1,0,0,0,0,1,0.20000573290210036
0.034,0.26,1,0,0,0,0,1,0.20000432323070905
0.034,0.27,1,0,0,0,0,1,0.200004516185056
0.034,0.28,1,0,0,0,0,1,0.2000057106684383
0.034,0.29,1,0,0,0,0,1,0.20000390767582085
0.034,0.3,1,0,0,0,0,1,0.2000070319431356
0.034,0.31,1,0,0,0,0,1,0.2000048447503167
0.034,0.32,1,0,0,0,0,1,0.19999623151263454
0.034,0.33,1,0,0,0,0,1,0.19999497351305656
0.034,0.34,1,0,0,0,0,1,0.19999500240111856
0.034,0.35000000000000003,1,0,0,0,0,1,0.19999505277473717
0.034,0.36,1,0,0,0,0,1,0.19999648713936308
0.034,0.37,1,0,0,0,0,1,0.1999930314411476
0.034,0.38,1,0,0,0,0,1,0.19999338977748024
0.034,0.39,1,0,0,0,0,1,0.1999951376923399
0.034,0.4,1,0,0,0,0,1,0.19999481466682004
0.034,0.41000000000000003,1,0,0,0,0,1,0.19999533304522518
0.034,0.42,1,0,0,0,0,1,0.19999538594465316
0.034,0.43,1,0,0,0,0,1,0.19999544792218965
0.034,0.44,1,0,0,0,0,1,0.19999590006105733
0.034,0.45,1,0,0,0,0,1,0.19999493858823694
0.034,0.46,1,0,0,0,0,1,0.19999420556429118
0.034,0.47000000000000003,1,0,0,0,0,1,0.19999501190992963
0.034,0.48,1,0,0,0,0,1,0.1999954382703839
0.034,0.49,1,0,0,0,0,1,0.19999558257932112
0.034,0.5,1,0,0,0,0,1,0.19999505283143335
0.034,0.51,1,0,0,0,0,1,0.19999363706539156
0.034,0.52,1,0,0,0,0,1,0.19999398070223737
0.034,0.53,1,0,0,0,0,1,0.1999950441539656
0.034,0.54,1,0,0,0,0,1,0.19999538933463576
0.034,0.55,1,0,0,0,0,1,0.19999602534829652
0.034,0.56,1,0,0,0,0,1,0.19999587876023842
0.034,0.5700000000000001,1,0,0,0,0,1,0.19999420248556826
0.034,0.58,1,0,0,0,0,1,0.19999605080267532
0.034,0.59,1,0,0,0,0,1,0.19999632629576766
0.034,0.6,1,0,0,0,0,1,0.19999386517411463
0.034,0.61,1,0,0,0,0,1,0.199993615319717
0.034,0.62,1,0,0,0,0,1,0.1999961647663842
0.034,0.63,1,0,0,0,0,1,0.1999954713981284
0.034,0.64,1,0,0,0,0,1,0.19999609467638407
0.034,0.65,1,0,0,0,0,1,0.20000538468080065
0.034,0.66,1,0,0,0,0,1,0.1999947258547117
0.034,0.67,1,0,0,0,0,1,0.20000664930223555
0.034,0.68,1,0,0,0,0,1,0.20000443629661208
0.034,0.6900000000000001,1,0,0,0,0,1,0.20000490687727226
0.034,0.7000000000000001,1,0,0,0,0,1,0.19999372308156216
0.034,0.71,1,0,0,0,0,1,0.19999585085012286
0.034,0.72,1,0,0,0,0,1,0.1999944092346532
0.034,0.73,1,0,0,0,0,1,0.19999438966030966
0.034,0.74,1,0,0,0,0,1,0.1999954931549494
0.034,0.75,1,0,0,0,0,1,0.19999605337328252
0.034,0.76,1,0,0,0,0,1,0.19999417962519678
0.034,0.77,1,0,0,0,0,1,0.19999485341493298
0.034,0.78,8,0,1,0,0,0,0.21999276468576187
0.034,0.79,8,0,1,0,0,0,0.20999517363099832
0.035,0.0,1,0,0,0,0,1,0.20000501008409807
0.035,0.01,1,0,0,0,0,1,0.2000073994189869
0.035,0.02,1,0,0,0,0,1,0.20000714082609647
0.035,0.03,1,0,0,0,0,1,0.20000578190971086
0.035,0.04,1,0,0,0,0,1,0.20000494589070936
0.035,0.05,1,0,0,0,0,1,0.20000514209061848
0.035,0.06,1,0,0,0,0,1,0.20000441664004598
0.035,0.07,1,0,0,0,0,1,0.20000455151756436
0.035,0.08,1,0,0,0,0,1,0.20000684631420612
0.035,0.09,1,0,0,0,0,1,0.20000654376903212
0.035,0.1,1,0,0,0,0,1,0.2000071201872657
0.035,0.11,1,0,0,0,0,1,0.20000769288607134
0.035,0.12,1,0,0,0,0,1,0.20000718494622508
0.035,0.13,1,0,0,0,0,1,0.2000051363148352
0.035,0.14,1,0,0,0,0,1,0.20000532719389763
0.035,0.15,1,0,0,0,0,1,0.20000521241302036
0.035,0.16,1,0,0,0,0,1,0.20000522533684653
0.035,0.17,1,0,0,0,0,1,0.20000495256470027
0.035,0.18,1,0,0,0,0,1,0.20000501185428932
0.035,0.19,1,0,0,0,0,1,0.20000789341082295
0.035,0.2,1,0,0,0,0,1,0.20000561729628524
0.035,0.21,1,0,0,0,0,1,0.20000481030918235
0.035,0.22,1,0,0,0,0,1,0.2000062037038178
0.035,0.23,1,0,0,0,0,1,0.2000042058277908
0.035,0.24,1,0,0,0,0,1,0.20000450573133563
0.035,0.25,1,0,0,0,0,1,0.20000487354437638
0.035,0.26,1,0,0,0,0,1,0.20000568048144277
0.035,0.27,1,0,0,0,0,1,0.20000643332937273
0.035,0.28,1,0,0,0,0,1,0.20000513046400364
0.035,0.29,1,0,0,0,0,1,0.20000489578996145
0.035,0.3,1,0,0,0,0,1,0.20000471545288898
0.035,0.31,1,0,0,0,0,1,0.2000065484527211
0.035,0.32,1,0,0,0,0,1,0.19999612037638248
0.035,0.33,1,0,0,0,0,1,0.19999490945864393
0.035,0.34,1,0,0,0,0,1,0.19999552568482173
0.035,0.35000000000000003,1,0,0,0,0,1,0.19999544718698067
0.035,0.36,1,0,0,0,0,1,0.19999524825968698
0.035,0.37,1,0,0,0,0,1,0.19999563891227762
0.035,0.38,1,0,0,0,0,1,0.19999502755426987
0.035,0.39,1,0,0,0,0,1,0.19999339448893735
0.035,0.4,1,0,0,0,0,1,0.19999502037832684
0.035,0.41000000000000003,1,0,0,0,0,1,0.19999422775258294
0.035,0.42,1,0,0,0,0,1,0.19999522229754704
0.035,0.43,1,0,0,0,0,1,0.19999488306711652
0.035,0.44,1,0,0,0,0,1,0.19999464967106076
0.035,0.45,1,0,0,0,0,1,0.19999533640981418
0.035,0.46,1,0,0,0,0,1,0.19999410026526782
0.035,0.47000000000000003,1,0,0,0,0,1,0.1999951302513364
0.035,0.48,1,0,0,0,0,1,0.19999346283338934
0.035,0.49,1,0,0,0,0,1,0.19999351288568806
0.035,0.5,1,0,0,0,0,1,0.19999526691695277
0.035,0.51,1,0,0,0,0,1,0.19999655109609762
0.035,0.52,1,0,0,0,0,1,0.1999945707536166
0.035,0.53,1,0,0,0,0,1,0.19999713932749655
0.035,0.54,1,0,0,0,0,1,0.1999950027374804
0.035,0.55,1,0,0,0,0,1,0.19999489726234643
0.035,0.56,1,0,0,0,0,1,0.19999492079539902
0.035,0.5700000000000001,1,0,0,0,0,1,0.199992856767379
0.035,0.58,1,0,0,0,0,1,0.19999312386160428
0.035,0.59,1,0,0,0,0,1,0.1999951888048658
0.035,0.6,1,0,0,0,0,1,0.19999655842965655
0.035,0.61,1,0,0,0,0,1,0.1999969119409818
0.035,0.62,1,0,0,0,0,1,0.19999702543712955
0.035,0.63,1,0,0,0,0,1,0.1999945076899668
0.035,0.64,1,0,0,0,0,1,0.20000479488180223
0.035,0.65,1,0,0,0,0,1,0.19999316714038037
0.035,0.66,1,0,0,0,0,1,0.19999722960322905
0.035,0.67,1,0,0,0,0,1,0.2000044022365711
0.035,0.68,1,0,0,0,0,1,0.20000508575758602
0.035,0.6900000000000001,1,0,0,0,0,1,0.20000433425025038
0.035,0.7000000000000001,1,0,0,0,0,1,0.20000662789364398
0.035,0.71,1,0,0,0,0,1,0.19999323081278622
0.035,0.72,1,0,0,0,0,1,0.1999948342122774
0.035,0.73,1,0,0,0,0,1,0.1999941000377822
0.035,0.74,1,0,0,0,0,1,0.1999952510398152
0.035,0.75,1,0,0,0,0,1,0.19999370964220356
0.035,0.76,1,0,0,0,0,1,0.19999649089575364
0.035,0.77,1,0,0,0,0,1,0.19999542705634313
0.035,0.78,8,0,1,0,0,0,0.21999278054737315
0.035,0.79,8,0,1,0,0,0,0.2099964116708341
0.036000000000000004,0.0,1,0,0,0,0,1,0.20000499479079512
0.036000000000000004,0.01,1,0,0,0,0,1,0.20000735167182604
0.036000000000000004,0.02,1,0,0,0,0,1,0.20000648261929438
0.036000000000000004,0.03,1,0,0,0,0,1,0.20000677055282473
0.036000000000000004,0.04,1,0,0,0,0,1,0.20000781858317532
0.036000000000000004,0.05,1,0,0,0,0,1,0.20000533121962402
0.036000000000000004,0.06,1,0,0,0,0,1,0.20000560344718407
0.036000000000000004,0.07,1,0,0,0,0,1,0.20000525269511477
0.036000000000000004,0.08,1,0,0,0,0,1,0.2000050380840642
0.036000000000000004,0.09,1,0,0,0,0,1,0.200003579144863
0.036000000000000004,0.1,1,0,0,0,0,1,0.20000619778313256
0.036000000000000004,0.11,1,0,0,0,0,1,0.20000657324737858
0.036000000000000004,0.12,1,0,0,0,0,1,0.20000599058517432
0.036000000000000004,0.13,1,0,0,0,0,1,0.20000629566579917
0.036000000000000004,0.14,1,0,0,0,0,1,0.20000584871655924
0.036000000000000004,0.15,1,0,0,0,0,1,0.20000549223624609
0.036000000000000004,0.16,1,0,0,0,0,1,0.20000522771011847
0.036000000000000004,0.17,1,0,0,0,0,1,0.20000462378622463
0.036000000000000004,0.18,1,0,0,0,0,1,0.2000049773549835
0.036000000000000004,0.19,1,0,0,0,0,1,0.20000524635563213
0.036000000000000004,0.2,1,0,0,0,0,1,0.20000788301279615
0.036000000000000004,0.21,1,0,0,0,0,1,0.2000047779637232
0.036000000000000004,0.22,1,0,0,0,0,1,0.2000055033930496
0.036000000000000004,0.23,1,0,0,0,0,1,0.20000417494119943
0.036000000000000004,0.24,1,0,0,0,0,1,0.2000037360672355
0.036000000000000004,0.25,1,0,0,0,0,1,0.2000042632782473
0.036000000000000004,0.26,1,0,0,0,0,1,0.20000483698881472
0.036000000000000004,0.27,1,0,0,0,0,1,0.20000450549579687
0.036000000000000004,0.28,1,0,0,0,0,1,0.20000631761401833
0.036000000000000004,0.29,1,0,0,0,0,1,0.20000556470811856
0.036000000000000004,0.3,1,0,0,0,0,1,0.20000446798502935
0.036000000000000004,0.31,1,0,0,0,0,1,0.20000515679726377
0.036000000000000004,0.32,1,0,0,0,0,1,0.19999591188506985
0.036000000000000004,0.33,1,0,0,0,0,1,0.19999512691710947
0.036000000000000004,0.34,1,0,0,0,0,1,0.19999594784449637
0.036000000000000004,0.35000000000000003,1,0,0,0,0,1,0.1999958974038608
0.036000000000000004,0.36,1,0,0,0,0,1,0.19999556955314143
0.036000000000000004,0.37,1,0,0,0,0,1,0.1999944620431756
0.036000000000000004,0.38,1,0,0,0,0,1,0.1999954690371329
0.036000000000000004,0.39,1,0,0,0,0,1,0.1999936357735414
0.036000000000000004,0.4,1,0,0,0,0,1,0.199995046420276
0.036000000000000004,0.41000000000000003,1,0,0,0,0,1,0.19999683851522274
0.036000000000000004,0.42,1,0,0,0,0,1,0.19999508908747415
0.036000000000000004,0.43,1,0,0,0,0,1,0.19999661302530436
0.036000000000000004,0.44,1,0,0,0,0,1,0.1999953685849308
0.036000000000000004,0.45,1,0,0,0,0,1,0.1999952539776326
0.036000000000000004,0.46,1,0,0,0,0,1,0.19999431103091228
0.036000000000000004,0.47000000000000003,1,0,0,0,0,1,0.19999490059137534
0.036000000000000004,0.48,1,0,0,0,0,1,0.19999495516096738
0.036000000000000004,0.49,1,0,0,0,0,1,0.19999308291580875
0.036000000000000004,0.5,1,0,0,0,0,1,0.19999466342393463
0.036000000000000004,0.51,1,0,0,0,0,1,0.19999542384042082
0.036000000000000004,0.52,1,0,0,0,0,1,0.19999348191216273
0.036000000000000004,0.53,1,0,0,0,0,1,0.19999716011114055
0.036000000000000004,0.54,1,0,0,0,0,1,0.19999481786632506
0.036000000000000004,0.55,1,0,0,0,0,1,0.1999969117864151
0.036000000000000004,0.56,1,0,0,0,0,1,0.19999397132490448
0.036000000000000004,0.5700000000000001,1,0,0,0,0,1,0.19999509833415768
0.036000000000000004,0.58,1,0,0,0,0,1,0.19999327732477293
0.036000000000000004,0.59,1,0,0,0,0,1,0.19999518927842194
0.036000000000000004,0.6,1,0,0,0,0,1,0.1999950622024262
0.036000000000000004,0.61,1,0,0,0,0,1,0.19999544014008974
0.036000000000000004,0.62,1,0,0,0,0,1,0.1999960362856004
0.036000000000000004,0.63,1,0,0,0,0,1,0.19999717468473124
0.036000000000000004,0.64,1,0,0,0,0,1,0.1999957422846077
0.036000000000000004,0.65,1,0,0,0,0,1,0.1999950852632116
0.036000000000000004,0.66,1,0,0,0,0,1,0.20000480810845728
0.036000000000000004,0.67,1,0,0,0,0,1,0.19999552791450673
0.036000000000000004,0.68,1,0,0,0,0,1,0.19999349131325683
0.036000000000000004,0.6900000000000001,1,0,0,0,0,1,0.20000530581867845
0.036000000000000004,0.7000000000000001,1,0,0,0,0,1,0.19999584770001205
0.036000000000000004,0.71,1,0,0,0,0,1,0.19999538996431143
0.036000000000000004,0.72,1,0,0,0,0,1,0.19999512749739753
0.036000000000000004,0.73,1,0,0,0,0,1,0.19999573970849896
0.036000000000000004,0.74,1,0,0,0,0,1,0.19999500019064878
0.036000000000000004,0.75,1,0,0,0,0,1,0.1999952013044042
0.036000000000000004,0.76,1,0,0,0,0,1,0.19999450597113383
0.036000000000000004,0.77,1,0,0,0,0,1,0.19999346520713857
0.036000000000000004,0.78,8,0,1,0,0,0,0.21999559926178677
0.036000000000000004,0.79,8,0,1,0,0,0,0.20999594845482697
0.037,0.0,1,0,0,0,0,1,0.20000438263468176
0.037,0.01,1,0,0,0,0,1,0.20000642355759532
0.037,0.02,1,0,0,0,0,1,0.20000699001678873
0.037,0.03,1,0,0,0,0,1,0.2000058431125295
0.037,0.04,1,0,0,0,0,1,0.20000558258658874
0.037,0.05,1,0,0,0,0,1,0.200004813534711
0.037,0.06,1,0,0,0,0,1,0.20000332618944774
0.037,0.07,1,0,0,0,0,1,0.2000051688064712
0.037,0.08,1,0,0,0,0,1,0.20000485988280392
0.037,0.09,1,0,0,0,0,1,0.20000466693232177
0.037,0.1,1,0,0,0,0,1,0.20000665069087123
0.037,0.11,1,0,0,0,0,1,0.2000046040803662
0.037,0.12,1,0,0,0,0,1,0.20000553829727546
0.037,0.13,1,0,0,0,0,1,0.20000681097781597
0.037,0.14,1,0,0,0,0,1,0.20000615721414136
0.037,0.15,1,0,0,0,0,1,0.20000437002883972
0.037,0.16,1,0,0,0,0,1,0.2000054249182463
0.037,0.17,1,0,0,0,0,1,0.2000047370637269
0.037,0.18,1,0,0,0,0,1,0.20000404121607135
0.037,0.19,1,0,0,0,0,1,0.200004404572757
0.037,0.2,1,0,0,0,0,1,0.200005277521509
0.037,0.21,1,0,0,0,0,1,0.20000634701368747
0.037,0.22,1,0,0,0,0,1,0.2000072993983487
0.037,0.23,1,0,0,0,0,1,0.20000559398874906
0.037,0.24,1,0,0,0,0,1,0.20000406871706822
0.037,0.25,1,0,0,0,0,1,0.2000033208252287
0.037,0.26,1,0,0,0,0,1,0.20000568926258394
0.037,0.27,1,0,0,0,0,1,0.20000412020278638
0.037,0.28,1,0,0,0,0,1,0.20000456283395962
0.037,0.29,1,0,0,0,0,1,0.20000638810442745
0.037,0.3,1,0,0,0,0,1,0.20000450406959563
0.037,0.31,1,0,0,0,0,1,0.20000549645861215
0.037,0.32,1,0,0,0,0,1,0.19999447052950103
0.037,0.33,1,0,0,0,0,1,0.19999556169709246
0.037,0.34,1,0,0,0,0,1,0.199995679727901
0.037,0.35000000000000003,1,0,0,0,0,1,0.19999579048509378
0.037,0.36,1,0,0,0,0,1,0.19999701633915162
0.037,0.37,1,0,0,0,0,1,0.19999596349056156
0.037,0.38,1,0,0,0,0,1,0.19999526475525237
0.037,0.39,1,0,0,0,0,1,0.19999547029580564
0.037,0.4,1,0,0,0,0,1,0.19999501299659259
0.037,0.41000000000000003,1,0,0,0,0,1,0.19999312727534752
0.037,0.42,1,0,0,0,0,1,0.19999506433983127
0.037,0.43,1,0,0,0,0,1,0.1999950442876263
0.037,0.44,1,0,0,0,0,1,0.19999544042000234
0.037,0.45,1,0,0,0,0,1,0.19999438964204969
0.037,0.46,1,0,0,0,0,1,0.1999960470953988
0.037,0.47000000000000003,1,0,0,0,0,1,0.19999493615376082
0.037,0.48,1,0,0,0,0,1,0.19999482939285917
0.037,0.49,1,0,0,0,0,1,0.19999396054487062
0.037,0.5,1,0,0,0,0,1,0.1999953170316016
0.037,0.51,1,0,0,0,0,1,0.1999969323439518
0.037,0.52,1,0,0,0,0,1,0.1999945290379197
0.037,0.53,1,0,0,0,0,1,0.19999506807792408
0.037,0.54,1,0,0,0,0,1,0.19999615001964527
0.037,0.55,1,0,0,0,0,1,0.19999341367427137
0.037,0.56,1,0,0,0,0,1,0.19999675776332643
0.037,0.5700000000000001,1,0,0,0,0,1,0.1999951711389117
0.037,0.58,1,0,0,0,0,1,0.1999949703344588
0.037,0.59,1,0,0,0,0,1,0.19999723283412393
0.037,0.6,1,0,0,0,0,1,0.19999608993865203
0.037,0.61,1,0,0,0,0,1,0.19999515574721577
0.037,0.62,1,0,0,0,0,1,0.1999957113175909
0.037,0.63,1,0,0,0,0,1,0.19999546540883545
0.037,0.64,1,0,0,0,0,1,0.19999718748612078
0.037,0.65,1,0,0,0,0,1,0.199994580418705
0.037,0.66,1,0,0,0,0,1,0.20000367761000248
0.037,0.67,1,0,0,0,0,1,0.19999485788283497
0.037,0.68,1,0,0,0,0,1,0.19999543617568438
0.037,0.6900000000000001,1,0,0,0,0,1,0.20000666286947139
0.037,0.7000000000000001,1,0,0,0,0,1,0.20000468996966364
0.037,0.71,1,0,0,0,0,1,0.19999446650424646
0.037,0.72,1,0,0,0,0,1,0.19999327341462314
0.037,0.73,1,0,0,0,0,1,0.19999430389206682
0.037,0.74,1,0,0,0,0,1,0.19999616318973076
0.037,0.75,1,0,0,0,0,1,0.19999497110733977
0.037,0.76,1,0,0,0,0,1,0.19999360343655145
0.037,0.77,1,0,0,0,0,1,0.19999343813502177
0.037,0.78,1,0,0,0,0,1,0.19999359436225078
0.037,0.79,8,0,1,0,0,0,0.20999545752891707
0.038,0.0,1,0,0,0,0,1,0.20000518080622148
0.038,0.01,1,0,0,0,0,1,0.20000509932757513
0.038,0.02,1,0,0,0,0,1,0.20000756941731732
0.038,0.03,1,0,0,0,0,1,0.20000726494468335
0.038,0.04,1,0,0,0,0,1,0.20000699936173624
0.038,0.05,1,0,0,0,0,1,0.20000520140540712
0.038,0.06,1,0,0,0,0,1,0.20000610871700086
0.038,0.07,1,0,0,0,0,1,0.20000452017948647
0.038,0.08,1,0,0,0,0,1,0.2000043307958414
0.038,0.09,1,0,0,0,0,1,0.2000067168490635
0.038,0.1,1,0,0,0,0,1,0.20000431802629398
0.038,0.11,1,0,0,0,0,1,0.20000703140136075
0.038,0.12,1,0,0,0,0,1,0.2000078029833394
0.038,0.13,1,0,0,0,0,1,0.20000713511372642
0.038,0.14,1,0,0,0,0,1,0.200004033132315
0.038,0.15,1,0,0,0,0,1,0.20000539603773834
0.038,0.16,1,0,0,0,0,1,0.20000426255018183
0.038,0.17,1,0,0,0,0,1,0.20000528020343727
0.038,0.18,1,0,0,0,0,1,0.2000058636639339
0.038,0.19,1,0,0,0,0,1,0.2000043473862575
0.038,0.2,1,0,0,0,0,1,0.20000683656031612
0.038,0.21,1,0,0,0,0,1,0.20000548757958564
0.038,0.22,1,0,0,0,0,1,0.2000053197305162
0.038,0.23,1,0,0,0,0,1,0.20000628504490095
0.038,0.24,1,0,0,0,0,1,0.20000444185497865
0.038,0.25,1,0,0,0,0,1,0.2000046121159036
0.038,0.26,1,0,0,0,0,1,0.20000547579487765
0.038,0.27,1,0,0,0,0,1,0.20000631315751694
0.038,0.28,1,0,0,0,0,1,0.2000072249866014
0.038,0.29,1,0,0,0,0,1,0.2000066348378986
0.038,0.3,1,0,0,0,0,1,0.20000473586590903
0.038,0.31,1,0,0,0,0,1,0.20000572700844424
0.038,0.32,1,0,0,0,0,1,0.19999581053204382
0.038,0.33,1,0,0,0,0,1,0.1999971409304107
0.038,0.34,1,0,0,0,0,1,0.19999573658721992
0.038,0.35000000000000003,1,0,0,0,0,1,0.19999555203719913
0.038,0.36,1,0,0,0,0,1,0.19999499305609542
0.038,0.37,1,0,0,0,0,1,0.1999960783149908
0.038,0.38,1,0,0,0,0,1,0.19999604731257764
0.038,0.39,1,0,0,0,0,1,0.1999959997138263
0.038,0.4,1,0,0,0,0,1,0.1999951615456513
0.038,0.41000000000000003,1,0,0,0,0,1,0.19999536234050816
0.038,0.42,1,0,0,0,0,1,0.19999560433825428
0.038,0.43,1,0,0,0,0,1,0.19999498644716182
0.038,0.44,1,0,0,0,0,1,0.1999951256133787
0.038,0.45,1,0,0,0,0,1,0.19999482453019254
0.038,0.46,1,0,0,0,0,1,0.19999545745110836
0.038,0.47000000000000003,1,0,0,0,0,1,0.1999974151334979
0.038,0.48,1,0,0,0,0,1,0.19999522546668408
0.038,0.49,1,0,0,0,0,1,0.19999479738450396
0.038,0.5,1,0,0,0,0,1,0.19999644092133112
0.038,0.51,1,0,0,0,0,1,0.19999437917047222
0.038,0.52,1,0,0,0,0,1,0.19999519507613034
0.038,0.53,1,0,0,0,0,1,0.19999543926274724
0.038,0.54,1,0,0,0,0,1,0.1999950921781326
0.038,0.55,1,0,0,0,0,1,0.1999937609830249
0.038,0.56,1,0,0,0,0,1,0.19999487992158343
0.038,0.5700000000000001,1,0,0,0,0,1,0.1999957574454354
0.038,0.58,1,0,0,0,0,1,0.199995647707939
0.038,0.59,1,0,0,0,0,1,0.1999938945336677
0.038,0.6,1,0,0,0,0,1,0.19999480912166193
0.038,0.61,1,0,0,0,0,1,0.19999632828919534
0.038,0.62,1,0,0,0,0,1,0.1999947265943374
0.038,0.63,1,0,0,0,0,1,0.20000476743298037
0.038,0.64,1,0,0,0,0,1,0.1999958642004392
0.038,0.65,1,0,0,0,0,1,0.20000327452408656
0.038,0.66,1,0,0,0,0,1,0.19999563805548215
0.038,0.67,1,0,0,0,0,1,0.20000503562982558
0.038,0.68,1,0,0,0,0,1,0.19999555669829364
0.038,0.6900000000000001,1,0,0,0,0,1,0.20000571581339874
0.038,0.7000000000000001,1,0,0,0,0,1,0.1999954265484343
0.038,0.71,1,0,0,0,0,1,0.19999471155903126
0.038,0.72,1,0,0,0,0,1,0.19999334982675523
0.038,0.73,1,0,0,0,0,1,0.19999499052751335
0.038,0.74,1,0,0,0,0,1,0.1999962425702968
0.038,0.75,1,0,0,0,0,1,0.19999671141930953
0.038,0.76,1,0,0,0,0,1,0.199995697904418
0.038,0.77,1,0,0,0,0,1,0.19999498462824639
0.038,0.78,1,0,0,0,0,1,0.19999452841932908
0.038,0.79,8,0,1,0,0,0,0.2099934453113419
0.039,0.0,1,0,0,0,0,1,0.20000459172920695
0.039,0.01,1,0,0,0,0,1,0.20000505449147107
0.039,0.02,1,0,0,0,0,1,0.20000534505669565
0.039,0.03,1,0,0,0,0,1,0.2000066443738015
0.039,0.04,1,0,0,0,0,1,0.20000577171718434
0.039,0.05,1,0,0,0,0,1,0.20000629655612434
0.039,0.06,1,0,0,0,0,1,0.20000525854000153
0.039,0.07,1,0,0,0,0,1,0.20000394830824603
0.039,0.08,1,0,0,0,0,1,0.20000503576850925
0.039,0.09,1,0,0,0,0,1,0.2000048826643257
0.039,0.1,1,0,0,0,0,1,0.20000460846363982
0.039,0.11,1,0,0,0,0,1,0.20000594485746445
0.039,0.12,1,0,0,0,0,1,0.20000670363094597
0.039,0.13,1,0,0,0,0,1,0.20000606292254577
0.039,0.14,1,0,0,0,0,1,0.20000620012310105
0.039,0.15,1,0,0,0,0,1,0.2000059648667938
0.039,0.16,1,0,0,0,0,1,0.2000055943142869
0.039,0.17,1,0,0,0,0,1,0.20000530700204172
0.039,0.18,1,0,0,0,0,1,0.20000523837927672
0.039,0.19,1,0,0,0,0,1,0.2000049892316497
0.039,0.2,1,0,0,0,0,1,0.20000594940767286
0.039,0.21,1,0,0,0,0,1,0.20000557554506845
0.039,0.22,1,0,0,0,0,1,0.20000663582341544
0.039,0.23,1,0,0,0,0,1,0.20000554040133503
0.039,0.24,1,0,0,0,0,1,0.20000548749963923
0.039,0.25,1,0,0,0,0,1,0.2000049483382938
0.039,0.26,1,0,0,0,0,1,0.2000043177030449
0.039,0.27,1,0,0,0,0,1,0.2000044097218654
0.039,0.28,1,0,0,0,0,1,0.20000450007861395
0.039,0.29,1,0,0,0,0,1,0.2000069894692198
0.039,0.3,1,0,0,0,0,1,0.2000056460661901
0.039,0.31,1,0,0,0,0,1,0.20000650411418797
0.039,0.32,1,0,0,0,0,1,0.1999948497647043
0.039,0.33,1,0,0,0,0,1,0.1999958882125427
0.039,0.34,1,0,0,0,0,1,0.19999556949298308
0.039,0.35000000000000003,1,0,0,0,0,1,0.1999962283294029
0.039,0.36,1,0,0,0,0,1,0.19999558398980502
0.039,0.37,1,0,0,0,0,1,0.19999618447952236
0.039,0.38,1,0,0,0,0,1,0.19999621922566777
0.039,0.39,1,0,0,0,0,1,0.1999939624805852
0.039,0.4,1,0,0,0,0,1,0.1999943508902601
0.039,0.41000000000000003,1,0,0,0,0,1,0.19999541730208475
0.039,0.42,1,0,0,0,0,1,0.19999619902329527
0.039,0.43,1,0,0,0,0,1,0.19999498694696058
0.039,0.44,1,0,0,0,0,1,0.19999317972036548
0.039,0.45,1,0,0,0,0,1,0.1999949981064296
0.039,0.46,1,0,0,0,0,1,0.19999722521347363
0.039,0.47000000000000003,1,0,0,0,0,1,0.19999489297357076
0.039,0.48,1,0,0,0,0,1,0.19999497833666016
0.039,0.49,1,0,0,0,0,1,0.19999518343383946
0.039,0.5,1,0,0,0,0,1,0.19999719931955598
0.039,0.51,1,0,0,0,0,1,0.19999513556158527
0.039,0.52,1,0,0,0,0,1,0.19999619912166391
0.039,0.53,1,0,0,0,0,1,0.19999603623783035
0.039,0.54,1,0,0,0,0,1,0.19999424884511335
0.039,0.55,1,0,0,0,0,1,0.19999682804729033
0.039,0.56,1,0,0,0,0,1,0.19999446122123563
0.039,0.5700000000000001,1,0,0,0,0,1,0.19999412474108627
0.039,0.58,1,0,0,0,0,1,0.19999531958583772
0.039,0.59,1,0,0,0,0,1,0.19999590140022155
0.039,0.6,1,0,0,0,0,1,0.19999393611026817
0.039,0.61,1,0,0,0,0,1,0.1999954387818453
0.039,0.62,1,0,0,0,0,1,0.19999504489816056
0.039,0.63,1,0,0,0,0,1,0.1999961028143774
0.039,0.64,1,0,0,0,0,1,0.1999962130675937
0.039,0.65,1,0,0,0,0,1,0.19999497104590172
0.039,0.66,1,0,0,0,0,1,0.1999941427176549
0.039,0.67,1,0,0,0,0,1,0.20000645917706683
0.039,0.68,1,0,0,0,0,1,0.19999623674954514
0.039,0.6900000000000001,1,0,0,0,0,1,0.1999928813061643
0.039,0.7000000000000001,1,0,0,0,0,1,0.199995961152021
0.039,0.71,1,0,0,0,0,1,0.1999936584283977
0.039,0.72,1,0,0,0,0,1,0.19999609469900617
0.039,0.73,1,0,0,0,0,1,0.19999505053890684
0.039,0.74,1,0,0,0,0,1,0.19999620511210447
0.039,0.75,1,0,0,0,0,1,0.19999431026996556
0.039,0.76,1,0,0,0,0,1,0.1999956759738689
0.039,0.77,1,0,0,0,0,1,0.19999539860802287
0.039,0.78,1,0,0,0,0,1,0.199995371900884
0.039,0.79,8,0,1,0,0,0,0.20999428520053778
0.04,0.0,1,0,0,0,0,1,0.20000473387541864
0.04,0.01,1,0,0,0,0,1,0.20000503033138387
0.04,0.02,1,0,0,0,0,1,0.20000451097638447
0.04,0.03,1,0,0,0,0,1,0.20000710343198266
0.04,0.04,1,0,0,0,0,1,0.2000072317508035
0.04,0.05,1,0,0,0,0,1,0.20000561363858868
0.04,0.06,1,0,0,0,0,1,0.20000474710346522
0.04,0.07,1,0,0,0,0,1,0.20000465206222243
0.04,0.08,1,0,0,0,0,1,0.20000578073904357
0.04,0.09,1,0,0,0,0,1,0.20000468629425372
0.04,0.1,1,0,0,0,0,1,0.20000450905079442
0.04,0.11,1,0,0,0,0,1,0.20000645714365037
0.04,0.12,1,0,0,0,0,1,0.20000524751496146
0.04,0.13,1,0,0,0,0,1,0.20000566435197298
0.04,0.14,1,0,0,0,0,1,0.20000672883705392
0.04,0.15,1,0,0,0,0,1,0.2000066300159922
0.04,0.16,1,0,0,0,0,1,0.20000443744355353
0.04,0.17,1,0,0,0,0,1,0.2000048438792639
0.04,0.18,1,0,0,0,0,1,0.2000052426988085
0.04,0.19,1,0,0,0,0,1,0.2000058590653288
0.04,0.2,1,0,0,0,0,1,0.20000432828324102
0.04,0.21,1,0,0,0,0,1,0.20000711859628742
0.04,0.22,1,0,0,0,0,1,0.20000529485528667
0.04,0.23,1,0,0,0,0,1,0.20000743276377655
0.04,0.24,1,0,0,0,0,1,0.20000637073861577
0.04,0.25,1,0,0,0,0,1,0.2000051383090317
0.04,0.26,1,0,0,0,0,1,0.20000340288553656
0.04,0.27,1,0,0,0,0,1,0.20000574559394235
0.04,0.28,1,0,0,0,0,1,0.20000390713681349
0.04,0.29,1,0,0,0,0,1,0.20000449674184367
0.04,0.3,1,0,0,0,0,1,0.20000563518964387
0.04,0.31,1,0,0,0,0,1,0.20000680473762159
0.04,0.32,1,0,0,0,0,1,0.19999568309675073
0.04,0.33,1,0,0,0,0,1,0.1999966734842921
0.04,0.34,1,0,0,0,0,1,0.19999544219723994
0.04,0.35000000000000003,1,0,0,0,0,1,0.19999579563874734
0.04,0.36,1,0,0,0,0,1,0.1999954481855959
0.04,0.37,1,0,0,0,0,1,0.1999968659222884
0.04,0.38,1,0,0,0,0,1,0.1999962201918185
0.04,0.39,1,0,0,0,0,1,0.1999957956041388
0.04,0.4,1,0,0,0,0,1,0.19999493531996726
0.04,0.41000000000000003,1,0,0,0,0,1,0.19999301380076134
0.04,0.42,1,0,0,0,0,1,0.19999413922537956
0.04,0.43,1,0,0,0,0,1,0.19999309837723914
0.04,0.44,1,0,0,0,0,1,0.19999350918053835
0.04,0.45,1,0,0,0,0,1,0.19999499708891452
0.04,0.46,1,0,0,0,0,1,0.19999481680123604
0.04,0.47000000000000003,1,0,0,0,0,1,0.19999540898845608
0.04,0.48,1,0,0,0,0,1,0.19999567378444036
0.04,0.49,1,0,0,0,0,1,0.19999456757009507
0.04,0.5,1,0,0,0,0,1,0.19999527479591997
0.04,0.51,1,0,0,0,0,1,0.19999454411935422
0.04,0.52,1,0,0,0,0,1,0.19999625385752665
0.04,0.53,1,0,0,0,0,1,0.19999536381915708
0.04,0.54,1,0,0,0,0,1,0.19999495778675483
0.04,0.55,1,0,0,0,0,1,0.19999346347444585
0.04,0.56,1,0,0,0,0,1,0.19999664646261694
0.04,0.5700000000000001,1,0,0,0,0,1,0.199996804730983
0.04,0.58,1,0,0,0,0,1,0.19999472906404336
0.04,0.59,1,0,0,0,0,1,0.19999621279275737
0.04,0.6,1,0,0,0,0,1,0.199993324400013
0.04,0.61,1,0,0,0,0,1,0.1999960841845449
0.04,0.62,1,0,0,0,0,1,0.1999951130204788
0.04,0.63,1,0,0,0,0,1,0.1999958099621732
0.04,0.64,1,0,0,0,0,1,0.1999950115184817
0.04,0.65,1,0,0,0,0,1,0.19999487583774062
0.04,0.66,1,0,0,0,0,1,0.20000522602129878
0.04,0.67,1,0,0,0,0,1,0.2000064645515586
0.04,0.68,1,0,0,0,0,1,0.20000343905590393
0.04,0.6900000000000001,1,0,0,0,0,1,0.19999516080263238
0.04,0.7000000000000001,1,0,0,0,0,1,0.20000554045014024
0.04,0.71,1,0,0,0,0,1,0.1999930353182151
0.04,0.72,1,0,0,0,0,1,0.19999594502462822
0.04,0.73,1,0,0,0,0,1,0.19999519804369878
0.04,0.74,1,0,0,0,0,1,0.19999582142495123
0.04,0.75,1,0,0,0,0,1,0.19999555649795334
0.04,0.76,1,0,0,0,0,1,0.1999930399602687
0.04,0.77,1,0,0,0,0,1,0.1999947249566017
0.04,0.78,1,0,0,0,0,1,0.19999563804934475
0.04,0.79,8,0,1,0,0,0,0.2099953540497627
0.041,0.0,1,0,0,0,0,1,0.20000732920769793
0.041,0.01,1,0,0,0,0,1,0.20000665065008685
0.041,0.02,1,0,0,0,0,1,0.20000521567854052
0.041,0.03,1,0,0,0,0,1,0.20000771516950153
0.041,0.04,1,0,0,0,0,1,0.20000593675207518
0.041,0.05,1,0,0,0,0,1,0.20000721304300206
0.041,0.06,1,0,0,0,0,1,0.20000496512612959
0.041,0.07,1,0,0,0,0,1,0.20000614389660626
0.041,0.08,1,0,0,0,0,1,0.20000527611231386
0.041,0.09,1,0,0,0,0,1,0.20000410395105542
0.041,0.1,1,0,0,0,0,1,0.20000654751130506
0.041,0.11,1,0,0,0,0,1,0.20000436247665376
0.041,0.12,1,0,0,0,0,1,0.2000063972598495
0.041,0.13,1,0,0,0,0,1,0.20000782075397425
0.041,0.14,1,0,0,0,0,1,0.20000703995265695
0.041,0.15,1,0,0,0,0,1,0.20000538469608495
0.041,0.16,1,0,0,0,0,1,0.20000545648756346
0.041,0.17,1,0,0,0,0,1,0.20000563881476724
0.041,0.18,1,0,0,0,0,1,0.2000047656741683
0.041,0.19,1,0,0,0,0,1,0.2000049199923041
0.041,0.2,1,0,0,0,0,1,0.20000523366587125
0.041,0.21,1,0,0,0,0,1,0.20000699305617659
0.041,0.22,1,0,0,0,0,1,0.20000551087335697
0.041,0.23,1,0,0,0,0,1,0.20000536624305223
0.041,0.24,1,0,0,0,0,1,0.20000631378458616
0.041,0.25,1,0,0,0,0,1,0.20000463033520297
0.041,0.26,1,0,0,0,0,1,0.2000046868747848
0.041,0.27,1,0,0,0,0,1,0.20000536926150006
0.041,0.28,1,0,0,0,0,1,0.2000060474870444
0.041,0.29,1,0,0,0,0,1,0.20000706722418143
0.041,0.3,1,0,0,0,0,1,0.20000619744287404
0.041,0.31,1,0,0,0,0,1,0.20000565143927987
0.041,0.32,1,0,0,0,0,1,0.19999592335975927
0.041,0.33,1,0,0,0,0,1,0.19999565752552712
0.041,0.34,1,0,0,0,0,1,0.19999477947367048
0.041,0.35000000000000003,1,0,0,0,0,1,0.19999602850431572
0.041,0.36,1,0,0,0,0,1,0.19999616179735555
0.041,0.37,1,0,0,0,0,1,0.19999517304674463
0.041,0.38,1,0,0,0,0,1,0.1999962288291571
0.041,0.39,1,0,0,0,0,1,0.19999555621605608
0.041,0.4,1,0,0,0,0,1,0.1999961816268176
0.041,0.41000000000000003,1,0,0,0,0,1,0.1999948521092247
0.041,0.42,1,0,0,0,0,1,0.19999595399406733
0.041,0.43,1,0,0,0,0,1,0.1999956323729711
0.041,0.44,1,0,0,0,0,1,0.19999525282573327
0.041,0.45,1,0,0,0,0,1,0.19999617092087174
0.041,0.46,1,0,0,0,0,1,0.19999510854389638
0.041,0.47000000000000003,1,0,0,0,0,1,0.19999537390239158
0.041,0.48,1,0,0,0,0,1,0.1999950521086442
0.041,0.49,1,0,0,0,0,1,0.199994789484009
0.041,0.5,1,0,0,0,0,1,0.19999496994476681
0.041,0.51,1,0,0,0,0,1,0.199993916534884
0.041,0.52,1,0,0,0,0,1,0.19999604284939418
0.041,0.53,1,0,0,0,0,1,0.19999596821419788
0.041,0.54,1,0,0,0,0,1,0.19999618169604053
0.041,0.55,1,0,0,0,0,1,0.19999617328905525
0.041,0.56,1,0,0,0,0,1,0.19999403967087753
0.041,0.5700000000000001,1,0,0,0,0,1,0.1999933614402844
0.041,0.58,1,0,0,0,0,1,0.19999338770267797
0.041,0.59,1,0,0,0,0,1,0.19999596811609932
0.041,0.6,1,0,0,0,0,1,0.19999506705681408
0.041,0.61,1,0,0,0,0,1,0.1999945699182137
0.041,0.62,1,0,0,0,0,1,0.1999963824237894
0.041,0.63,1,0,0,0,0,1,0.19999567272483332
0.041,0.64,1,0,0,0,0,1,0.2000053454019805
0.041,0.65,1,0,0,0,0,1,0.20000558932626367
0.041,0.66,1,0,0,0,0,1,0.20000543811504243
0.041,0.67,1,0,0,0,0,1,0.19999572902308765
0.041,0.68,1,0,0,0,0,1,0.2000047694368374
0.041,0.6900000000000001,1,0,0,0,0,1,0.20000573663311744
0.041,0.7000000000000001,1,0,0,0,0,1,0.19999489936005738
0.041,0.71,1,0,0,0,0,1,0.1999938309171984
0.041,0.72,1,0,0,0,0,1,0.19999523386449952
0.041,0.73,1,0,0,0,0,1,0.19999531577966306
0.041,0.74,1,0,0,0,0,1,0.19999601702563316
0.041,0.75,1,0,0,0,0,1,0.19999507860938684
0.041,0.76,1,0,0,0,0,1,0.19999477699855428
0.041,0.77,1,0,0,0,0,1,0.19999295770733838
0.041,0.78,1,0,0,0,0,1,0.19999525756222283
0.041,0.79,8,0,1,0,0,0,0.2099944644731986
0.042,0.0,1,0,0,0,0,1,0.20000728511828797
0.042,0.01,1,0,0,0,0,1,0.20000463859040302
0.042,0.02,1,0,0,0,0,1,0.20000473677335354
0.042,0.03,1,0,0,0,0,1,0.20000457330719018
0.042,0.04,1,0,0,0,0,1,0.20000677986246906
0.042,0.05,1,0,0,0,0,1,0.20000524162552075
0.042,0.06,1,0,0,0,0,1,0.200004126309998
0.042,0.07,1,0,0,0,0,1,0.2000051777715857
0.042,0.08,1,0,0,0,0,1,0.20000498546492473
0.042,0.09,1,0,0,0,0,1,0.20000496375328722
0.042,0.1,1,0,0,0,0,1,0.20000622060516804
0.042,0.11,1,0,0,0,0,1,0.200005347822317
0.042,0.12,1,0,0,0,0,1,0.20000583482882875
0.042,0.13,1,0,0,0,0,1,0.2000048313997352
0.042,0.14,1,0,0,0,0,1,0.20000599451101225
0.042,0.15,1,0,0,0,0,1,0.2000060665338092
0.042,0.16,1,0,0,0,0,1,0.20000605650378345
0.042,0.17,1,0,0,0,0,1,0.200005389168863
0.042,0.18,1,0,0,0,0,1,0.20000542379544115
0.042,0.19,1,0,0,0,0,1,0.2000050811396802
0.042,0.2,1,0,0,0,0,1,0.20000537124122705
0.042,0.21,1,0,0,0,0,1,0.2000047496728823
0.042,0.22,1,0,0,0,0,1,0.20000713706416792
0.042,0.23,1,0,0,0,0,1,0.20000619184754745
0.042,0.24,1,0,0,0,0,1,0.20000555742483425
0.042,0.25,1,0,0,0,0,1,0.20000584355259396
0.042,0.26,1,0,0,0,0,1,0.20000422367705556
0.042,0.27,1,0,0,0,0,1,0.20000524543659418
0.042,0.28,1,0,0,0,0,1,0.2000062143484055
0.042,0.29,1,0,0,0,0,1,0.20000522960737038
0.042,0.3,1,0,0,0,0,1,0.20000588092819085
0.042,0.31,1,0,0,0,0,1,0.20000548913573424
0.042,0.32,1,0,0,0,0,1,0.19999669195880979
0.042,0.33,1,0,0,0,0,1,0.199994849013007
0.042,0.34,1,0,0,0,0,1,0.19999518172809208
0.042,0.35000000000000003,1,0,0,0,0,1,0.19999518632718755
0.042,0.36,1,0,0,0,0,1,0.19999609299781348
0.042,0.37,1,0,0,0,0,1,0.19999439559480023
0.042,0.38,1,0,0,0,0,1,0.19999535642584693
0.042,0.39,1,0,0,0,0,1,0.19999750365165572
0.042,0.4,1,0,0,0,0,1,0.19999540431806617
0.042,0.41000000000000003,1,0,0,0,0,1,0.19999618138185216
0.042,0.42,1,0,0,0,0,1,0.19999584957218847
0.042,0.43,1,0,0,0,0,1,0.19999491613911355
0.042,0.44,1,0,0,0,0,1,0.19999516621514946
0.042,0.45,1,0,0,0,0,1,0.19999599487972483
0.042,0.46,1,0,0,0,0,1,0.19999386289130872
0.042,0.47000000000000003,1,0,0,0,0,1,0.19999427219878585
0.042,0.48,1,0,0,0,0,1,0.19999497131775437
0.042,0.49,1,0,0,0,0,1,0.19999543643671472
0.042,0.5,1,0,0,0,0,1,0.19999470971546687
0.042,0.51,1,0,0,0,0,1,0.19999688353138648
0.042,0.52,1,0,0,0,0,1,0.19999402134449912
0.042,0.53,1,0,0,0,0,1,0.19999507191616894
0.042,0.54,1,0,0,0,0,1,0.19999585260755579
0.042,0.55,1,0,0,0,0,1,0.1999961278424109
0.042,0.56,1,0,0,0,0,1,0.19999316318485538
0.042,0.5700000000000001,1,0,0,0,0,1,0.1999948220986638
0.042,0.58,1,0,0,0,0,1,0.19999425654431763
0.042,0.59,1,0,0,0,0,1,0.19999333730393454
0.042,0.6,1,0,0,0,0,1,0.19999619267783333
0.042,0.61,1,0,0,0,0,1,0.19999605023512937
0.042,0.62,1,0,0,0,0,1,0.19999508014913325
0.042,0.63,1,0,0,0,0,1,0.1999956014381753
0.042,0.64,1,0,0,0,0,1,0.1999949758618095
0.042,0.65,1,0,0,0,0,1,0.1999950673203878
0.042,0.66,1,0,0,0,0,1,0.19999541574273827
0.042,0.67,1,0,0,0,0,1,0.19999490984085738
0.042,0.68,1,0,0,0,0,1,0.19999327471901088
0.042,0.6900000000000001,1,0,0,0,0,1,0.20000437892409867
0.042,0.7000000000000001,1,0,0,0,0,1,0.20000594728482793
0.042,0.71,1,0,0,0,0,1,0.19999587259914525
0.042,0.72,1,0,0,0,0,1,0.19999560143170725
0.042,0.73,1,0,0,0,0,1,0.19999395072108
0.042,0.74,1,0,0,0,0,1,0.1999933447470421
0.042,0.75,1,0,0,0,0,1,0.19999365754685267
0.042,0.76,1,0,0,0,0,1,0.19999470350758078
0.042,0.77,1,0,0,0,0,1,0.19999582212468034
0.042,0.78,1,0,0,0,0,1,0.19999512135918426
0.042,0.79,8,0,1,0,0,0,0.20999539402554074
0.043000000000000003,0.0,1,0,0,0,0,1,0.20000616128022777
0.043000000000000003,0.01,1,0,0,0,0,1,0.20000458762906043
0.043000000000000003,0.02,1,0,0,0,0,1,0.20000500504938454
0.043000000000000003,0.03,1,0,0,0,0,1,0.20000643328081275
0.043000000000000003,0.04,1,0,0,0,0,1,0.2000071891787159
0.043000000000000003,0.05,1,0,0,0,0,1,0.2000057373944759
0.043000000000000003,0.06,1,0,0,0,0,1,0.20000553690350795
0.043000000000000003,0.07,1,0,0,0,0,1,0.2000053958014683
0.043000000000000003,0.08,1,0,0,0,0,1,0.20000440057371716
0.043000000000000003,0.09,1,0,0,0,0,1,0.20000702861560155
0.043000000000000003,0.1,1,0,0,0,0,1,0.20000450418106624
0.043000000000000003,0.11,1,0,0,0,0,1,0.2000051809022344
0.043000000000000003,0.12,1,0,0,0,0,1,0.20000622128184162
0.043000000000000003,0.13,1,0,0,0,0,1,0.20000521782059283
0.043000000000000003,0.14,1,0,0,0,0,1,0.20000552615602685
0.043000000000000003,0.15,1,0,0,0,0,1,0.2000066037241136
0.043000000000000003,0.16,1,0,0,0,0,1,0.2000067745462107
0.043000000000000003,0.17,1,0,0,0,0,1,0.2000058040691071
0.043000000000000003,0.18,1,0,0,0,0,1,0.2000049055570983
0.043000000000000003,0.19,1,0,0,0,0,1,0.20000411437464735
0.043000000000000003,0.2,1,0,0,0,0,1,0.2000062008976908
0.043000000000000003,0.21,1,0,0,0,0,1,0.2000059194176058
0.043000000000000003,0.22,1,0,0,0,0,1,0.2000050372908218
0.043000000000000003,0.23,1,0,0,0,0,1,0.20000608517723165
0.043000000000000003,0.24,1,0,0,0,0,1,0.20000755507617324
0.043000000000000003,0.25,1,0,0,0,0,1,0.2000064006918326
0.043000000000000003,0.26,1,0,0,0,0,1,0.20000452473533484
0.043000000000000003,0.27,1,0,0,0,0,1,0.20000456630117333
0.043000000000000003,0.28,1,0,0,0,0,1,0.20000679142783087
0.043000000000000003,0.29,1,0,0,0,0,1,0.20000554780405425
0.043000000000000003,0.3,1,0,0,0,0,1,0.2000042065749406
0.043000000000000003,0.31,1,0,0,0,0,1,0.20000509457231697
0.043000000000000003,0.32,1,0,0,0,0,1,0.1999960079837558
0.043000000000000003,0.33,1,0,0,0,0,1,0.19999487371330696
0.043000000000000003,0.34,1,0,0,0,0,1,0.19999606554665422
0.043000000000000003,0.35000000000000003,1,0,0,0,0,1,0.19999597712353762
0.043000000000000003,0.36,1,0,0,0,0,1,0.19999622854366053
0.043000000000000003,0.37,1,0,0,0,0,1,0.1999959828038663
0.043000000000000003,0.38,1,0,0,0,0,1,0.1999952975025341
0.043000000000000003,0.39,1,0,0,0,0,1,0.1999952537886523
0.043000000000000003,0.4,1,0,0,0,0,1,0.19999543616759624
0.043000000000000003,0.41000000000000003,1,0,0,0,0,1,0.1999954348401595
0.043000000000000003,0.42,1,0,0,0,0,1,0.1999958710317867
0.043000000000000003,0.43,1,0,0,0,0,1,0.19999616055787323
0.043000000000000003,0.44,1,0,0,0,0,1,0.19999321533876163
0.043000000000000003,0.45,1,0,0,0,0,1,0.19999598499645296
0.043000000000000003,0.46,1,0,0,0,0,1,0.19999377426086318
0.043000000000000003,0.47000000000000003,1,0,0,0,0,1,0.19999525530065207
0.043000000000000003,0.48,1,0,0,0,0,1,0.19999417826765015
0.043000000000000003,0.49,1,0,0,0,0,1,0.19999449930224458
0.043000000000000003,0.5,1,0,0,0,0,1,0.19999545369500193
0.043000000000000003,0.51,1,0,0,0,0,1,0.19999526803496712
0.043000000000000003,0.52,1,0,0,0,0,1,0.19999546529702708
0.043000000000000003,0.53,1,0,0,0,0,1,0.19999623000894381
0.043000000000000003,0.54,1,0,0,0,0,1,0.19999506479567503
0.043000000000000003,0.55,1,0,0,0,0,1,0.1999949465471991
0.043000000000000003,0.56,1,0,0,0,0,1,0.19999544906660532
0.043000000000000003,0.5700000000000001,1,0,0,0,0,1,0.19999524581975484
0.043000000000000003,0.58,1,0,0,0,0,1,0.1999960643830747
0.043000000000000003,0.59,1,0,0,0,0,1,0.19999568357750896
0.043000000000000003,0.6,1,0,0,0,0,1,0.1999942884576975
0.043000000000000003,0.61,1,0,0,0,0,1,0.19999332097719408
0.043000000000000003,0.62,1,0,0,0,0,1,0.19999735564332732
0.043000000000000003,0.63,1,0,0,0,0,1,0.19999573096000972
0.043000000000000003,0.64,1,0,0,0,0,1,0.20000513879370108
0.043000000000000003,0.65,1,0,0,0,0,1,0.2000050773709345
0.043000000000000003,0.66,1,0,0,0,0,1,0.2000070927791824
0.043000000000000003,0.67,1,0,0,0,0,1,0.20000523283784588
0.043000000000000003,0.68,1,0,0,0,0,1,0.19999589885631586
0.043000000000000003,0.6900000000000001,1,0,0,0,0,1,0.20000541646717826
0.043000000000000003,0.7000000000000001,1,0,0,0,0,1,0.1999939503782959
0.043000000000000003,0.71,1,0,0,0,0,1,0.1999950390454469
0.043000000000000003,0.72,1,0,0,0,0,1,0.19999673221791953
0.043000000000000003,0.73,1,0,0,0,0,1,0.19999440826367001
0.043000000000000003,0.74,1,0,0,0,0,1,0.199994911929426
0.043000000000000003,0.75,1,0,0,0,0,1,0.19999536537359278
0.043000000000000003,0.76,1,0,0,0,0,1,0.19999570027187163
0.043000000000000003,0.77,1,0,0,0,0,1,0.19999572052941722
0.043000000000000003,0.78,1,0,0,0,0,1,0.19999601568493783
0.043000000000000003,0.79,8,0,1,0,0,0,0.20999541337147654
0.044,0.0,1,0,0,0,0,1,0.20000516287373324
0.044,0.01,1,0,0,0,0,1,0.200006056686283
0.044,0.02,1,0,0,0,0,1,0.20000491706016915
0.044,0.03,1,0,0,0,0,1,0.2000053857148579
0.044,0.04,1,0,0,0,0,1,0.20000783221239507
0.044,0.05,1,0,0,0,0,1,0.20000534292518113
0.044,0.06,1,0,0,0,0,1,0.20000708224830313
0.044,0.07,1,0,0,0,0,1,0.2000047071348843
0.044,0.08,1,0,0,0,0,1,0.20000613761436398
0.044,0.09,1,0,0,0,0,1,0.2000052410251807
0.044,0.1,1,0,0,0,0,1,0.2000040628074582
0.044,0.11,1,0,0,0,0,1,0.2000063394498346
0.044,0.12,1,0,0,0,0,1,0.20000409387108065
0.044,0.13,1,0,0,0,0,1,0.20000618594476574
0.044,0.14,1,0,0,0,0,1,0.20000773905720148
0.044,0.15,1,0,0,0,0,1,0.200006899833383
0.044,0.16,1,0,0,0,0,1,0.20000465825445599
0.044,0.17,1,0,0,0,0,1,0.2000060688041976
0.044,0.18,1,0,0,0,0,1,0.20000573484814085
0.044,0.19,1,0,0,0,0,1,0.20000629710431447
0.044,0.2,1,0,0,0,0,1,0.20000395442212704
0.044,0.21,1,0,0,0,0,1,0.2000051222154624
0.044,0.22,1,0,0,0,0,1,0.20000511256580444
0.044,0.23,1,0,0,0,0,1,0.20000510988428893
0.044,0.24,1,0,0,0,0,1,0.2000052198089446
0.044,0.25,1,0,0,0,0,1,0.20000629600160172
0.044,0.26,1,0,0,0,0,1,0.20000439226757427
0.044,0.27,1,0,0,0,0,1,0.20000479930840168
0.044,0.28,1,0,0,0,0,1,0.2000030687584251
0.044,0.29,1,0,0,0,0,1,0.2000067462617162
0.044,0.3,1,0,0,0,0,1,0.20000493001580802
0.044,0.31,1,0,0,0,0,1,0.20000517335441712
0.044,0.32,1,0,0,0,0,1,0.19999517854349091
0.044,0.33,1,0,0,0,0,1,0.19999595012613022
0.044,0.34,1,0,0,0,0,1,0.1999952386865273
0.044,0.35000000000000003,1,0,0,0,0,1,0.19999497141101527
0.044,0.36,1,0,0,0,0,1,0.19999584077947122
0.044,0.37,1,0,0,0,0,1,0.1999958651279676
0.044,0.38,1,0,0,0,0,1,0.19999310842122925
0.044,0.39,1,0,0,0,0,1,0.19999603043875822
0.044,0.4,1,0,0,0,0,1,0.1999956354044091
0.044,0.41000000000000003,1,0,0,0,0,1,0.19999615971187346
0.044,0.42,1,0,0,0,0,1,0.1999962100301015
0.044,0.43,1,0,0,0,0,1,0.19999608259414567
0.044,0.44,1,0,0,0,0,1,0.19999479680689078
0.044,0.45,1,0,0,0,0,1,0.19999589868236137
0.044,0.46,1,0,0,0,0,1,0.19999500103204593
0.044,0.47000000000000003,1,0,0,0,0,1,0.19999493917943242
0.044,0.48,1,0,0,0,0,1,0.19999571016238876
0.044,0.49,1,0,0,0,0,1,0.19999489076540444
0.044,0.5,1,0,0,0,0,1,0.19999327439686485
0.044,0.51,1,0,0,0,0,1,0.19999603641015284
0.044,0.52,1,0,0,0,0,1,0.19999494095857903
0.044,0.53,1,0,0,0,0,1,0.19999463886979685
0.044,0.54,1,0,0,0,0,1,0.19999496164285055
0.044,0.55,1,0,0,0,0,1,0.1999929937166479
0.044,0.56,1,0,0,0,0,1,0.19999612129059102
0.044,0.5700000000000001,1,0,0,0,0,1,0.19999516323045533
0.044,0.58,1,0,0,0,0,1,0.19999322361611513
0.044,0.59,1,0,0,0,0,1,0.1999961327371792
0.044,0.6,1,0,0,0,0,1,0.19999521331191805
0.044,0.61,1,0,0,0,0,1,0.19999499338030047
0.044,0.62,1,0,0,0,0,1,0.20000516035102625
0.044,0.63,1,0,0,0,0,1,0.19999594507794927
0.044,0.64,1,0,0,0,0,1,0.19999606797402028
0.044,0.65,1,0,0,0,0,1,0.19999657583294939
0.044,0.66,1,0,0,0,0,1,0.19999606021122146
0.044,0.67,1,0,0,0,0,1,0.19999461733400015
0.044,0.68,1,0,0,0,0,1,0.20000458198406354
0.044,0.6900000000000001,1,0,0,0,0,1,0.19999484468442308
0.044,0.7000000000000001,1,0,0,0,0,1,0.2000054461433725
0.044,0.71,1,0,0,0,0,1,0.19999594026869305
0.044,0.72,1,0,0,0,0,1,0.19999596400604783
0.044,0.73,1,0,0,0,0,1,0.19999432979730045
0.044,0.74,1,0,0,0,0,1,0.19999584140649343
0.044,0.75,1,0,0,0,0,1,0.19999318889678952
0.044,0.76,1,0,0,0,0,1,0.1999948423588827
0.044,0.77,1,0,0,0,0,1,0.19999420399285023
0.044,0.78,1,0,0,0,0,1,0.19999716153784972
0.044,0.79,3,0,0,0,1,1,0.2000128772860517
0.045,0.0,1,0,0,0,0,1,0.2000068985111298
0.045,0.01,1,0,0,0,0,1,0.20000505365845764
0.045,0.02,1,0,0,0,0,1,0.20000512607784526
0.045,0.03,1,0,0,0,0,1,0.20000404749322526
0.045,0.04,1,0,0,0,0,1,0.20000636147994927
0.045,0.05,1,0,0,0,0,1,0.2000063691932656
0.045,0.06,1,0,0,0,0,1,0.20000736122771784
0.045,0.07,1,0,0,0,0,1,0.20000405509330907
0.045,0.08,1,0,0,0,0,1,0.20000508756810567
0.045,0.09,1,0,0,0,0,1,0.20000469042267754
0.045,0.1,1,0,0,0,0,1,0.2000048888881177
0.045,0.11,1,0,0,0,0,1,0.2000059638601807
0.045,0.12,1,0,0,0,0,1,0.20000442487008893
0.045,0.13,1,0,0,0,0,1,0.20000463609642524
0.045,0.14,1,0,0,0,0,1,0.20000554442927312
0.045,0.15,1,0,0,0,0,1,0.20000588737293287
0.045,0.16,1,0,0,0,0,1,0.2000075247398267
0.045,0.17,1,0,0,0,0,1,0.2000078565493339
0.045,0.18,1,0,0,0,0,1,0.20000578848165762
0.045,0.19,1,0,0,0,0,1,0.20000546499692787
0.045,0.2,1,0,0,0,0,1,0.20000509396065913
0.045,0.21,1,0,0,0,0,1,0.20000538896697612
0.045,0.22,1,0,0,0,0,1,0.20000555202952924
0.045,0.23,1,0,0,0,0,1,0.20000493010974443
0.045,0.24,1,0,0,0,0,1,0.20000587984081586
0.045,0.25,1,0,0,0,0,1,0.20000556002814693
0.045,0.26,1,0,0,0,0,1,0.2000046356003068
0.045,0.27,1,0,0,0,0,1,0.2000043913460278
0.045,0.28,1,0,0,0,0,1,0.20000524269439185
0.045,0.29,1,0,0,0,0,1,0.20000545872522915
0.045,0.3,1,0,0,0,0,1,0.2000064183430498
0.045,0.31,1,0,0,0,0,1,0.20000516587507003
0.045,0.32,1,0,0,0,0,1,0.20000437480009792
0.045,0.33,1,0,0,0,0,1,0.19999455043614908
0.045,0.34,1,0,0,0,0,1,0.19999457871395554
0.045,0.35000000000000003,1,0,0,0,0,1,0.19999579494161912
0.045,0.36,1,0,0,0,0,1,0.1999957903351124
0.045,0.37,1,0,0,0,0,1,0.19999522052863067
0.045,0.38,1,0,0,0,0,1,0.19999514961768605
0.045,0.39,1,0,0,0,0,1,0.19999543372530612
0.045,0.4,1,0,0,0,0,1,0.1999954310467027
0.045,0.41000000000000003,1,0,0,0,0,1,0.19999615088675565
0.045,0.42,1,0,0,0,0,1,0.1999952334933083
0.045,0.43,1,0,0,0,0,1,0.1999964085217719
0.045,0.44,1,0,0,0,0,1,0.19999622075168738
0.045,0.45,1,0,0,0,0,1,0.19999400463725878
0.045,0.46,1,0,0,0,0,1,0.19999621210080487
0.045,0.47000000000000003,1,0,0,0,0,1,0.19999581390564625
0.045,0.48,1,0,0,0,0,1,0.19999585028992825
0.045,0.49,1,0,0,0,0,1,0.19999410330907003
0.045,0.5,1,0,0,0,0,1,0.19999484056475625
0.045,0.51,1,0,0,0,0,1,0.19999493620809472
0.045,0.52,1,0,0,0,0,1,0.19999570054841292
0.045,0.53,1,0,0,0,0,1,0.19999494740481158
0.045,0.54,1,0,0,0,0,1,0.19999493814732655
0.045,0.55,1,0,0,0,0,1,0.19999350880713607
0.045,0.56,1,0,0,0,0,1,0.19999501774960807
0.045,0.5700000000000001,1,0,0,0,0,1,0.19999434793943455
0.045,0.58,1,0,0,0,0,1,0.1999948129496455
0.045,0.59,1,0,0,0,0,1,0.19999445647127176
0.045,0.6,1,0,0,0,0,1,0.19999398385304895
0.045,0.61,1,0,0,0,0,1,0.1999956286054095
0.045,0.62,1,0,0,0,0,1,0.1999962649154663
0.045,0.63,1,0,0,0,0,1,0.19999534322031853
0.045,0.64,1,0,0,0,0,1,0.20000591253059816
0.045,0.65,1,0,0,0,0,1,0.19999488580492347
0.045,0.66,1,0,0,0,0,1,0.19999715010985186
0.045,0.67,1,0,0,0,0,1,0.19999709619994788
0.045,0.68,1,0,0,0,0,1,0.20000677178744702
0.045,0.6900000000000001,1,0,0,0,0,1,0.20000538763097753
0.045,0.7000000000000001,1,0,0,0,0,1,0.19999532020945013
0.045,0.71,1,0,0,0,0,1,0.19999567948458988
0.045,0.72,1,0,0,0,0,1,0.1999948691749719
0.045,0.73,1,0,0,0,0,1,0.19999511006105508
0.045,0.74,1,0,0,0,0,1,0.19999583978933375
0.045,0.75,1,0,0,0,0,1,0.19999669782454862
0.045,0.76,1,0,0,0,0,1,0.19999610637191614
0.045,0.77,1,0,0,0,0,1,0.1999948710545324
0.045,0.78,1,0,0,0,0,1,0.19999611455305766
0.045,0.79,3,0,0,0,1,1,0.20000961241837273
0.046,0.0,1,0,0,0,0,1,0.20000481292693134
0.046,0.01,1,0,0,0,0,1,0.20000563265714658
0.046,0.02,1,0,0,0,0,1,0.20000456016666662
0.046,0.03,1,0,0,0,0,1,0.20000510245163455
0.046,0.04,1,0,0,0,0,1,0.20000519478918843
0.046,0.05,1,0,0,0,0,1,0.2000072435235095
0.046,0.06,1,0,0,0,0,1,0.2000074141280074
0.046,0.07,1,0,0,0,0,1,0.20000511391154696
0.046,0.08,1,0,0,0,0,1,0.20000455631143463
0.046,0.09,1,0,0,0,0,1,0.20000438619564903
0.046,0.1,1,0,0,0,0,1,0.20000496575761903
0.046,0.11,1,0,0,0,0,1,0.20000449825213354
0.046,0.12,1,0,0,0,0,1,0.2000051355729118
0.046,0.13,1,0,0,0,0,1,0.200005929260898
0.046,0.14,1,0,0,0,0,1,0.20000608175317003
0.046,0.15,1,0,0,0,0,1,0.20000582012294305
0.046,0.16,1,0,0,0,0,1,0.20000588163507713
0.046,0.17,1,0,0,0,0,1,0.20000522615285998
0.046,0.18,1,0,0,0,0,1,0.20000453806845586
0.046,0.19,1,0,0,0,0,1,0.2000057441717177
0.046,0.2,1,0,0,0,0,1,0.200005232499549
0.046,0.21,1,0,0,0,0,1,0.20000503874591705
0.046,0.22,1,0,0,0,0,1,0.20000510663492363
0.046,0.23,1,0,0,0,0,1,0.20000494600322558
0.046,0.24,1,0,0,0,0,1,0.20000532145727637
0.046,0.25,1,0,0,0,0,1,0.2000076085305161
0.046,0.26,1,0,0,0,0,1,0.2000063674593569
0.046,0.27,1,0,0,0,0,1,0.20000466795981275
0.046,0.28,1,0,0,0,0,1,0.2000045069212891
0.046,0.29,1,0,0,0,0,1,0.20000453155619322
0.046,0.3,1,0,0,0,0,1,0.20000649882340596
0.046,0.31,1,0,0,0,0,1,0.2000049474005781
0.046,0.32,1,0,0,0,0,1,0.20000454235272416
0.046,0.33,1,0,0,0,0,1,0.19999594474437443
0.046,0.34,1,0,0,0,0,1,0.19999337140881523
0.046,0.35000000000000003,1,0,0,0,0,1,0.1999958005505154
0.046,0.36,1,0,0,0,0,1,0.19999578510491514
0.046,0.37,1,0,0,0,0,1,0.199993261688263
0.046,0.38,1,0,0,0,0,1,0.1999949610020368
0.046,0.39,1,0,0,0,0,1,0.19999303910269486
0.046,0.4,1,0,0,0,0,1,0.1999956727631064
0.046,0.41000000000000003,1,0,0,0,0,1,0.19999516729398997
0.046,0.42,1,0,0,0,0,1,0.19999529870272809
0.046,0.43,1,0,0,0,0,1,0.19999609946091076
0.046,0.44,1,0,0,0,0,1,0.1999961932247609
0.046,0.45,1,0,0,0,0,1,0.19999488211293098
0.046,0.46,1,0,0,0,0,1,0.19999539688795154
0.046,0.47000000000000003,1,0,0,0,0,1,0.19999314431635548
0.046,0.48,1,0,0,0,0,1,0.19999665221131
0.046,0.49,1,0,0,0,0,1,0.19999613057412177
0.046,0.5,1,0,0,0,0,1,0.19999503024594997
0.046,0.51,1,0,0,0,0,1,0.19999578347783648
0.046,0.52,1,0,0,0,0,1,0.19999541335560608
0.046,0.53,1,0,0,0,0,1,0.19999622242041862
0.046,0.54,1,0,0,0,0,1,0.19999543196050057
0.046,0.55,1,0,0,0,0,1,0.1999942015245193
0.046,0.56,1,0,0,0,0,1,0.19999567119825826
0.046,0.5700000000000001,1,0,0,0,0,1,0.199995896154866
0.046,0.58,1,0,0,0,0,1,0.19999520431697995
0.046,0.59,1,0,0,0,0,1,0.19999436882841157
0.046,0.6,1,0,0,0,0,1,0.19999681630536725
0.046,0.61,1,0,0,0,0,1,0.1999971017973336
0.046,0.62,1,0,0,0,0,1,0.19999463352588046
0.046,0.63,1,0,0,0,0,1,0.19999637282391508
0.046,0.64,1,0,0,0,0,1,0.19999546924276532
0.046,0.65,1,0,0,0,0,1,0.19999609968832419
0.046,0.66,1,0,0,0,0,1,0.2000058234216103
0.046,0.67,1,0,0,0,0,1,0.20000346281271378
0.046,0.68,1,0,0,0,0,1,0.19999546034480695
0.046,0.6900000000000001,1,0,0,0,0,1,0.2000078086727835
0.046,0.7000000000000001,1,0,0,0,0,1,0.2000058212415159
0.046,0.71,1,0,0,0,0,1,0.19999445318950734
0.046,0.72,1,0,0,0,0,1,0.1999936081152303
0.046,0.73,1,0,0,0,0,1,0.19999647426154402
0.046,0.74,1,0,0,0,0,1,0.19999362086117609
0.046,0.75,1,0,0,0,0,1,0.19999337060059938
0.046,0.76,1,0,0,0,0,1,0.19999674413441298
0.046,0.77,1,0,0,0,0,1,0.19999533193171606
0.046,0.78,1,0,0,0,0,1,0.19999460702688035
0.046,0.79,3,0,0,0,1,1,0.20000832416910008
0.047,0.0,1,0,0,0,0,1,0.20000654549608074
0.047,0.01,1,0,0,0,0,1,0.20000553732082266
0.047,0.02,1,0,0,0,0,1,0.20000453370328317
0.047,0.03,1,0,0,0,0,1,0.2000045425796442
0.047,0.04,1,0,0,0,0,1,0.20000626244380024
0.047,0.05,1,0,0,0,0,1,0.20000792037165951
0.047,0.06,1,0,0,0,0,1,0.20000761911367798
0.047,0.07,1,0,0,0,0,1,0.20000710681238046
0.047,0.08,1,0,0,0,0,1,0.2000048459106657
0.047,0.09,1,0,0,0,0,1,0.2000077892144806
0.047,0.1,1,0,0,0,0,1,0.2000049026805224
0.047,0.11,1,0,0,0,0,1,0.2000040166056198
0.047,0.12,1,0,0,0,0,1,0.2000061063464304
0.047,0.13,1,0,0,0,0,1,0.20000421004978353
0.047,0.14,1,0,0,0,0,1,0.2000059462793106
0.047,0.15,1,0,0,0,0,1,0.20000755601805026
0.047,0.16,1,0,0,0,0,1,0.20000401712381813
0.047,0.17,1,0,0,0,0,1,0.20000665421632272
0.047,0.18,1,0,0,0,0,1,0.20000554027214532
0.047,0.19,1,0,0,0,0,1,0.20000446025668547
0.047,0.2,1,0,0,0,0,1,0.20000650640456966
0.047,0.21,1,0,0,0,0,1,0.20000610918889924
0.047,0.22,1,0,0,0,0,1,0.20000519931269128
0.047,0.23,1,0,0,0,0,1,0.20000578709343572
0.047,0.24,1,0,0,0,0,1,0.20000456596300653
0.047,0.25,1,0,0,0,0,1,0.20000665928004288
0.047,0.26,1,0,0,0,0,1,0.20000626243203695
0.047,0.27,1,0,0,0,0,1,0.20000595274978092
0.047,0.28,1,0,0,0,0,1,0.20000385846924318
0.047,0.29,1,0,0,0,0,1,0.2000056112726138
0.047,0.3,1,0,0,0,0,1,0.20000568650676578
0.047,0.31,1,0,0,0,0,1,0.20000662939801941
0.047,0.32,1,0,0,0,0,1,0.20000679113527645
0.047,0.33,1,0,0,0,0,1,0.19999587026274543
0.047,0.34,1,0,0,0,0,1,0.19999524479380498
0.047,0.35000000000000003,1,0,0,0,0,1,0.19999462126032144
0.047,0.36,1,0,0,0,0,1,0.1999958305278707
0.047,0.37,1,0,0,0,0,1,0.19999322678547893
0.047,0.38,1,0,0,0,0,1,0.19999573302356974
0.047,0.39,1,0,0,0,0,1,0.19999500686326566
0.047,0.4,1,0,0,0,0,1,0.19999516425414784
0.047,0.41000000000000003,1,0,0,0,0,1,0.19999306602773978
0.047,0.42,1,0,0,0,0,1,0.19999608453585557
0.047,0.43,1,0,0,0,0,1,0.1999970127306317
0.047,0.44,1,0,0,0,0,1,0.199994827359671
0.047,0.45,1,0,0,0,0,1,0.19999604506624527
0.047,0.46,1,0,0,0,0,1,0.19999605983171706
0.047,0.47000000000000003,1,0,0,0,0,1,0.1999947063022324
0.047,0.48,1,0,0,0,0,1,0.1999959591021735
0.047,0.49,1,0,0,0,0,1,0.19999624634689642
0.047,0.5,1,0,0,0,0,1,0.1999952902215705
0.047,0.51,1,0,0,0,0,1,0.19999470506065717
0.047,0.52,1,0,0,0,0,1,0.1999950113812021
0.047,0.53,1,0,0,0,0,1,0.19999618799006796
0.047,0.54,1,0,0,0,0,1,0.1999953860720267
0.047,0.55,1,0,0,0,0,1,0.19999445958161388
0.047,0.56,1,0,0,0,0,1,0.19999591486372578
0.047,0.5700000000000001,1,0,0,0,0,1,0.1999962280071974
0.047,0.58,1,0,0,0,0,1,0.19999716191367994
0.047,0.59,1,0,0,0,0,1,0.19999708165028005
0.047,0.6,1,0,0,0,0,1,0.19999518547995376
0.047,0.61,1,0,0,0,0,1,0.1999956501741677
0.047,0.62,1,0,0,0,0,1,0.19999517708067238
0.047,0.63,1,0,0,0,0,1,0.19999326706577944
0.047,0.64,1,0,0,0,0,1,0.20000463466372298
0.047,0.65,1,0,0,0,0,1,0.19999662707439347
0.047,0.66,1,0,0,0,0,1,0.19999696790027277
0.047,0.67,1,0,0,0,0,1,0.19999614724782513
0.047,0.68,1,0,0,0,0,1,0.20000636541903496
0.047,0.6900000000000001,1,0,0,0,0,1,0.19999708829452914
0.047,0.7000000000000001,1,0,0,0,0,1,0.19999319470560706
0.047,0.71,1,0,0,0,0,1,0.19999497706398045
0.047,0.72,1,0,0,0,0,1,0.19999586187411122
0.047,0.73,1,0,0,0,0,1,0.19999503625298412
0.047,0.74,1,0,0,0,0,1,0.1999971922889045
0.047,0.75,1,0,0,0,0,1,0.19999493361878906
0.047,0.76,1,0,0,0,0,1,0.19999568823705588
0.047,0.77,1,0,0,0,0,1,0.19999619296851184
0.047,0.78,1,0,0,0,0,1,0.1999938716548786
0.047,0.79,3,0,0,0,1,1,0.20000755353225033
0.048,0.0,1,0,0,0,0,1,0.20000436445250047
0.048,0.01,1,0,0,0,0,1,0.2000066087229226
0.048,0.02,1,0,0,0,0,1,0.20000523424676903
0.048,0.03,1,0,0,0,0,1,0.20000694960032106
0.048,0.04,1,0,0,0,0,1,0.2000051126832072
0.048,0.05,1,0,0,0,0,1,0.20000790634800272
0.048,0.06,1,0,0,0,0,1,0.20000649864194692
0.048,0.07,1,0,0,0,0,1,0.20000749765479137
0.048,0.08,1,0,0,0,0,1,0.2000047613501772
0.048,0.09,1,0,0,0,0,1,0.20000498299322825
0.048,0.1,1,0,0,0,0,1,0.20000530855071055
0.048,0.11,1,0,0,0,0,1,0.20000481931485287
0.048,0.12,1,0,0,0,0,1,0.2000056747705522
0.048,0.13,1,0,0,0,0,1,0.2000042738066646
0.048,0.14,1,0,0,0,0,1,0.20000463859496198
0.048,0.15,1,0,0,0,0,1,0.200006140818241
0.048,0.16,1,0,0,0,0,1,0.20000401693238984
0.048,0.17,1,0,0,0,0,1,0.20000682525073135
0.048,0.18,1,0,0,0,0,1,0.20000635389308896
0.048,0.19,1,0,0,0,0,1,0.20000547630149626
0.048,0.2,1,0,0,0,0,1,0.20000552268649777
0.048,0.21,1,0,0,0,0,1,0.20000499383495185
0.048,0.22,1,0,0,0,0,1,0.20000543557122083
0.048,0.23,1,0,0,0,0,1,0.20000550803855158
0.048,0.24,1,0,0,0,0,1,0.20000495759625864
0.048,0.25,1,0,0,0,0,1,0.2000050567751973
0.048,0.26,1,0,0,0,0,1,0.20000555791925875
0.048,0.27,1,0,0,0,0,1,0.2000062949368671
0.048,0.28,1,0,0,0,0,1,0.20000460896507088
0.048,0.29,1,0,0,0,0,1,0.20000321877945693
0.048,0.3,1,0,0,0,0,1,0.2000040017583011
0.048,0.31,1,0,0,0,0,1,0.20000592390325705
0.048,0.32,1,0,0,0,0,1,0.200004053423036
0.048,0.33,1,0,0,0,0,1,0.19999658569541473
0.048,0.34,1,0,0,0,0,1,0.19999603319222123
0.048,0.35000000000000003,1,0,0,0,0,1,0.1999930696934066
0.048,0.36,1,0,0,0,0,1,0.1999960668117326
0.048,0.37,1,0,0,0,0,1,0.1999959352275668
0.048,0.38,1,0,0,0,0,1,0.1999956746042824
0.048,0.39,1,0,0,0,0,1,0.19999496842424405
0.048,0.4,1,0,0,0,0,1,0.19999510295063797
0.048,0.41000000000000003,1,0,0,0,0,1,0.1999958031912124
0.048,0.42,1,0,0,0,0,1,0.19999575136826617
0.048,0.43,1,0,0,0,0,1,0.19999575270522724
0.048,0.44,1,0,0,0,0,1,0.19999584565221384
0.048,0.45,1,0,0,0,0,1,0.1999946385199129
0.048,0.46,1,0,0,0,0,1,0.19999418771712968
0.048,0.47000000000000003,1,0,0,0,0,1,0.1999961307730696
0.048,0.48,1,0,0,0,0,1,0.1999950750666481
0.048,0.49,1,0,0,0,0,1,0.1999951177867564
0.048,0.5,1,0,0,0,0,1,0.1999948122403618
0.048,0.51,1,0,0,0,0,1,0.19999566156557744
0.048,0.52,1,0,0,0,0,1,0.1999957422963952
0.048,0.53,1,0,0,0,0,1,0.19999618369358976
0.048,0.54,1,0,0,0,0,1,0.19999618641219366
0.048,0.55,1,0,0,0,0,1,0.19999450271568334
0.048,0.56,1,0,0,0,0,1,0.19999604090785345
0.048,0.5700000000000001,1,0,0,0,0,1,0.19999613343768566
0.048,0.58,1,0,0,0,0,1,0.19999485212364032
0.048,0.59,1,0,0,0,0,1,0.1999935733904182
0.048,0.6,1,0,0,0,0,1,0.19999506313718293
0.048,0.61,1,0,0,0,0,1,0.19999544857164772
0.048,0.62,1,0,0,0,0,1,0.19999546313812938
0.048,0.63,1,0,0,0,0,1,0.19999613135566263
0.048,0.64,1,0,0,0,0,1,0.19999553919744875
0.048,0.65,1,0,0,0,0,1,0.20000450748838816
0.048,0.66,1,0,0,0,0,1,0.20000548371860882
0.048,0.67,1,0,0,0,0,1,0.20000664150414557
0.048,0.68,1,0,0,0,0,1,0.2000046183455288
0.048,0.6900000000000001,1,0,0,0,0,1,0.20000556279782103
0.048,0.7000000000000001,1,0,0,0,0,1,0.19999455980570294
0.048,0.71,1,0,0,0,0,1,0.19999303180266337
0.048,0.72,1,0,0,0,0,1,0.1999952358198358
0.048,0.73,1,0,0,0,0,1,0.19999587565689714
0.048,0.74,1,0,0,0,0,1,0.19999608168441094
0.048,0.75,1,0,0,0,0,1,0.1999934496316495
0.048,0.76,1,0,0,0,0,1,0.19999563314291946
0.048,0.77,1,0,0,0,0,1,0.1999932048810519
0.048,0.78,1,0,0,0,0,1,0.1999951527789121
0.048,0.79,3,0,0,0,1,1,0.20000701809346239
0.049,0.0,1,0,0,0,0,1,0.20000770726095146
0.049,0.01,1,0,0,0,0,1,0.20000786492937744
0.049,0.02,1,0,0,0,0,1,0.20000545731999145
0.049,0.03,1,0,0,0,0,1,0.2000045630440557
0.049,0.04,1,0,0,0,0,1,0.20000518642784645
0.049,0.05,1,0,0,0,0,1,0.20000706659869155
0.049,0.06,1,0,0,0,0,1,0.20000637062944726
0.049,0.07,1,0,0,0,0,1,0.2000071658204622
0.049,0.08,1,0,0,0,0,1,0.20000596535498222
0.049,0.09,1,0,0,0,0,1,0.20000459099217155
0.049,0.1,1,0,0,0,0,1,0.2000048469984009
0.049,0.11,1,0,0,0,0,1,0.20000401429728043
0.049,0.12,1,0,0,0,0,1,0.20000451933885055
0.049,0.13,1,0,0,0,0,1,0.20000545938801262
0.049,0.14,1,0,0,0,0,1,0.20000559406746207
0.049,0.15,1,0,0,0,0,1,0.2000059509750717
0.049,0.16,1,0,0,0,0,1,0.200006619255783
0.049,0.17,1,0,0,0,0,1,0.2000062215757449
0.049,0.18,1,0,0,0,0,1,0.20000699820023135
0.049,0.19,1,0,0,0,0,1,0.20000456636001682
0.049,0.2,1,0,0,0,0,1,0.2000058537162983
0.049,0.21,1,0,0,0,0,1,0.2000054187686051
0.049,0.22,1,0,0,0,0,1,0.2000048249006009
0.049,0.23,1,0,0,0,0,1,0.20000525791194854
0.049,0.24,1,0,0,0,0,1,0.20000489777868155
0.049,0.25,1,0,0,0,0,1,0.20000521606583185
0.049,0.26,1,0,0,0,0,1,0.20000759316570219
0.049,0.27,1,0,0,0,0,1,0.20000627950978792
0.049,0.28,1,0,0,0,0,1,0.20000487137838804
0.049,0.29,1,0,0,0,0,1,0.20000433744534388
0.049,0.3,1,0,0,0,0,1,0.2000044880233237
0.049,0.31,1,0,0,0,0,1,0.20000666461312955
0.049,0.32,1,0,0,0,0,1,0.19999530140922211
0.049,0.33,1,0,0,0,0,1,0.19999525844962482
0.049,0.34,1,0,0,0,0,1,0.1999962233403419
0.049,0.35000000000000003,1,0,0,0,0,1,0.19999591328584335
0.049,0.36,1,0,0,0,0,1,0.19999492289020063
0.049,0.37,1,0,0,0,0,1,0.19999611988757054
0.049,0.38,1,0,0,0,0,1,0.19999368410519242
0.049,0.39,1,0,0,0,0,1,0.19999587768201785
0.049,0.4,1,0,0,0,0,1,0.1999952617198722
0.049,0.41000000000000003,1,0,0,0,0,1,0.19999521571805598
0.049,0.42,1,0,0,0,0,1,0.1999948998527745
0.049,0.43,1,0,0,0,0,1,0.19999572453185588
0.049,0.44,1,0,0,0,0,1,0.1999961311917733
0.049,0.45,1,0,0,0,0,1,0.19999569698387917
0.049,0.46,1,0,0,0,0,1,0.19999591520462462
0.049,0.47000000000000003,1,0,0,0,0,1,0.19999674507272372
0.049,0.48,1,0,0,0,0,1,0.19999361202079768
0.049,0.49,1,0,0,0,0,1,0.19999705088576974
0.049,0.5,1,0,0,0,0,1,0.19999638345615536
0.049,0.51,1,0,0,0,0,1,0.19999491468879868
0.049,0.52,1,0,0,0,0,1,0.1999957499440298
0.049,0.53,1,0,0,0,0,1,0.199995459065301
0.049,0.54,1,0,0,0,0,1,0.19999402166650365
0.049,0.55,1,0,0,0,0,1,0.1999939422051134
0.049,0.56,1,0,0,0,0,1,0.19999526662341005
0.049,0.5700000000000001,1,0,0,0,0,1,0.19999414454077713
0.049,0.58,1,0,0,0,0,1,0.1999949655624654
0.049,0.59,1,0,0,0,0,1,0.1999947610897108
0.049,0.6,1,0,0,0,0,1,0.19999616912885768
0.049,0.61,1,0,0,0,0,1,0.19999543214740248
0.049,0.62,1,0,0,0,0,1,0.19999548903677183
0.049,0.63,1,0,0,0,0,1,0.19999512485810578
0.049,0.64,1,0,0,0,0,1,0.2000051520605819
0.049,0.65,1,0,0,0,0,1,0.19999593705962657
0.049,0.66,1,0,0,0,0,1,0.19999468547380456
0.049,0.67,1,0,0,0,0,1,0.19999521038776305
0.049,0.68,1,0,0,0,0,1,0.1999956173667522
0.049,0.6900000000000001,1,0,0,0,0,1,0.2000041091751419
0.049,0.7000000000000001,1,0,0,0,0,1,0.19999335174529745
0.049,0.71,1,0,0,0,0,1,0.19999630390316997
0.049,0.72,1,0,0,0,0,1,0.19999603641132313
0.049,0.73,1,0,0,0,0,1,0.19999573846091062
0.049,0.74,1,0,0,0,0,1,0.19999514593888051
0.049,0.75,1,0,0,0,0,1,0.1999958071600043
0.049,0.76,1,0,0,0,0,1,0.19999343517779591
0.049,0.77,1,0,0,0,0,1,0.19999667022570736
0.049,0.78,1,0,0,0,0,1,0.1999954032636051
0.049,0.79,3,0,0,0,1,1,0.20000661531688987
0.05,0.0,1,0,0,0,0,1,0.20000637752617814
0.05,0.01,1,0,0,0,0,1,0.20000570562140804
0.05,0.02,1,0,0,0,0,1,0.20000556491190202
0.05,0.03,1,0,0,0,0,1,0.20000457481876668
0.05,0.04,1,0,0,0,0,1,0.20000476921514987
0.05,0.05,1,0,0,0,0,1,0.20000552670408875
0.05,0.06,1,0,0,0,0,1,0.20000797529097472
0.05,0.07,1,0,0,0,0,1,0.20000766210154555
0.05,0.08,1,0,0,0,0,1,0.2000048883302651
0.05,0.09,1,0,0,0,0,1,0.20000476368950199
0.05,0.1,1,0,0,0,0,1,0.20000634998956615
0.05,0.11,1,0,0,0,0,1,0.20000558437184499
0.05,0.12,1,0,0,0,0,1,0.20000397677163673
0.05,0.13,1,0,0,0,0,1,0.20000581673069984
0.05,0.14,1,0,0,0,0,1,0.20000526317391512
0.05,0.15,1,0,0,0,0,1,0.20000583493349247
0.05,0.16,1,0,0,0,0,1,0.20000534572855524
0.05,0.17,1,0,0,0,0,1,0.20000649412616767
0.05,0.18,1,0,0,0,0,1,0.20000692195291883
0.05,0.19,1,0,0,0,0,1,0.20000555716447077
0.05,0.2,1,0,0,0,0,1,0.2000045048925136
0.05,0.21,1,0,0,0,0,1,0.20000668762607607
0.05,0.22,1,0,0,0,0,1,0.20000528053943376
0.05,0.23,1,0,0,0,0,1,0.20000528830420403
0.05,0.24,1,0,0,0,0,1,0.2000057970233862
0.05,0.25,1,0,0,0,0,1,0.20000531186333043
0.05,0.26,1,0,0,0,0,1,0.2000055826587073
0.05,0.27,1,0,0,0,0,1,0.20000619915347187
0.05,0.28,1,0,0,0,0,1,0.2000062756021346
0.05,0.29,1,0,0,0,0,1,0.20000383514446138
0.05,0.3,1,0,0,0,0,1,0.200003278517861
0.05,0.31,1,0,0,0,0,1,0.20000324044581616
0.05,0.32,1,0,0,0,0,1,0.19999459016513432
0.05,0.33,1,0,0,0,0,1,0.19999530604497603
0.05,0.34,1,0,0,0,0,1,0.19999647134204004
0.05,0.35000000000000003,1,0,0,0,0,1,0.1999951550472851
0.05,0.36,1,0,0,0,0,1,0.1999958499569718
0.05,0.37,1,0,0,0,0,1,0.19999631945826954
0.05,0.38,1,0,0,0,0,1,0.19999580636472397
0.05,0.39,1,0,0,0,0,1,0.19999590153612354
0.05,0.4,1,0,0,0,0,1,0.19999533897019445
0.05,0.41000000000000003,1,0,0,0,0,1,0.19999322367450528
0.05,0.42,1,0,0,0,0,1,0.19999508716983314
0.05,0.43,1,0,0,0,0,1,0.1999957796798816
0.05,0.44,1,0,0,0,0,1,0.19999579956579833
0.05,0.45,1,0,0,0,0,1,0.1999957281704327
0.05,0.46,1,0,0,0,0,1,0.19999578053265588
0.05,0.47000000000000003,1,0,0,0,0,1,0.19999671050260537
0.05,0.48,1,0,0,0,0,1,0.19999607725965687
0.05,0.49,1,0,0,0,0,1,0.19999616744184792
0.05,0.5,1,0,0,0,0,1,0.19999698051260498
0.05,0.51,1,0,0,0,0,1,0.19999482388354534
0.05,0.52,1,0,0,0,0,1,0.1999959764062521
0.05,0.53,1,0,0,0,0,1,0.19999321031139622
0.05,0.54,1,0,0,0,0,1,0.19999547278316496
0.05,0.55,1,0,0,0,0,1,0.19999508737061555
0.05,0.56,1,0,0,0,0,1,0.1999947733808746
0.05,0.5700000000000001,1,0,0,0,0,1,0.1999946785871479
0.05,0.58,1,0,0,0,0,1,0.19999573632402576
0.05,0.59,1,0,0,0,0,1,0.19999615159819353
0.05,0.6,1,0,0,0,0,1,0.1999971426903081
0.05,0.61,1,0,0,0,0,1,0.19999345758233164
0.05,0.62,1,0,0,0,0,1,0.19999311561846841
0.05,0.63,1,0,0,0,0,1,0.19999607528333524
0.05,0.64,1,0,0,0,0,1,0.19999331739471457
0.05,0.65,1,0,0,0,0,1,0.2000046546218718
0.05,0.66,1,0,0,0,0,1,0.19999332201969397
0.05,0.67,1,0,0,0,0,1,0.20000498524669588
0.05,0.68,1,0,0,0,0,1,0.2000038969529593
0.05,0.6900000000000001,1,0,0,0,0,1,0.19999451559676903
0.05,0.7000000000000001,1,0,0,0,0,1,0.20000558460967585
0.05,0.71,1,0,0,0,0,1,0.1999953150626245
0.05,0.72,1,0,0,0,0,1,0.19999484117216593
0.05,0.73,1,0,0,0,0,1,0.1999963067159661
0.05,0.74,1,0,0,0,0,1,0.1999952698352732
0.05,0.75,1,0,0,0,0,1,0.19999356691221667
0.05,0.76,1,0,0,0,0,1,0.19999539228983065
0.05,0.77,1,0,0,0,0,1,0.19999481172672864
0.05,0.78,1,0,0,0,0,1,0.1999936283631952
0.05,0.79,3,0,0,0,1,1,0.20000629691610783
0.051000000000000004,0.0,1,0,0,0,0,1,0.20000547908007366
0.051000000000000004,0.01,1,0,0,0,0,1,0.2000075968405602
0.051000000000000004,0.02,1,0,0,0,0,1,0.20000643980215574
0.051000000000000004,0.03,1,0,0,0,0,1,0.20000780649488087
0.051000000000000004,0.04,1,0,0,0,0,1,0.20000420652556414
0.051000000000000004,0.05,1,0,0,0,0,1,0.2000052348524557
0.051000000000000004,0.06,1,0,0,0,0,1,0.2000079301400354
0.051000000000000004,0.07,1,0,0,0,0,1,0.20000765972657886
0.051000000000000004,0.08,1,0,0,0,0,1,0.2000076942195608
0.051000000000000004,0.09,1,0,0,0,0,1,0.20000459134802595
0.051000000000000004,0.1,1,0,0,0,0,1,0.20000560939907033
0.051000000000000004,0.11,1,0,0,0,0,1,0.20000572714493212
0.051000000000000004,0.12,1,0,0,0,0,1,0.20000476791020888
0.051000000000000004,0.13,1,0,0,0,0,1,0.20000536161264107
0.051000000000000004,0.14,1,0,0,0,0,1,0.20000406184317748
0.051000000000000004,0.15,1,0,0,0,0,1,0.20000461161384497
0.051000000000000004,0.16,1,0,0,0,0,1,0.20000415793052914
0.051000000000000004,0.17,1,0,0,0,0,1,0.20000471598184524
0.051000000000000004,0.18,1,0,0,0,0,1,0.20000340902257682
0.051000000000000004,0.19,1,0,0,0,0,1,0.20000637235558646
0.051000000000000004,0.2,1,0,0,0,0,1,0.20000552017966194
0.051000000000000004,0.21,1,0,0,0,0,1,0.20000501417853622
0.051000000000000004,0.22,1,0,0,0,0,1,0.20000579246884262
0.051000000000000004,0.23,1,0,0,0,0,1,0.20000501832652584
0.051000000000000004,0.24,1,0,0,0,0,1,0.20000547655372794
0.051000000000000004,0.25,1,0,0,0,0,1,0.2000049816616928
0.051000000000000004,0.26,1,0,0,0,0,1,0.20000551199427113
0.051000000000000004,0.27,1,0,0,0,0,1,0.20000784220637324
0.051000000000000004,0.28,1,0,0,0,0,1,0.20000620625355578
0.051000000000000004,0.29,1,0,0,0,0,1,0.20000425484157658
0.051000000000000004,0.3,1,0,0,0,0,1,0.20000298986125398
0.051000000000000004,0.31,1,0,0,0,0,1,0.2000045243874401
0.051000000000000004,0.32,1,0,0,0,0,1,0.19999571088281823
0.051000000000000004,0.33,1,0,0,0,0,1,0.1999953852198986
0.051000000000000004,0.34,1,0,0,0,0,1,0.1999957832510397
0.051000000000000004,0.35000000000000003,1,0,0,0,0,1,0.19999619077154926
0.051000000000000004,0.36,1,0,0,0,0,1,0.19999403597450388
0.051000000000000004,0.37,1,0,0,0,0,1,0.19999593785477407
0.051000000000000004,0.38,1,0,0,0,0,1,0.19999334390052395
0.051000000000000004,0.39,1,0,0,0,0,1,0.19999529867674137
0.051000000000000004,0.4,1,0,0,0,0,1,0.19999544541538108
0.051000000000000004,0.41000000000000003,1,0,0,0,0,1,0.19999417259325705
0.051000000000000004,0.42,1,0,0,0,0,1,0.19999539177068454
0.051000000000000004,0.43,1,0,0,0,0,1,0.19999382500970214
0.051000000000000004,0.44,1,0,0,0,0,1,0.19999519832096468
0.051000000000000004,0.45,1,0,0,0,0,1,0.1999960122682789
0.051000000000000004,0.46,1,0,0,0,0,1,0.19999595946729465
0.051000000000000004,0.47000000000000003,1,0,0,0,0,1,0.19999515490405345
0.051000000000000004,0.48,1,0,0,0,0,1,0.19999476950487097
0.051000000000000004,0.49,1,0,0,0,0,1,0.1999949055348825
0.051000000000000004,0.5,1,0,0,0,0,1,0.19999603568417884
0.051000000000000004,0.51,1,0,0,0,0,1,0.19999492313857906
0.051000000000000004,0.52,1,0,0,0,0,1,0.19999623822245574
0.051000000000000004,0.53,1,0,0,0,0,1,0.199995762106245
0.051000000000000004,0.54,1,0,0,0,0,1,0.19999549474581818
0.051000000000000004,0.55,1,0,0,0,0,1,0.19999483152420885
0.051000000000000004,0.56,1,0,0,0,0,1,0.19999606726201186
0.051000000000000004,0.5700000000000001,1,0,0,0,0,1,0.1999962035542189
0.051000000000000004,0.58,1,0,0,0,0,1,0.1999958557115858
0.051000000000000004,0.59,1,0,0,0,0,1,0.19999412842085593
0.051000000000000004,0.6,1,0,0,0,0,1,0.19999341739904192
0.051000000000000004,0.61,1,0,0,0,0,1,0.19999585513740184
0.051000000000000004,0.62,1,0,0,0,0,1,0.19999509481040842
0.051000000000000004,0.63,1,0,0,0,0,1,0.1999958483589527
0.051000000000000004,0.64,1,0,0,0,0,1,0.20000710401352634
0.051000000000000004,0.65,1,0,0,0,0,1,0.1999960072688847
0.051000000000000004,0.66,1,0,0,0,0,1,0.1999954767366015
0.051000000000000004,0.67,1,0,0,0,0,1,0.2000064722261924
0.051000000000000004,0.68,1,0,0,0,0,1,0.19999524000042324
0.051000000000000004,0.6900000000000001,1,0,0,0,0,1,0.20000417824458672
0.051000000000000004,0.7000000000000001,1,0,0,0,0,1,0.1999961861970717
0.051000000000000004,0.71,1,0,0,0,0,1,0.19999578124889258
0.051000000000000004,0.72,1,0,0,0,0,1,0.19999533687928375
0.051000000000000004,0.73,1,0,0,0,0,1,0.1999960408614599
0.051000000000000004,0.74,1,0,0,0,0,1,0.19999487538331584
0.051000000000000004,0.75,1,0,0,0,0,1,0.19999678995766038
0.051000000000000004,0.76,1,0,0,0,0,1,0.19999503148035275
0.051000000000000004,0.77,1,0,0,0,0,1,0.19999528187613824
0.051000000000000004,0.78,1,0,0,0,0,1,0.19999333446738393
0.051000000000000004,0.79,3,0,0,0,1,1,0.2000060364866363
0.052000000000000005,0.0,1,0,0,0,0,1,0.20000419114315326
0.052000000000000005,0.01,1,0,0,0,0,1,0.20000637409614638
0.052000000000000005,0.02,1,0,0,0,0,1,0.20000759021854828
0.052000000000000005,0.03,1,0,0,0,0,1,0.2000043738032569
0.052000000000000005,0.04,1,0,0,0,0,1,0.20000459353040653
0.052000000000000005,0.05,1,0,0,0,0,1,0.20000526293889415
0.052000000000000005,0.06,1,0,0,0,0,1,0.20000712309951915
0.052000000000000005,0.07,1,0,0,0,0,1,0.20000628009076143
0.052000000000000005,0.08,1,0,0,0,0,1,0.20000704759288568
0.052000000000000005,0.09,1,0,0,0,0,1,0.20000575387653508
0.052000000000000005,0.1,1,0,0,0,0,1,0.2000048818219808
0.052000000000000005,0.11,1,0,0,0,0,1,0.20000621247611608
0.052000000000000005,0.12,1,0,0,0,0,1,0.20000389518612674
0.052000000000000005,0.13,1,0,0,0,0,1,0.200004547864541
0.052000000000000005,0.14,1,0,0,0,0,1,0.20000519209013828
0.052000000000000005,0.15,1,0,0,0,0,1,0.20000474503572124
0.052000000000000005,0.16,1,0,0,0,0,1,0.20000761937622247
0.052000000000000005,0.17,1,0,0,0,0,1,0.20000516848422126
0.052000000000000005,0.18,1,0,0,0,0,1,0.200005967516476
0.052000000000000005,0.19,1,0,0,0,0,1,0.2000070364247651
0.052000000000000005,0.2,1,0,0,0,0,1,0.20000457898519003
0.052000000000000005,0.21,1,0,0,0,0,1,0.20000594239839703
0.052000000000000005,0.22,1,0,0,0,0,1,0.20000557246426687
0.052000000000000005,0.23,1,0,0,0,0,1,0.20000460653283295
0.052000000000000005,0.24,1,0,0,0,0,1,0.20000534314839796
0.052000000000000005,0.25,1,0,0,0,0,1,0.20000478859240914
0.052000000000000005,0.26,1,0,0,0,0,1,0.2000050985704022
0.052000000000000005,0.27,1,0,0,0,0,1,0.2000053561642364
0.052000000000000005,0.28,1,0,0,0,0,1,0.20000616024873988
0.052000000000000005,0.29,1,0,0,0,0,1,0.2000043743207809
0.052000000000000005,0.3,1,0,0,0,0,1,0.20000557508527098
0.052000000000000005,0.31,1,0,0,0,0,1,0.2000059490344575
0.052000000000000005,0.32,1,0,0,0,0,1,0.20000630755047133
0.052000000000000005,0.33,1,0,0,0,0,1,0.19999354012822138
0.052000000000000005,0.34,1,0,0,0,0,1,0.1999948122663147
0.052000000000000005,0.35000000000000003,1,0,0,0,0,1,0.1999959564901564
0.052000000000000005,0.36,1,0,0,0,0,1,0.19999592493897925
0.052000000000000005,0.37,1,0,0,0,0,1,0.19999430193181997
0.052000000000000005,0.38,1,0,0,0,0,1,0.19999675584726428
0.052000000000000005,0.39,1,0,0,0,0,1,0.19999475105205297
0.052000000000000005,0.4,1,0,0,0,0,1,0.19999621187765473
0.052000000000000005,0.41000000000000003,1,0,0,0,0,1,0.19999602507574027
0.052000000000000005,0.42,1,0,0,0,0,1,0.1999950018652398
0.052000000000000005,0.43,1,0,0,0,0,1,0.19999593889744366
0.052000000000000005,0.44,1,0,0,0,0,1,0.19999552461165368
0.052000000000000005,0.45,1,0,0,0,0,1,0.19999616021236377
0.052000000000000005,0.46,1,0,0,0,0,1,0.19999244322028184
0.052000000000000005,0.47000000000000003,1,0,0,0,0,1,0.19999565474531883
0.052000000000000005,0.48,1,0,0,0,0,1,0.19999622906983164
0.052000000000000005,0.49,1,0,0,0,0,1,0.1999959769209278
0.052000000000000005,0.5,1,0,0,0,0,1,0.19999402396164698
0.052000000000000005,0.51,1,0,0,0,0,1,0.1999969985904364
0.052000000000000005,0.52,1,0,0,0,0,1,0.19999608234322294
0.052000000000000005,0.53,1,0,0,0,0,1,0.1999950253669861
0.052000000000000005,0.54,1,0,0,0,0,1,0.19999510753704655
0.052000000000000005,0.55,1,0,0,0,0,1,0.19999604665112589
0.052000000000000005,0.56,1,0,0,0,0,1,0.1999968800165305
0.052000000000000005,0.5700000000000001,1,0,0,0,0,1,0.19999435593392045
0.052000000000000005,0.58,1,0,0,0,0,1,0.19999617292349367
0.052000000000000005,0.59,1,0,0,0,0,1,0.19999508278435515
0.052000000000000005,0.6,1,0,0,0,0,1,0.199995272637803
0.052000000000000005,0.61,1,0,0,0,0,1,0.19999672726894435
0.052000000000000005,0.62,1,0,0,0,0,1,0.1999969962826371
0.052000000000000005,0.63,1,0,0,0,0,1,0.200006690265936
0.052000000000000005,0.64,1,0,0,0,0,1,0.19999308936909635
0.052000000000000005,0.65,1,0,0,0,0,1,0.20000579526950887
0.052000000000000005,0.66,1,0,0,0,0,1,0.1999953587920368
0.052000000000000005,0.67,1,0,0,0,0,1,0.1999950589018392
0.052000000000000005,0.68,1,0,0,0,0,1,0.20000696279156413
0.052000000000000005,0.6900000000000001,1,0,0,0,0,1,0.20000578267566346
0.052000000000000005,0.7000000000000001,1,0,0,0,0,1,0.20000367601646463
0.052000000000000005,0.71,1,0,0,0,0,1,0.19999614018529277
0.052000000000000005,0.72,1,0,0,0,0,1,0.199995009117796
0.052000000000000005,0.73,1,0,0,0,0,1,0.19999524123508983
0.052000000000000005,0.74,1,0,0,0,0,1,0.19999598272627617
0.052000000000000005,0.75,1,0,0,0,0,1,0.19999630370211346
0.052000000000000005,0.76,1,0,0,0,0,1,0.19999523508010167
0.052000000000000005,0.77,1,0,0,0,0,1,0.19999409527897682
0.052000000000000005,0.78,1,0,0,0,0,1,0.19999486110399506
0.052000000000000005,0.79,3,0,0,0,1,1,0.2000058180938634
0.053,0.0,1,0,0,0,0,1,0.20000481146843857
0.053,0.01,1,0,0,0,0,1,0.20000646059705993
0.053,0.02,1,0,0,0,0,1,0.20000546605754232
0.053,0.03,1,0,0,0,0,1,0.20000701640672372
0.053,0.04,1,0,0,0,0,1,0.20000461081704698
0.053,0.05,1,0,0,0,0,1,0.20000454166838305
0.053,0.06,1,0,0,0,0,1,0.20000456588578927
0.053,0.07,1,0,0,0,0,1,0.20000799512051567
0.053,0.08,1,0,0,0,0,1,0.20000518054096805
0.053,0.09,1,0,0,0,0,1,0.20000484310489902
0.053,0.1,1,0,0,0,0,1,0.20000469546963873
0.053,0.11,1,0,0,0,0,1,0.20000628803637252
0.053,0.12,1,0,0,0,0,1,0.20000426023764703
0.053,0.13,1,0,0,0,0,1,0.20000394747008698
0.053,0.14,1,0,0,0,0,1,0.20000548754639277
0.053,0.15,1,0,0,0,0,1,0.20000628783214355
0.053,0.16,1,0,0,0,0,1,0.20000570798814857
0.053,0.17,1,0,0,0,0,1,0.20000564491360337
0.053,0.18,1,0,0,0,0,1,0.2000062380560226
0.053,0.19,1,0,0,0,0,1,0.20000752428626734
0.053,0.2,1,0,0,0,0,1,0.2000055551181084
0.053,0.21,1,0,0,0,0,1,0.20000453488416264
0.053,0.22,1,0,0,0,0,1,0.20000677469136044
0.053,0.23,1,0,0,0,0,1,0.20000546724547805
0.053,0.24,1,0,0,0,0,1,0.20000534990641147
0.053,0.25,1,0,0,0,0,1,0.20000571679844262
0.053,0.26,1,0,0,0,0,1,0.2000068483504795
0.053,0.27,1,0,0,0,0,1,0.2000049772916317
0.053,0.28,1,0,0,0,0,1,0.20000725099895808
0.053,0.29,1,0,0,0,0,1,0.20000461636121292
0.053,0.3,1,0,0,0,0,1,0.20000360773983344
0.053,0.31,1,0,0,0,0,1,0.2000064313729919
0.053,0.32,1,0,0,0,0,1,0.20000648520347136
0.053,0.33,1,0,0,0,0,1,0.19999420357071837
0.053,0.34,1,0,0,0,0,1,0.19999515191763853
0.053,0.35000000000000003,1,0,0,0,0,1,0.19999494157554695
0.053,0.36,1,0,0,0,0,1,0.19999455543237185
0.053,0.37,1,0,0,0,0,1,0.19999567406246355
0.053,0.38,1,0,0,0,0,1,0.1999970718911958
0.053,0.39,1,0,0,0,0,1,0.1999957975966644
0.053,0.4,1,0,0,0,0,1,0.19999512187781024
0.053,0.41000000000000003,1,0,0,0,0,1,0.1999960354409267
0.053,0.42,1,0,0,0,0,1,0.19999529164889718
0.053,0.43,1,0,0,0,0,1,0.19999494655815556
0.053,0.44,1,0,0,0,0,1,0.19999600167861684
0.053,0.45,1,0,0,0,0,1,0.1999952751146142
0.053,0.46,1,0,0,0,0,1,0.19999456655038148
0.053,0.47000000000000003,1,0,0,0,0,1,0.19999535962608467
0.053,0.48,1,0,0,0,0,1,0.19999534688279477
0.053,0.49,1,0,0,0,0,1,0.199995865328884
0.053,0.5,1,0,0,0,0,1,0.19999433684537124
0.053,0.51,1,0,0,0,0,1,0.19999405129401035
0.053,0.52,1,0,0,0,0,1,0.19999577424952658
0.053,0.53,1,0,0,0,0,1,0.19999626973449572
0.053,0.54,1,0,0,0,0,1,0.19999601301187162
0.053,0.55,1,0,0,0,0,1,0.19999527203792875
0.053,0.56,1,0,0,0,0,1,0.19999687395289287
0.053,0.5700000000000001,1,0,0,0,0,1,0.19999518968229832
0.053,0.58,1,0,0,0,0,1,0.1999930302834326
0.053,0.59,1,0,0,0,0,1,0.19999487599618224
0.053,0.6,1,0,0,0,0,1,0.19999526350821614
0.053,0.61,1,0,0,0,0,1,0.19999614064142046
0.053,0.62,1,0,0,0,0,1,0.19999576505143576
0.053,0.63,1,0,0,0,0,1,0.19999491207863734
0.053,0.64,1,0,0,0,0,1,0.2000046308286349
0.053,0.65,1,0,0,0,0,1,0.19999492251448733
0.053,0.66,1,0,0,0,0,1,0.19999615036029153
0.053,0.67,1,0,0,0,0,1,0.20000733265029416
0.053,0.68,1,0,0,0,0,1,0.19999606381610516
0.053,0.6900000000000001,1,0,0,0,0,1,0.1999959556965911
0.053,0.7000000000000001,1,0,0,0,0,1,0.1999953917330699
0.053,0.71,1,0,0,0,0,1,0.1999963735506773
0.053,0.72,1,0,0,0,0,1,0.19999589996793438
0.053,0.73,1,0,0,0,0,1,0.19999529888178355
0.053,0.74,1,0,0,0,0,1,0.19999366100653623
0.053,0.75,1,0,0,0,0,1,0.1999957165995579
0.053,0.76,1,0,0,0,0,1,0.19999386730522772
0.053,0.77,1,0,0,0,0,1,0.1999930204455601
0.053,0.78,1,0,0,0,0,1,0.19999533884885534
0.053,0.79,3,0,0,0,1,1,0.2000056314264153
0.054,0.0,1,0,0,0,0,1,0.20000506990264186
0.054,0.01,1,0,0,0,0,1,0.20000553859152947
0.054,0.02,1,0,0,0,0,1,0.200004472476307
0.054,0.03,1,0,0,0,0,1,0.2000064398622129
0.054,0.04,1,0,0,0,0,1,0.2000051102828244
0.054,0.05,1,0,0,0,0,1,0.20000492974565767
0.054,0.06,1,0,0,0,0,1,0.20000534359843786
0.054,0.07,1,0,0,0,0,1,0.2000079299830145
0.054,0.08,1,0,0,0,0,1,0.20000778639112807
0.054,0.09,1,0,0,0,0,1,0.2000057724810797
0.054,0.1,1,0,0,0,0,1,0.2000045343778799
0.054,0.11,1,0,0,0,0,1,0.2000055165951889
0.054,0.12,1,0,0,0,0,1,0.20000479463196788
0.054,0.13,1,0,0,0,0,1,0.20000473862269888
0.054,0.14,1,0,0,0,0,1,0.2000051711950289
0.054,0.15,1,0,0,0,0,1,0.2000047490704906
0.054,0.16,1,0,0,0,0,1,0.20000463350806358
0.054,0.17,1,0,0,0,0,1,0.20000338969803474
0.054,0.18,1,0,0,0,0,1,0.2000059003005616
0.054,0.19,1,0,0,0,0,1,0.20000310992587103
0.054,0.2,1,0,0,0,0,1,0.20000633224581993
0.054,0.21,1,0,0,0,0,1,0.2000055472250189
0.054,0.22,1,0,0,0,0,1,0.2000050645536973
0.054,0.23,1,0,0,0,0,1,0.2000054361509604
0.054,0.24,1,0,0,0,0,1,0.2000052873581769
0.054,0.25,1,0,0,0,0,1,0.20000545635816805
0.054,0.26,1,0,0,0,0,1,0.2000050157447521
0.054,0.27,1,0,0,0,0,1,0.20000586189428446
0.054,0.28,1,0,0,0,0,1,0.2000078279003681
0.054,0.29,1,0,0,0,0,1,0.2000061093838407
0.054,0.3,1,0,0,0,0,1,0.20000530451951687
0.054,0.31,1,0,0,0,0,1,0.20000570621329467
0.054,0.32,1,0,0,0,0,1,0.20000573486086445
0.054,0.33,1,0,0,0,0,1,0.1999973392560784
0.054,0.34,1,0,0,0,0,1,0.1999953748116556
0.054,0.35000000000000003,1,0,0,0,0,1,0.19999591359066668
0.054,0.36,1,0,0,0,0,1,0.199995753329235
0.054,0.37,1,0,0,0,0,1,0.19999480526301186
0.054,0.38,1,0,0,0,0,1,0.1999960485760918
0.054,0.39,1,0,0,0,0,1,0.19999732771813442
0.054,0.4,1,0,0,0,0,1,0.19999534397108268
0.054,0.41000000000000003,1,0,0,0,0,1,0.19999687591386783
0.054,0.42,1,0,0,0,0,1,0.19999521332687736
0.054,0.43,1,0,0,0,0,1,0.19999587685237238
0.054,0.44,1,0,0,0,0,1,0.19999667195944115
0.054,0.45,1,0,0,0,0,1,0.19999545586817388
0.054,0.46,1,0,0,0,0,1,0.1999961207725732
0.054,0.47000000000000003,1,0,0,0,0,1,0.1999955900220207
0.054,0.48,1,0,0,0,0,1,0.19999562723213052
0.054,0.49,1,0,0,0,0,1,0.1999949716282144
0.054,0.5,1,0,0,0,0,1,0.19999592016617354
0.054,0.51,1,0,0,0,0,1,0.19999693580001807
0.054,0.52,1,0,0,0,0,1,0.1999948373307965
0.054,0.53,1,0,0,0,0,1,0.19999714135508714
0.054,0.54,1,0,0,0,0,1,0.19999500018345343
0.054,0.55,1,0,0,0,0,1,0.1999931855769611
0.054,0.56,1,0,0,0,0,1,0.19999568556083386
0.054,0.5700000000000001,1,0,0,0,0,1,0.1999958679142952
0.054,0.58,1,0,0,0,0,1,0.19999638816639462
0.054,0.59,1,0,0,0,0,1,0.19999606599205064
0.054,0.6,1,0,0,0,0,1,0.1999951513763096
0.054,0.61,1,0,0,0,0,1,0.19999363105469098
0.054,0.62,1,0,0,0,0,1,0.199995817176081
0.054,0.63,1,0,0,0,0,1,0.1999962329705414
0.054,0.64,1,0,0,0,0,1,0.1999953617881905
0.054,0.65,1,0,0,0,0,1,0.19999362012364255
0.054,0.66,1,0,0,0,0,1,0.20000524102070685
0.054,0.67,1,0,0,0,0,1,0.1999962841834579
0.054,0.68,1,0,0,0,0,1,0.19999387645364516
0.054,0.6900000000000001,1,0,0,0,0,1,0.200005211509967
0.054,0.7000000000000001,1,0,0,0,0,1,0.19999608716520004
0.054,0.71,1,0,0,0,0,1,0.19999482994529721
0.054,0.72,1,0,0,0,0,1,0.19999590651300533
0.054,0.73,1,0,0,0,0,1,0.19999357435157658
0.054,0.74,1,0,0,0,0,1,0.19999558882225305
0.054,0.75,1,0,0,0,0,1,0.19999603323116544
0.054,0.76,1,0,0,0,0,1,0.19999648701771863
0.054,0.77,1,0,0,0,0,1,0.19999563893914996
0.054,0.78,1,0,0,0,0,1,0.1999949588998984
0.054,0.79,3,0,0,0,1,1,0.200005469449277
0.055,0.0,1,0,0,0,0,1,0.20000569781545902
0.055,0.01,1,0,0,0,0,1,0.20000542347944417
0.055,0.02,1,0,0,0,0,1,0.20000620709110212
0.055,0.03,1,0,0,0,0,1,0.200004443162044
0.055,0.04,1,0,0,0,0,1,0.20000671546900106
0.055,0.05,1,0,0,0,0,1,0.20000461305392456
0.055,0.06,1,0,0,0,0,1,0.20000533710253512
0.055,0.07,1,0,0,0,0,1,0.2000053931952189
0.055,0.08,1,0,0,0,0,1,0.20000616449997494
0.055,0.09,1,0,0,0,0,1,0.2000065395349155
0.055,0.1,1,0,0,0,0,1,0.2000074312870668
0.055,0.11,1,0,0,0,0,1,0.20000484728719536
0.055,0.12,1,0,0,0,0,1,0.2000049701636577
0.055,0.13,1,0,0,0,0,1,0.20000481174897894
0.055,0.14,1,0,0,0,0,1,0.200004589159532
0.055,0.15,1,0,0,0,0,1,0.2000050453037211
0.055,0.16,1,0,0,0,0,1,0.20000463870031104
0.055,0.17,1,0,0,0,0,1,0.20000605796271634
0.055,0.18,1,0,0,0,0,1,0.200006321613049
0.055,0.19,1,0,0,0,0,1,0.20000522661390113
0.055,0.2,1,0,0,0,0,1,0.20000702074903334
0.055,0.21,1,0,0,0,0,1,0.20000457684505454
0.055,0.22,1,0,0,0,0,1,0.20000513853296847
0.055,0.23,1,0,0,0,0,1,0.20000568745628275
0.055,0.24,1,0,0,0,0,1,0.20000532689736802
0.055,0.25,1,0,0,0,0,1,0.20000506159260567
0.055,0.26,1,0,0,0,0,1,0.2000049119139227
0.055,0.27,1,0,0,0,0,1,0.20000464746299848
0.055,0.28,1,0,0,0,0,1,0.200005348194797
0.055,0.29,1,0,0,0,0,1,0.20000604798145788
0.055,0.3,1,0,0,0,0,1,0.2000057056852579
0.055,0.31,1,0,0,0,0,1,0.20000454173522034
0.055,0.32,1,0,0,0,0,1,0.2000053138152502
0.055,0.33,1,0,0,0,0,1,0.19999662755505215
0.055,0.34,1,0,0,0,0,1,0.19999423603521296
0.055,0.35000000000000003,1,0,0,0,0,1,0.1999958427542352
0.055,0.36,1,0,0,0,0,1,0.19999529757373027
0.055,0.37,1,0,0,0,0,1,0.1999961732082998
0.055,0.38,1,0,0,0,0,1,0.19999478707312807
0.055,0.39,1,0,0,0,0,1,0.19999611522464944
0.055,0.4,1,0,0,0,0,1,0.19999502845476105
0.055,0.41000000000000003,1,0,0,0,0,1,0.1999967821343701
0.055,0.42,1,0,0,0,0,1,0.1999971048892276
0.055,0.43,1,0,0,0,0,1,0.19999346270572527
0.055,0.44,1,0,0,0,0,1,0.19999375688643187
0.055,0.45,1,0,0,0,0,1,0.19999545793697177
0.055,0.46,1,0,0,0,0,1,0.199995132336377
0.055,0.47000000000000003,1,0,0,0,0,1,0.1999960326138236
0.055,0.48,1,0,0,0,0,1,0.1999947822647564
0.055,0.49,1,0,0,0,0,1,0.1999950103260877
0.055,0.5,1,0,0,0,0,1,0.199995680343533
0.055,0.51,1,0,0,0,0,1,0.19999582927345294
0.055,0.52,1,0,0,0,0,1,0.19999483948159016
0.055,0.53,1,0,0,0,0,1,0.19999609409783903
0.055,0.54,1,0,0,0,0,1,0.19999369831009042
0.055,0.55,1,0,0,0,0,1,0.19999490719864096
0.055,0.56,1,0,0,0,0,1,0.1999959555667612
0.055,0.5700000000000001,1,0,0,0,0,1,0.19999481983716402
0.055,0.58,1,0,0,0,0,1,0.19999717805723038
0.055,0.59,1,0,0,0,0,1,0.1999951356450686
0.055,0.6,1,0,0,0,0,1,0.19999583416592728
0.055,0.61,1,0,0,0,0,1,0.19999520181076696
0.055,0.62,1,0,0,0,0,1,0.19999482192583154
0.055,0.63,1,0,0,0,0,1,0.19999567474165555
0.055,0.64,1,0,0,0,0,1,0.1999948984093168
0.055,0.65,1,0,0,0,0,1,0.199995980797191
0.055,0.66,1,0,0,0,0,1,0.1999957314270677
0.055,0.67,1,0,0,0,0,1,0.20000598212047535
0.055,0.68,1,0,0,0,0,1,0.2000049098596711
0.055,0.6900000000000001,1,0,0,0,0,1,0.1999959381194967
0.055,0.7000000000000001,1,0,0,0,0,1,0.19999615177144586
0.055,0.71,1,0,0,0,0,1,0.19999501225315866
0.055,0.72,1,0,0,0,0,1,0.1999954386665593
0.055,0.73,1,0,0,0,0,1,0.19999621055297506
0.055,0.74,1,0,0,0,0,1,0.19999306506995085
0.055,0.75,1,0,0,0,0,1,0.1999949850342789
0.055,0.76,1,0,0,0,0,1,0.1999959836986221
0.055,0.77,1,0,0,0,0,1,0.19999547287853056
0.055,0.78,1,0,0,0,0,1,0.19999539720410406
0.055,0.79,3,0,0,0,1,1,0.20000532715924602
0.056,0.0,1,0,0,0,0,1,0.20000322345213434
0.056,0.01,1,0,0,0,0,1,0.20000530405076092
0.056,0.02,1,0,0,0,0,1,0.20000780900102447
0.056,0.03,1,0,0,0,0,1,0.200003000320298
0.056,0.04,1,0,0,0,0,1,0.20000678124838087
0.056,0.05,1,0,0,0,0,1,0.2000045622939222
0.056,0.06,1,0,0,0,0,1,0.20000529976956608
0.056,0.07,1,0,0,0,0,1,0.2000045470156418
0.056,0.08,1,0,0,0,0,1,0.2000078308128706
0.056,0.09,1,0,0,0,0,1,0.20000775853529923
0.056,0.1,1,0,0,0,0,1,0.2000051770990405
0.056,0.11,1,0,0,0,0,1,0.20000464300602938
0.056,0.12,1,0,0,0,0,1,0.20000600744794028
0.056,0.13,1,0,0,0,0,1,0.20000595194486076
0.056,0.14,1,0,0,0,0,1,0.20000393046972714
0.056,0.15,1,0,0,0,0,1,0.20000504279270448
0.056,0.16,1,0,0,0,0,1,0.20000515370984612
0.056,0.17,1,0,0,0,0,1,0.20000579656693285
0.056,0.18,1,0,0,0,0,1,0.2000045326293201
0.056,0.19,1,0,0,0,0,1,0.20000594520091314
0.056,0.2,1,0,0,0,0,1,0.2000059765592428
0.056,0.21,1,0,0,0,0,1,0.20000678824243
0.056,0.22,1,0,0,0,0,1,0.20000454961117675
0.056,0.23,1,0,0,0,0,1,0.20000505970502264
0.056,0.24,1,0,0,0,0,1,0.20000498795798338
0.056,0.25,1,0,0,0,0,1,0.20000544085448355
0.056,0.26,1,0,0,0,0,1,0.20000546910805012
0.056,0.27,1,0,0,0,0,1,0.20000539588178404
0.056,0.28,1,0,0,0,0,1,0.2000051573764567
0.056,0.29,1,0,0,0,0,1,0.20000710201652455
0.056,0.3,1,0,0,0,0,1,0.20000779005180344
0.056,0.31,1,0,0,0,0,1,0.20000487822694168
0.056,0.32,1,0,0,0,0,1,0.1999950010752093
0.056,0.33,1,0,0,0,0,1,0.1999951204146812
0.056,0.34,1,0,0,0,0,1,0.19999703224077453
0.056,0.35000000000000003,1,0,0,0,0,1,0.1999949078409262
0.056,0.36,1,0,0,0,0,1,0.19999503662242565
0.056,0.37,1,0,0,0,0,1,0.19999546280997496
0.056,0.38,1,0,0,0,0,1,0.19999545377526073
0.056,0.39,1,0,0,0,0,1,0.19999536522570852
0.056,0.4,1,0,0,0,0,1,0.19999695792214603
0.056,0.41000000000000003,1,0,0,0,0,1,0.19999507383096793
0.056,0.42,1,0,0,0,0,1,0.19999703812958453
0.056,0.43,1,0,0,0,0,1,0.19999521691886063
0.056,0.44,1,0,0,0,0,1,0.19999618551998014
0.056,0.45,1,0,0,0,0,1,0.19999718203312672
0.056,0.46,1,0,0,0,0,1,0.19999498457418308
0.056,0.47000000000000003,1,0,0,0,0,1,0.19999484337365506
0.056,0.48,1,0,0,0,0,1,0.19999536405720975
0.056,0.49,1,0,0,0,0,1,0.1999946140650203
0.056,0.5,1,0,0,0,0,1,0.19999562997866463
0.056,0.51,1,0,0,0,0,1,0.19999585743154247
0.056,0.52,1,0,0,0,0,1,0.19999597474553693
0.056,0.53,1,0,0,0,0,1,0.19999532337517698
0.056,0.54,1,0,0,0,0,1,0.19999516711477014
0.056,0.55,1,0,0,0,0,1,0.19999509223145182
0.056,0.56,1,0,0,0,0,1,0.19999462574241655
0.056,0.5700000000000001,1,0,0,0,0,1,0.19999713970320726
0.056,0.58,1,0,0,0,0,1,0.19999622153334348
0.056,0.59,1,0,0,0,0,1,0.19999538616408846
0.056,0.6,1,0,0,0,0,1,0.19999494338375012
0.056,0.61,1,0,0,0,0,1,0.19999590523462032
0.056,0.62,1,0,0,0,0,1,0.1999937810028597
0.056,0.63,1,0,0,0,0,1,0.19999500407764145
0.056,0.64,1,0,0,0,0,1,0.19999385596117744
0.056,0.65,1,0,0,0,0,1,0.1999960058242493
0.056,0.66,1,0,0,0,0,1,0.20000606740975696
0.056,0.67,1,0,0,0,0,1,0.19999498989106446
0.056,0.68,1,0,0,0,0,1,0.1999937012529302
0.056,0.6900000000000001,1,0,0,0,0,1,0.20000724702719744
0.056,0.7000000000000001,1,0,0,0,0,1,0.19999574278124974
0.056,0.71,1,0,0,0,0,1,0.1999932818454358
0.056,0.72,1,0,0,0,0,1,0.19999613678499598
0.056,0.73,1,0,0,0,0,1,0.19999598057524148
0.056,0.74,1,0,0,0,0,1,0.19999221769593378
0.056,0.75,1,0,0,0,0,1,0.19999432010754714
0.056,0.76,1,0,0,0,0,1,0.19999489921048588
0.056,0.77,1,0,0,0,0,1,0.19999589083184746
0.056,0.78,1,0,0,0,0,1,0.1999961469505369
0.056,0.79,3,0,0,0,1,1,0.20000520090102564
0.057,0.0,1,0,0,0,0,1,0.20000463464202026
0.057,0.01,1,0,0,0,0,1,0.20000511095402776
0.057,0.02,1,0,0,0,0,1,0.20000643884137193
0.057,0.03,1,0,0,0,0,1,0.20000396080229274
0.057,0.04,1,0,0,0,0,1,0.20000583531156613
0.057,0.05,1,0,0,0,0,1,0.20000458367600898
0.057,0.06,1,0,0,0,0,1,0.20000720962374743
0.057,0.07,1,0,0,0,0,1,0.20000544117121405
0.057,0.08,1,0,0,0,0,1,0.2000078309144454
0.057,0.09,1,0,0,0,0,1,0.20000786373934568
0.057,0.1,1,0,0,0,0,1,0.20000737619952164
0.057,0.11,1,0,0,0,0,1,0.2000043249555839
0.057,0.12,1,0,0,0,0,1,0.20000509844881692
0.057,0.13,1,0,0,0,0,1,0.20000397460039399
0.057,0.14,1,0,0,0,0,1,0.20000473270117355
0.057,0.15,1,0,0,0,0,1,0.20000457470328414
0.057,0.16,1,0,0,0,0,1,0.2000047359209025
0.057,0.17,1,0,0,0,0,1,0.20000468402786165
0.057,0.18,1,0,0,0,0,1,0.20000524922583812
0.057,0.19,1,0,0,0,0,1,0.200005586286073
0.057,0.2,1,0,0,0,0,1,0.20000433654133867
0.057,0.21,1,0,0,0,0,1,0.20000565514844396
0.057,0.22,1,0,0,0,0,1,0.2000055585845302
0.057,0.23,1,0,0,0,0,1,0.20000509926558016
0.057,0.24,1,0,0,0,0,1,0.20000501127847795
0.057,0.25,1,0,0,0,0,1,0.20000542373348862
0.057,0.26,1,0,0,0,0,1,0.2000054387508795
0.057,0.27,1,0,0,0,0,1,0.2000050145912807
0.057,0.28,1,0,0,0,0,1,0.2000066102874227
0.057,0.29,1,0,0,0,0,1,0.20000762947154252
0.057,0.3,1,0,0,0,0,1,0.20000605329446375
0.057,0.31,1,0,0,0,0,1,0.20000462536937672
0.057,0.32,1,0,0,0,0,1,0.19999501861156221
0.057,0.33,1,0,0,0,0,1,0.19999656053747783
0.057,0.34,1,0,0,0,0,1,0.19999544678328893
0.057,0.35000000000000003,1,0,0,0,0,1,0.19999518372018896
0.057,0.36,1,0,0,0,0,1,0.19999464928657312
0.057,0.37,1,0,0,0,0,1,0.19999427134545913
0.057,0.38,1,0,0,0,0,1,0.19999540898657384
0.057,0.39,1,0,0,0,0,1,0.19999352096083348
0.057,0.4,1,0,0,0,0,1,0.19999617760513874
0.057,0.41000000000000003,1,0,0,0,0,1,0.19999542507398163
0.057,0.42,1,0,0,0,0,1,0.19999665105527287
0.057,0.43,1,0,0,0,0,1,0.19999618356783885
0.057,0.44,1,0,0,0,0,1,0.19999541243081193
0.057,0.45,1,0,0,0,0,1,0.19999721262223177
0.057,0.46,1,0,0,0,0,1,0.1999955921606499
0.057,0.47000000000000003,1,0,0,0,0,1,0.1999958479064219
0.057,0.48,1,0,0,0,0,1,0.1999950633831122
0.057,0.49,1,0,0,0,0,1,0.19999584431222342
0.057,0.5,1,0,0,0,0,1,0.1999967554509356
0.057,0.51,1,0,0,0,0,1,0.19999567716258457
0.057,0.52,1,0,0,0,0,1,0.19999664441027648
0.057,0.53,1,0,0,0,0,1,0.19999669491940503
0.057,0.54,1,0,0,0,0,1,0.19999724517000697
0.057,0.55,1,0,0,0,0,1,0.1999970030336881
0.057,0.56,1,0,0,0,0,1,0.19999562258142797
0.057,0.5700000000000001,1,0,0,0,0,1,0.1999948700692958
0.057,0.58,1,0,0,0,0,1,0.19999354271248745
0.057,0.59,1,0,0,0,0,1,0.19999603828884857
0.057,0.6,1,0,0,0,0,1,0.1999946645879767
0.057,0.61,1,0,0,0,0,1,0.19999384683605628
0.057,0.62,1,0,0,0,0,1,0.1999938118733538
0.057,0.63,1,0,0,0,0,1,0.20000673096620078
0.057,0.64,1,0,0,0,0,1,0.19999613443701597
0.057,0.65,1,0,0,0,0,1,0.20000541427312837
0.057,0.66,1,0,0,0,0,1,0.1999937109348219
0.057,0.67,1,0,0,0,0,1,0.20000590272409802
0.057,0.68,1,0,0,0,0,1,0.20000526429798784
0.057,0.6900000000000001,1,0,0,0,0,1,0.19999532806901515
0.057,0.7000000000000001,1,0,0,0,0,1,0.19999604887028166
0.057,0.71,1,0,0,0,0,1,0.19999510324998723
0.057,0.72,1,0,0,0,0,1,0.199994351492799
0.057,0.73,1,0,0,0,0,1,0.19999672223308781
0.057,0.74,1,0,0,0,0,1,0.1999962209237079
0.057,0.75,1,0,0,0,0,1,0.1999956625854579
0.057,0.76,1,0,0,0,0,1,0.19999354452168017
0.057,0.77,1,0,0,0,0,1,0.19999510912837218
0.057,0.78,1,0,0,0,0,1,0.19999376119936907
0.057,0.79,3,0,0,0,1,1,0.20000508789099739
0.058,0.0,1,0,0,0,0,1,0.20000489747910358
0.058,0.01,1,0,0,0,0,1,0.20000450753768492
0.058,0.02,1,0,0,0,0,1,0.20000626531509974
0.058,0.03,1,0,0,0,0,1,0.20000658734630544
0.058,0.04,1,0,0,0,0,1,0.20000676943548928
0.058,0.05,1,0,0,0,0,1,0.2000070200080395
0.058,0.06,1,0,0,0,0,1,0.20000427105782284
0.058,0.07,1,0,0,0,0,1,0.2000055671479172
0.058,0.08,1,0,0,0,0,1,0.20000676705153606
0.058,0.09,1,0,0,0,0,1,0.20000603166768283
0.058,0.1,1,0,0,0,0,1,0.20000773850744638
0.058,0.11,1,0,0,0,0,1,0.20000539963311925
0.058,0.12,1,0,0,0,0,1,0.20000481799489653
0.058,0.13,1,0,0,0,0,1,0.20000479129782725
0.058,0.14,1,0,0,0,0,1,0.20000532016712233
0.058,0.15,1,0,0,0,0,1,0.20000389852037723
0.058,0.16,1,0,0,0,0,1,0.20000512721506475
0.058,0.17,1,0,0,0,0,1,0.20000469552688893
0.058,0.18,1,0,0,0,0,1,0.20000726593388157
0.058,0.19,1,0,0,0,0,1,0.20000669804546792
0.058,0.2,1,0,0,0,0,1,0.2000066879639611
0.058,0.21,1,0,0,0,0,1,0.20000695712445254
0.058,0.22,1,0,0,0,0,1,0.200004559032746
0.058,0.23,1,0,0,0,0,1,0.20000516800680526
0.058,0.24,1,0,0,0,0,1,0.20000570959646538
0.058,0.25,1,0,0,0,0,1,0.20000463078672814
0.058,0.26,1,0,0,0,0,1,0.2000050978841504
0.058,0.27,1,0,0,0,0,1,0.20000489135315253
0.058,0.28,1,0,0,0,0,1,0.2000046809459498
0.058,0.29,1,0,0,0,0,1,0.20000532898074874
0.058,0.3,1,0,0,0,0,1,0.20000597700612002
0.058,0.31,1,0,0,0,0,1,0.20000559338049256
0.058,0.32,1,0,0,0,0,1,0.2000047946522333
0.058,0.33,1,0,0,0,0,1,0.19999342809582235
0.058,0.34,1,0,0,0,0,1,0.19999307235970393
0.058,0.35000000000000003,1,0,0,0,0,1,0.1999954600857568
0.058,0.36,1,0,0,0,0,1,0.19999543667151642
0.058,0.37,1,0,0,0,0,1,0.1999938564642085
0.058,0.38,1,0,0,0,0,1,0.19999600420042915
0.058,0.39,1,0,0,0,0,1,0.19999371483654924
0.058,0.4,1,0,0,0,0,1,0.19999532950786184
0.058,0.41000000000000003,1,0,0,0,0,1,0.1999959777907371
0.058,0.42,1,0,0,0,0,1,0.19999415480004246
0.058,0.43,1,0,0,0,0,1,0.19999617536546827
0.058,0.44,1,0,0,0,0,1,0.1999951828669023
0.058,0.45,1,0,0,0,0,1,0.19999636544898725
0.058,0.46,1,0,0,0,0,1,0.19999608043863423
0.058,0.47000000000000003,1,0,0,0,0,1,0.19999598743610045
0.058,0.48,1,0,0,0,0,1,0.19999483220336722
0.058,0.49,1,0,0,0,0,1,0.19999484841838194
0.058,0.5,1,0,0,0,0,1,0.1999953950351512
0.058,0.51,1,0,0,0,0,1,0.19999501596327537
0.058,0.52,1,0,0,0,0,1,0.19999547067605225
0.058,0.53,1,0,0,0,0,1,0.1999957225187889
0.058,0.54,1,0,0,0,0,1,0.19999576448667153
0.058,0.55,1,0,0,0,0,1,0.19999540675224756
0.058,0.56,1,0,0,0,0,1,0.19999319519498043
0.058,0.5700000000000001,1,0,0,0,0,1,0.19999574192502328
0.058,0.58,1,0,0,0,0,1,0.19999444832562374
0.058,0.59,1,0,0,0,0,1,0.19999741321928255
0.058,0.6,1,0,0,0,0,1,0.19999432309041454
0.058,0.61,1,0,0,0,0,1,0.1999950954206055
0.058,0.62,1,0,0,0,0,1,0.19999628823254484
0.058,0.63,1,0,0,0,0,1,0.19999475275723957
0.058,0.64,1,0,0,0,0,1,0.20000705719906894
0.058,0.65,1,0,0,0,0,1,0.19999642857163577
0.058,0.66,1,0,0,0,0,1,0.20000594296179425
0.058,0.67,1,0,0,0,0,1,0.19999431941591428
0.058,0.68,1,0,0,0,0,1,0.19999442891146985
0.058,0.6900000000000001,1,0,0,0,0,1,0.20000436894528228
0.058,0.7000000000000001,1,0,0,0,0,1,0.1999926937720222
0.058,0.71,1,0,0,0,0,1,0.19999614117660108
0.058,0.72,1,0,0,0,0,1,0.1999950909805363
0.058,0.73,1,0,0,0,0,1,0.19999621260669043
0.058,0.74,1,0,0,0,0,1,0.1999951986057419
0.058,0.75,1,0,0,0,0,1,0.19999597853444476
0.058,0.76,1,0,0,0,0,1,0.1999954376482825
0.058,0.77,1,0,0,0,0,1,0.19999489571397955
0.058,0.78,1,0,0,0,0,1,0.19999360398345556
0.058,0.79,3,0,0,0,1,1,0.20000498599614633
0.059000000000000004,0.0,1,0,0,0,0,1,0.20000496781588675
0.059000000000000004,0.01,1,0,0,0,0,1,0.20000530841284378
0.059000000000000004,0.02,1,0,0,0,0,1,0.200005511127221
0.059000000000000004,0.03,1,0,0,0,0,1,0.2000062933598979
0.059000000000000004,0.04,1,0,0,0,0,1,0.2000044137670843
0.059000000000000004,0.05,1,0,0,0,0,1,0.2000050153784405
0.059000000000000004,0.06,1,0,0,0,0,1,0.20000456957655405
0.059000000000000004,0.07,1,0,0,0,0,1,0.20000520091046325
0.059000000000000004,0.08,1,0,0,0,0,1,0.200006397715295
0.059000000000000004,0.09,1,0,0,0,0,1,0.2000051518710399
0.059000000000000004,0.1,1,0,0,0,0,1,0.2000076370802546
0.059000000000000004,0.11,1,0,0,0,0,1,0.20000502118735008
0.059000000000000004,0.12,1,0,0,0,0,1,0.20000465903972892
0.059000000000000004,0.13,1,0,0,0,0,1,0.20000609346124668
0.059000000000000004,0.14,1,0,0,0,0,1,0.20000460034907538
0.059000000000000004,0.15,1,0,0,0,0,1,0.20000490998329942
0.059000000000000004,0.16,1,0,0,0,0,1,0.20000566318432889
0.059000000000000004,0.17,1,0,0,0,0,1,0.20000513218355584
0.059000000000000004,0.18,1,0,0,0,0,1,0.20000709968053607
0.059000000000000004,0.19,1,0,0,0,0,1,0.200004762010417
0.059000000000000004,0.2,1,0,0,0,0,1,0.20000560368665785
0.059000000000000004,0.21,1,0,0,0,0,1,0.2000050766212675
0.059000000000000004,0.22,1,0,0,0,0,1,0.20000674934660023
0.059000000000000004,0.23,1,0,0,0,0,1,0.20000603423499783
0.059000000000000004,0.24,1,0,0,0,0,1,0.2000051032167793
0.059000000000000004,0.25,1,0,0,0,0,1,0.2000056388865315
0.059000000000000004,0.26,1,0,0,0,0,1,0.20000550953847782
0.059000000000000004,0.27,1,0,0,0,0,1,0.20000471790397714
0.059000000000000004,0.28,1,0,0,0,0,1,0.20000448213945693
0.059000000000000004,0.29,1,0,0,0,0,1,0.2000068006832757
0.059000000000000004,0.3,1,0,0,0,0,1,0.20000678493505808
0.059000000000000004,0.31,1,0,0,0,0,1,0.20000580450554672
0.059000000000000004,0.32,1,0,0,0,0,1,0.20000681798972328
0.059000000000000004,0.33,1,0,0,0,0,1,0.19999404110553157
0.059000000000000004,0.34,1,0,0,0,0,1,0.19999686727392796
0.059000000000000004,0.35000000000000003,1,0,0,0,0,1,0.19999566905332783
0.059000000000000004,0.36,1,0,0,0,0,1,0.1999940674712546
0.059000000000000004,0.37,1,0,0,0,0,1,0.19999352299148804
0.059000000000000004,0.38,1,0,0,0,0,1,0.19999514877635824
0.059000000000000004,0.39,1,0,0,0,0,1,0.19999512807895975
0.059000000000000004,0.4,1,0,0,0,0,1,0.199995226579159
0.059000000000000004,0.41000000000000003,1,0,0,0,0,1,0.1999956574848813
0.059000000000000004,0.42,1,0,0,0,0,1,0.19999538128346744
0.059000000000000004,0.43,1,0,0,0,0,1,0.19999628694742846
0.059000000000000004,0.44,1,0,0,0,0,1,0.19999544324991317
0.059000000000000004,0.45,1,0,0,0,0,1,0.1999953005036152
0.059000000000000004,0.46,1,0,0,0,0,1,0.19999707387254242
0.059000000000000004,0.47000000000000003,1,0,0,0,0,1,0.19999586877904724
0.059000000000000004,0.48,1,0,0,0,0,1,0.1999952088531456
0.059000000000000004,0.49,1,0,0,0,0,1,0.1999948393226072
0.059000000000000004,0.5,1,0,0,0,0,1,0.19999587580486508
0.059000000000000004,0.51,1,0,0,0,0,1,0.19999535665541576
0.059000000000000004,0.52,1,0,0,0,0,1,0.1999951016390748
0.059000000000000004,0.53,1,0,0,0,0,1,0.19999594885931768
0.059000000000000004,0.54,1,0,0,0,0,1,0.1999952641107269
0.059000000000000004,0.55,1,0,0,0,0,1,0.199996100951446
0.059000000000000004,0.56,1,0,0,0,0,1,0.1999962018601796
0.059000000000000004,0.5700000000000001,1,0,0,0,0,1,0.19999514304513596
0.059000000000000004,0.58,1,0,0,0,0,1,0.19999589167678256
0.059000000000000004,0.59,1,0,0,0,0,1,0.1999938186615315
0.059000000000000004,0.6,1,0,0,0,0,1,0.1999953876739628
0.059000000000000004,0.61,1,0,0,0,0,1,0.1999966249104945
0.059000000000000004,0.62,1,0,0,0,0,1,0.20000477791440704
0.059000000000000004,0.63,1,0,0,0,0,1,0.19999275132898575
0.059000000000000004,0.64,1,0,0,0,0,1,0.19999503999522017
0.059000000000000004,0.65,1,0,0,0,0,1,0.2000074357019729
0.059000000000000004,0.66,1,0,0,0,0,1,0.19999453410758375
0.059000000000000004,0.67,1,0,0,0,0,1,0.19999420084095978
0.059000000000000004,0.68,1,0,0,0,0,1,0.2000041938157774
0.059000000000000004,0.6900000000000001,1,0,0,0,0,1,0.20000312055813055
0.059000000000000004,0.7000000000000001,1,0,0,0,0,1,0.19999502550920148
0.059000000000000004,0.71,1,0,0,0,0,1,0.19999456911816516
0.059000000000000004,0.72,1,0,0,0,0,1,0.19999514022468887
0.059000000000000004,0.73,1,0,0,0,0,1,0.19999559941458742
0.059000000000000004,0.74,1,0,0,0,0,1,0.1999960849748156
0.059000000000000004,0.75,1,0,0,0,0,1,0.1999949995029975
0.059000000000000004,0.76,1,0,0,0,0,1,0.1999953939240273
0.059000000000000004,0.77,1,0,0,0,0,1,0.19999611329382602
0.059000000000000004,0.78,1,0,0,0,0,1,0.1999965877610567
0.059000000000000004,0.79,3,0,0,0,1,1,0.20000489353856946
0.06,0.0,1,0,0,0,0,1,0.20000534247421575
0.06,0.01,1,0,0,0,0,1,0.20000464623392228
0.06,0.02,1,0,0,0,0,1,0.20000515404053362
0.06,0.03,1,0,0,0,0,1,0.20000646721515694
0.06,0.04,1,0,0,0,0,1,0.20000380865802653
0.06,0.05,1,0,0,0,0,1,0.20000436212555062
0.06,0.06,1,0,0,0,0,1,0.2000044591746925
0.06,0.07,1,0,0,0,0,1,0.20000592357347577
0.06,0.08,1,0,0,0,0,1,0.20000637621219425
0.06,0.09,1,0,0,0,0,1,0.2000056922037512
0.06,0.1,1,0,0,0,0,1,0.20000789005216899
0.06,0.11,1,0,0,0,0,1,0.20000549228369285
0.06,0.12,1,0,0,0,0,1,0.20000436824724943
0.06,0.13,1,0,0,0,0,1,0.2000053448275335
0.06,0.14,1,0,0,0,0,1,0.20000549956778912
0.06,0.15,1,0,0,0,0,1,0.2000056409601941
0.06,0.16,1,0,0,0,0,1,0.20000458459868323
0.06,0.17,1,0,0,0,0,1,0.20000506848605507
0.06,0.18,1,0,0,0,0,1,0.20000516855202885
0.06,0.19,1,0,0,0,0,1,0.20000713002103299
0.06,0.2,1,0,0,0,0,1,0.20000523265442524
0.06,0.21,1,0,0,0,0,1,0.2000049462712549
0.06,0.22,1,0,0,0,0,1,0.20000710998056362
0.06,0.23,1,0,0,0,0,1,0.2000055517080437
0.06,0.24,1,0,0,0,0,1,0.2000055839501802
0.06,0.25,1,0,0,0,0,1,0.20000429214327786
0.06,0.26,1,0,0,0,0,1,0.20000546544105574
0.06,0.27,1,0,0,0,0,1,0.2000054243385306
0.06,0.28,1,0,0,0,0,1,0.20000793565651778
0.06,0.29,1,0,0,0,0,1,0.20000539672506262
0.06,0.3,1,0,0,0,0,1,0.2000073937490275
0.06,0.31,1,0,0,0,0,1,0.20000641681629133
0.06,0.32,1,0,0,0,0,1,0.2000072269517264
0.06,0.33,1,0,0,0,0,1,0.1999944731705945
0.06,0.34,1,0,0,0,0,1,0.1999957380489404
0.06,0.35000000000000003,1,0,0,0,0,1,0.19999406535601105
0.06,0.36,1,0,0,0,0,1,0.19999372283424977
0.06,0.37,1,0,0,0,0,1,0.19999339850632472
0.06,0.38,1,0,0,0,0,1,0.19999505403992948
0.06,0.39,1,0,0,0,0,1,0.19999578755564681
0.06,0.4,1,0,0,0,0,1,0.1999935601108461
0.06,0.41000000000000003,1,0,0,0,0,1,0.1999957550755724
0.06,0.42,1,0,0,0,0,1,0.19999506897366504
0.06,0.43,1,0,0,0,0,1,0.1999955341562123
0.06,0.44,1,0,0,0,0,1,0.19999595516806734
0.06,0.45,1,0,0,0,0,1,0.1999961216828904
0.06,0.46,1,0,0,0,0,1,0.19999577276610106
0.06,0.47000000000000003,1,0,0,0,0,1,0.19999566983573766
0.06,0.48,1,0,0,0,0,1,0.19999551806122026
0.06,0.49,1,0,0,0,0,1,0.19999561486533654
0.06,0.5,1,0,0,0,0,1,0.1999951889439593
0.06,0.51,1,0,0,0,0,1,0.19999586316879703
0.06,0.52,1,0,0,0,0,1,0.19999483206136598
0.06,0.53,1,0,0,0,0,1,0.19999411747501658
0.06,0.54,1,0,0,0,0,1,0.19999662884981417
0.06,0.55,1,0,0,0,0,1,0.19999568998022316
0.06,0.56,1,0,0,0,0,1,0.19999679443720617
0.06,0.5700000000000001,1,0,0,0,0,1,0.19999485605123932
0.06,0.58,1,0,0,0,0,1,0.19999607811078848
0.06,0.59,1,0,0,0,0,1,0.19999568864973993
0.06,0.6,1,0,0,0,0,1,0.19999592793202567
0.06,0.61,1,0,0,0,0,1,0.19999616376893842
0.06,0.62,1,0,0,0,0,1,0.199993211806691
0.06,0.63,1,0,0,0,0,1,0.19999460710003306
0.06,0.64,1,0,0,0,0,1,0.19999567252787875
0.06,0.65,1,0,0,0,0,1,0.19999675568419698
0.06,0.66,1,0,0,0,0,1,0.19999331247381444
0.06,0.67,1,0,0,0,0,1,0.2000050035073079
0.06,0.68,1,0,0,0,0,1,0.20000601174433888
0.06,0.6900000000000001,1,0,0,0,0,1,0.20000443691779074
0.06,0.7000000000000001,1,0,0,0,0,1,0.1999953638147366
0.06,0.71,1,0,0,0,0,1,0.19999374029808875
0.06,0.72,1,0,0,0,0,1,0.19999709881284158
0.06,0.73,1,0,0,0,0,1,0.19999612249404286
0.06,0.74,1,0,0,0,0,1,0.1999961634842028
0.06,0.75,1,0,0,0,0,1,0.19999492244865896
0.06,0.76,1,0,0,0,0,1,0.19999512651576623
0.06,0.77,1,0,0,0,0,1,0.1999951819662512
0.06,0.78,1,0,0,0,0,1,0.1999954882809781
0.06,0.79,3,0,0,0,1,1,0.20000480917528976
0.061,0.0,1,0,0,0,0,1,0.20000554433435067
0.061,0.01,1,0,0,0,0,1,0.200004671024956
0.061,0.02,1,0,0,0,0,1,0.20000460745158927
0.061,0.03,1,0,0,0,0,1,0.20000555296095088
0.061,0.04,1,0,0,0,0,1,0.2000063332493204
0.061,0.05,1,0,0,0,0,1,0.2000065021734421
0.061,0.06,1,0,0,0,0,1,0.20000789020409449
0.061,0.07,1,0,0,0,0,1,0.20000401608790083
0.061,0.08,1,0,0,0,0,1,0.20000415831952784
0.061,0.09,1,0,0,0,0,1,0.20000429590349597
0.061,0.1,1,0,0,0,0,1,0.20000758035465005
0.061,0.11,1,0,0,0,0,1,0.20000780066855417
0.061,0.12,1,0,0,0,0,1,0.20000335530279567
0.061,0.13,1,0,0,0,0,1,0.20000479399666532
0.061,0.14,1,0,0,0,0,1,0.20000392120341298
0.061,0.15,1,0,0,0,0,1,0.20000467130932706
0.061,0.16,1,0,0,0,0,1,0.20000493351179907
0.061,0.17,1,0,0,0,0,1,0.2000051519038526
0.061,0.18,1,0,0,0,0,1,0.20000469164652665
0.061,0.19,1,0,0,0,0,1,0.2000029393935515
0.061,0.2,1,0,0,0,0,1,0.20000401125581763
0.061,0.21,1,0,0,0,0,1,0.20000463164899537
0.061,0.22,1,0,0,0,0,1,0.20000685615669006
0.061,0.23,1,0,0,0,0,1,0.20000452200708244
0.061,0.24,1,0,0,0,0,1,0.2000060363086532
0.061,0.25,1,0,0,0,0,1,0.20000449569944262
0.061,0.26,1,0,0,0,0,1,0.20000500973917795
0.061,0.27,1,0,0,0,0,1,0.200005124551947
0.061,0.28,1,0,0,0,0,1,0.20000489003492722
0.061,0.29,1,0,0,0,0,1,0.2000046404241338
0.061,0.3,1,0,0,0,0,1,0.2000053400076387
0.061,0.31,1,0,0,0,0,1,0.20000546871375033
0.061,0.32,1,0,0,0,0,1,0.20000463813664474
0.061,0.33,1,0,0,0,0,1,0.19999593420765155
0.061,0.34,1,0,0,0,0,1,0.19999623414783924
0.061,0.35000000000000003,1,0,0,0,0,1,0.1999954494686471
0.061,0.36,1,0,0,0,0,1,0.1999958852578069
0.061,0.37,1,0,0,0,0,1,0.19999502716351894
0.061,0.38,1,0,0,0,0,1,0.1999950061233565
0.061,0.39,1,0,0,0,0,1,0.1999953318016762
0.061,0.4,1,0,0,0,0,1,0.19999501764038538
0.061,0.41000000000000003,1,0,0,0,0,1,0.19999571762101676
0.061,0.42,1,0,0,0,0,1,0.19999564666289738
0.061,0.43,1,0,0,0,0,1,0.19999339403079153
0.061,0.44,1,0,0,0,0,1,0.1999955647732948
0.061,0.45,1,0,0,0,0,1,0.19999474073851703
0.061,0.46,1,0,0,0,0,1,0.19999543975289344
0.061,0.47000000000000003,1,0,0,0,0,1,0.19999487465864926
0.061,0.48,1,0,0,0,0,1,0.1999961715555281
0.061,0.49,1,0,0,0,0,1,0.19999616208411447
0.061,0.5,1,0,0,0,0,1,0.19999495691541969
0.061,0.51,1,0,0,0,0,1,0.1999961322064028
0.061,0.52,1,0,0,0,0,1,0.19999500213062615
0.061,0.53,1,0,0,0,0,1,0.1999948164388009
0.061,0.54,1,0,0,0,0,1,0.19999608672775765
0.061,0.55,1,0,0,0,0,1,0.19999308630146237
0.061,0.56,1,0,0,0,0,1,0.19999731290857095
0.061,0.5700000000000001,1,0,0,0,0,1,0.19999693487854012
0.061,0.58,1,0,0,0,0,1,0.19999328737854785
0.061,0.59,1,0,0,0,0,1,0.19999443748370674
0.061,0.6,1,0,0,0,0,1,0.1999962171123092
0.061,0.61,1,0,0,0,0,1,0.19999402656000412
0.061,0.62,1,0,0,0,0,1,0.19999312704991015
0.061,0.63,1,0,0,0,0,1,0.19999517116171595
0.061,0.64,1,0,0,0,0,1,0.20000702587212416
0.061,0.65,1,0,0,0,0,1,0.19999578155834222
0.061,0.66,1,0,0,0,0,1,0.20000678687471815
0.061,0.67,1,0,0,0,0,1,0.19999465201623956
0.061,0.68,1,0,0,0,0,1,0.19999324668980412
0.061,0.6900000000000001,1,0,0,0,0,1,0.20000561495610122
0.061,0.7000000000000001,1,0,0,0,0,1,0.19999299013226246
0.061,0.71,1,0,0,0,0,1,0.19999700468447018
0.061,0.72,1,0,0,0,0,1,0.1999946804046757
0.061,0.73,1,0,0,0,0,1,0.19999619715690176
0.061,0.74,1,0,0,0,0,1,0.19999609325204065
0.061,0.75,1,0,0,0,0,1,0.199996096305222
0.061,0.76,1,0,0,0,0,1,0.1999958771992167
0.061,0.77,1,0,0,0,0,1,0.19999694568715232
0.061,0.78,1,0,0,0,0,1,0.19999508988561573
0.061,0.79,3,0,0,0,1,1,0.20000473181745723
0.062,0.0,1,0,0,0,0,1,0.2000063936475022
0.062,0.01,1,0,0,0,0,1,0.20000474553223155
0.062,0.02,1,0,0,0,0,1,0.20000391287914013
0.062,0.03,1,0,0,0,0,1,0.2000043025451175
0.062,0.04,1,0,0,0,0,1,0.20000666773616302
0.062,0.05,1,0,0,0,0,1,0.20000549820747665
0.062,0.06,1,0,0,0,0,1,0.20000759065421886
0.062,0.07,1,0,0,0,0,1,0.2000046141591177
0.062,0.08,1,0,0,0,0,1,0.20000539688079322
0.062,0.09,1,0,0,0,0,1,0.2000044857945341
0.062,0.1,1,0,0,0,0,1,0.20000504472963843
0.062,0.11,1,0,0,0,0,1,0.20000537304009705
0.062,0.12,1,0,0,0,0,1,0.20000478674895397
0.062,0.13,1,0,0,0,0,1,0.20000472128034247
0.062,0.14,1,0,0,0,0,1,0.2000038119485238
0.062,0.15,1,0,0,0,0,1,0.200006474045536
0.062,0.16,1,0,0,0,0,1,0.20000481552507682
0.062,0.17,1,0,0,0,0,1,0.20000473514217743
0.062,0.18,1,0,0,0,0,1,0.20000511266890963
0.062,0.19,1,0,0,0,0,1,0.20000530806190417
0.062,0.2,1,0,0,0,0,1,0.20000361525840618
0.062,0.21,1,0,0,0,0,1,0.2000052753280108
0.062,0.22,1,0,0,0,0,1,0.20000498778374495
0.062,0.23,1,0,0,0,0,1,0.20000665979490645
0.062,0.24,1,0,0,0,0,1,0.20000607193886852
0.062,0.25,1,0,0,0,0,1,0.20000547701799395
0.062,0.26,1,0,0,0,0,1,0.20000565362149678
0.062,0.27,1,0,0,0,0,1,0.20000522181322136
0.062,0.28,1,0,0,0,0,1,0.20000525808102898
0.062,0.29,1,0,0,0,0,1,0.2000069955087478
0.062,0.3,1,0,0,0,0,1,0.20000612742331644
0.062,0.31,1,0,0,0,0,1,0.20000792718791782
0.062,0.32,1,0,0,0,0,1,0.20000470636134318
0.062,0.33,1,0,0,0,0,1,0.1999965348004518
0.062,0.34,1,0,0,0,0,1,0.19999605003777318
0.062,0.35000000000000003,1,0,0,0,0,1,0.19999375850460693
0.062,0.36,1,0,0,0,0,1,0.19999498275268096
0.062,0.37,1,0,0,0,0,1,0.1999949142415629
0.062,0.38,1,0,0,0,0,1,0.19999335195892964
0.062,0.39,1,0,0,0,0,1,0.19999372581914773
0.062,0.4,1,0,0,0,0,1,0.19999586343744505
0.062,0.41000000000000003,1,0,0,0,0,1,0.19999502198848837
0.062,0.42,1,0,0,0,0,1,0.19999514091439385
0.062,0.43,1,0,0,0,0,1,0.19999500960451014
0.062,0.44,1,0,0,0,0,1,0.1999949862943025
0.062,0.45,1,0,0,0,0,1,0.19999595230437842
0.062,0.46,1,0,0,0,0,1,0.19999387456087298
0.062,0.47000000000000003,1,0,0,0,0,1,0.1999958323957136
0.062,0.48,1,0,0,0,0,1,0.19999656217081305
0.062,0.49,1,0,0,0,0,1,0.19999702654972398
0.062,0.5,1,0,0,0,0,1,0.1999932698497198
0.062,0.51,1,0,0,0,0,1,0.19999679913874474
0.062,0.52,1,0,0,0,0,1,0.19999598750496533
0.062,0.53,1,0,0,0,0,1,0.19999675271706038
0.062,0.54,1,0,0,0,0,1,0.1999954692508719
0.062,0.55,1,0,0,0,0,1,0.19999418061889515
0.062,0.56,1,0,0,0,0,1,0.19999471436012026
0.062,0.5700000000000001,1,0,0,0,0,1,0.19999607351964532
0.062,0.58,1,0,0,0,0,1,0.19999362440777801
0.062,0.59,1,0,0,0,0,1,0.1999955041019804
0.062,0.6,1,0,0,0,0,1,0.19999571338481992
0.062,0.61,1,0,0,0,0,1,0.19999560766716076
0.062,0.62,1,0,0,0,0,1,0.19999426407229692
0.062,0.63,1,0,0,0,0,1,0.19999419049739023
0.062,0.64,1,0,0,0,0,1,0.19999396469057648
0.062,0.65,1,0,0,0,0,1,0.2000076166239241
0.062,0.66,1,0,0,0,0,1,0.1999962904000965
0.062,0.67,1,0,0,0,0,1,0.2000049922809446
0.062,0.68,1,0,0,0,0,1,0.20000474082206565
0.062,0.6900000000000001,1,0,0,0,0,1,0.19999592072776431
0.062,0.7000000000000001,1,0,0,0,0,1,0.19999584553575123
0.062,0.71,1,0,0,0,0,1,0.19999506004783615
0.062,0.72,1,0,0,0,0,1,0.1999930550026253
0.062,0.73,1,0,0,0,0,1,0.19999543373948
0.062,0.74,1,0,0,0,0,1,0.1999959796360868
0.062,0.75,1,0,0,0,0,1,0.1999954651830549
0.062,0.76,1,0,0,0,0,1,0.19999453900015046
0.062,0.77,1,0,0,0,0,1,0.19999674433650844
0.062,0.78,1,0,0,0,0,1,0.19999560887546683
0.062,0.79,3,0,0,0,1,1,0.20000466057194857
0.063,0.0,1,0,0,0,0,1,0.20000642270071287
0.063,0.01,1,0,0,0,0,1,0.20000484920015557
0.063,0.02,1,0,0,0,0,1,0.2000046885974232
0.063,0.03,1,0,0,0,0,1,0.20000535507975875
0.063,0.04,1,0,0,0,0,1,0.200007887132245
0.063,0.05,1,0,0,0,0,1,0.2000051422557965
0.063,0.06,1,0,0,0,0,1,0.20000442225569554
0.063,0.07,1,0,0,0,0,1,0.20000457543235162
0.063,0.08,1,0,0,0,0,1,0.2000048189687146
0.063,0.09,1,0,0,0,0,1,0.20000645193316427
0.063,0.1,1,0,0,0,0,1,0.20000407327150324
0.063,0.11,1,0,0,0,0,1,0.20000786205625476
0.063,0.12,1,0,0,0,0,1,0.2000071614617542
0.063,0.13,1,0,0,0,0,1,0.20000479165682628
0.063,0.14,1,0,0,0,0,1,0.20000586493541478
0.063,0.15,1,0,0,0,0,1,0.20000642534341403
0.063,0.16,1,0,0,0,0,1,0.20000544389757124
0.063,0.17,1,0,0,0,0,1,0.20000570767489442
0.063,0.18,1,0,0,0,0,1,0.2000050547638965
0.063,0.19,1,0,0,0,0,1,0.20000429683070023
0.063,0.2,1,0,0,0,0,1,0.20000473084527443
0.063,0.21,1,0,0,0,0,1,0.20000516898870946
0.063,0.22,1,0,0,0,0,1,0.20000414238228004
0.063,0.23,1,0,0,0,0,1,0.2000069727490321
0.063,0.24,1,0,0,0,0,1,0.20000681046069857
0.063,0.25,1,0,0,0,0,1,0.20000554506863383
0.063,0.26,1,0,0,0,0,1,0.20000440978500614
0.063,0.27,1,0,0,0,0,1,0.2000064764599836
0.063,0.28,1,0,0,0,0,1,0.20000538407132273
0.063,0.29,1,0,0,0,0,1,0.20000781999854747
0.063,0.3,1,0,0,0,0,1,0.20000454724428984
0.063,0.31,1,0,0,0,0,1,0.20000523045988988
0.063,0.32,1,0,0,0,0,1,0.2000053973550705
0.063,0.33,1,0,0,0,0,1,0.20000509082994267
0.063,0.34,1,0,0,0,0,1,0.19999587268520305
0.063,0.35000000000000003,1,0,0,0,0,1,0.1999946501432064
0.063,0.36,1,0,0,0,0,1,0.19999541365830345
0.063,0.37,1,0,0,0,0,1,0.19999310488355243
0.063,0.38,1,0,0,0,0,1,0.19999508020242596
0.063,0.39,1,0,0,0,0,1,0.1999950871966393
0.063,0.4,1,0,0,0,0,1,0.19999570878949685
0.063,0.41000000000000003,1,0,0,0,0,1,0.19999497861435078
0.063,0.42,1,0,0,0,0,1,0.19999528504913291
0.063,0.43,1,0,0,0,0,1,0.19999570628253283
0.063,0.44,1,0,0,0,0,1,0.19999540566329269
0.063,0.45,1,0,0,0,0,1,0.1999944268772731
0.063,0.46,1,0,0,0,0,1,0.19999526214601052
0.063,0.47000000000000003,1,0,0,0,0,1,0.19999580818293747
0.063,0.48,1,0,0,0,0,1,0.19999598939924668
0.063,0.49,1,0,0,0,0,1,0.19999627469667794
0.063,0.5,1,0,0,0,0,1,0.19999636185344272
0.063,0.51,1,0,0,0,0,1,0.19999614867612336
0.063,0.52,1,0,0,0,0,1,0.19999436291415645
0.063,0.53,1,0,0,0,0,1,0.19999501597693856
0.063,0.54,1,0,0,0,0,1,0.19999677947395497
0.063,0.55,1,0,0,0,0,1,0.1999950207368098
0.063,0.56,1,0,0,0,0,1,0.1999949029295313
0.063,0.5700000000000001,1,0,0,0,0,1,0.19999591517493734
0.063,0.58,1,0,0,0,0,1,0.19999592960199897
0.063,0.59,1,0,0,0,0,1,0.19999407070964856
0.063,0.6,1,0,0,0,0,1,0.19999330379434496
0.063,0.61,1,0,0,0,0,1,0.19999596662107766
0.063,0.62,1,0,0,0,0,1,0.1999943299748887
0.063,0.63,1,0,0,0,0,1,0.20000479254763062
0.063,0.64,1,0,0,0,0,1,0.19999552203057555
0.063,0.65,1,0,0,0,0,1,0.19999595345341623
0.063,0.66,1,0,0,0,0,1,0.20000559425437792
0.063,0.67,1,0,0,0,0,1,0.19999481918132278
0.063,0.68,1,0,0,0,0,1,0.19999546385756672
0.063,0.6900000000000001,1,0,0,0,0,1,0.20000601280396124
0.063,0.7000000000000001,1,0,0,0,0,1,0.19999608089899137
0.063,0.71,1,0,0,0,0,1,0.19999512894998966
0.063,0.72,1,0,0,0,0,1,0.19999311404996198
0.063,0.73,1,0,0,0,0,1,0.19999709766450888
0.063,0.74,1,0,0,0,0,1,0.19999660140222353
0.063,0.75,1,0,0,0,0,1,0.19999622162747688
0.063,0.76,1,0,0,0,0,1,0.1999957262560628
0.063,0.77,1,0,0,0,0,1,0.19999449337588204
0.063,0.78,1,0,0,0,0,1,0.19999514777520605
0.063,0.79,3,0,0,0,1,1,0.20000459469696197
0.064,0.0,1,0,0,0,0,1,0.2000062679266592
0.064,0.01,1,0,0,0,0,1,0.20000449632409845
0.064,0.02,1,0,0,0,0,1,0.20000461447591833
0.064,0.03,1,0,0,0,0,1,0.20000522916391542
0.064,0.04,1,0,0,0,0,1,0.20000645695271638
0.064,0.05,1,0,0,0,0,1,0.20000599179701575
0.064,0.06,1,0,0,0,0,1,0.20000448130309742
0.064,0.07,1,0,0,0,0,1,0.200004460353133
0.064,0.08,1,0,0,0,0,1,0.20000490459177436
0.064,0.09,1,0,0,0,0,1,0.20000538313842067
0.064,0.1,1,0,0,0,0,1,0.20000675704535123
0.064,0.11,1,0,0,0,0,1,0.20000745321961919
0.064,0.12,1,0,0,0,0,1,0.2000078024732131
0.064,0.13,1,0,0,0,0,1,0.20000457740059518
0.064,0.14,1,0,0,0,0,1,0.20000520904263583
0.064,0.15,1,0,0,0,0,1,0.20000539153311617
0.064,0.16,1,0,0,0,0,1,0.20000508619518587
0.064,0.17,1,0,0,0,0,1,0.20000490040606916
0.064,0.18,1,0,0,0,0,1,0.20000699722058418
0.064,0.19,1,0,0,0,0,1,0.20000466656205734
0.064,0.2,1,0,0,0,0,1,0.2000042971530036
0.064,0.21,1,0,0,0,0,1,0.20000460227294647
0.064,0.22,1,0,0,0,0,1,0.20000438157226613
0.064,0.23,1,0,0,0,0,1,0.20000516046639497
0.064,0.24,1,0,0,0,0,1,0.2000070616394426
0.064,0.25,1,0,0,0,0,1,0.2000060720877032
0.064,0.26,1,0,0,0,0,1,0.20000546325310098
0.064,0.27,1,0,0,0,0,1,0.20000511830472906
0.064,0.28,1,0,0,0,0,1,0.20000514756307192
0.064,0.29,1,0,0,0,0,1,0.200005353717448
0.064,0.3,1,0,0,0,0,1,0.20000776415633867
0.064,0.31,1,0,0,0,0,1,0.20000648272456414
0.064,0.32,1,0,0,0,0,1,0.20000482134458056
0.064,0.33,1,0,0,0,0,1,0.20000595680802274
0.064,0.34,1,0,0,0,0,1,0.19999564102196188
0.064,0.35000000000000003,1,0,0,0,0,1,0.19999475927195146
0.064,0.36,1,0,0,0,0,1,0.1999930558838867
0.064,0.37,1,0,0,0,0,1,0.19999261367209675
0.064,0.38,1,0,0,0,0,1,0.19999511861092023
0.064,0.39,1,0,0,0,0,1,0.1999931610696893
0.064,0.4,1,0,0,0,0,1,0.1999957685688909
0.064,0.41000000000000003,1,0,0,0,0,1,0.19999500082989133
0.064,0.42,1,0,0,0,0,1,0.1999933610226621
0.064,0.43,1,0,0,0,0,1,0.1999948770971633
0.064,0.44,1,0,0,0,0,1,0.19999505557207706
0.064,0.45,1,0,0,0,0,1,0.19999409456047912
0.064,0.46,1,0,0,0,0,1,0.19999584572822687
0.064,0.47000000000000003,1,0,0,0,0,1,0.19999614523722306
0.064,0.48,1,0,0,0,0,1,0.19999486517933715
0.064,0.49,1,0,0,0,0,1,0.19999373351886243
0.064,0.5,1,0,0,0,0,1,0.19999654901010702
0.064,0.51,1,0,0,0,0,1,0.19999325855088496
0.064,0.52,1,0,0,0,0,1,0.19999582656951292
0.064,0.53,1,0,0,0,0,1,0.19999492814804648
0.064,0.54,1,0,0,0,0,1,0.19999312295123575
0.064,0.55,1,0,0,0,0,1,0.1999958031457625
0.064,0.56,1,0,0,0,0,1,0.19999693204952737
0.064,0.5700000000000001,1,0,0,0,0,1,0.19999561583541683
0.064,0.58,1,0,0,0,0,1,0.19999708140599667
0.064,0.59,1,0,0,0,0,1,0.1999960840392712
0.064,0.6,1,0,0,0,0,1,0.19999507027401936
0.064,0.61,1,0,0,0,0,1,0.1999962159843461
0.064,0.62,1,0,0,0,0,1,0.19999557746508817
0.064,0.63,1,0,0,0,0,1,0.19999565308675368
0.064,0.64,1,0,0,0,0,1,0.20000690472171703
0.064,0.65,1,0,0,0,0,1,0.19999532473571868
0.064,0.66,1,0,0,0,0,1,0.19999495263975373
0.064,0.67,1,0,0,0,0,1,0.19999516994627806
0.064,0.68,1,0,0,0,0,1,0.20000608945887038
0.064,0.6900000000000001,1,0,0,0,0,1,0.1999961741669249
0.064,0.7000000000000001,1,0,0,0,0,1,0.2000049745235383
0.064,0.71,1,0,0,0,0,1,0.19999504343346158
0.064,0.72,1,0,0,0,0,1,0.1999952395525838
0.064,0.73,1,0,0,0,0,1,0.19999524890676063
0.064,0.74,1,0,0,0,0,1,0.19999507845506645
0.064,0.75,1,0,0,0,0,1,0.19999485710241566
0.064,0.76,1,0,0,0,0,1,0.19999538030256642
0.064,0.77,1,0,0,0,0,1,0.19999509371818452
0.064,0.78,1,0,0,0,0,1,0.19999500802445272
0.064,0.79,3,0,0,0,1,1,0.20000453357170955
0.065,0.0,1,0,0,0,0,1,0.20000607301615786
0.065,0.01,1,0,0,0,0,1,0.20000540281800414
0.065,0.02,1,0,0,0,0,1,0.20000427271202872
0.065,0.03,1,0,0,0,0,1,0.20000483260921073
0.065,0.04,1,0,0,0,0,1,0.2000055179267926
0.065,0.05,1,0,0,0,0,1,0.20000649420423894
0.065,0.06,1,0,0,0,0,1,0.20000416686448103
0.065,0.07,1,0,0,0,0,1,0.20000466476936649
0.065,0.08,1,0,0,0,0,1,0.2000032931565297
0.065,0.09,1,0,0,0,0,1,0.20000546162160618
0.065,0.1,1,0,0,0,0,1,0.20000542164593343
0.065,0.11,1,0,0,0,0,1,0.2000049149452163
0.065,0.12,1,0,0,0,0,1,0.2000069884686269
0.065,0.13,1,0,0,0,0,1,0.20000515431769808
0.065,0.14,1,0,0,0,0,1,0.20000478538435584
0.065,0.15,1,0,0,0,0,1,0.20000462967136373
0.065,0.16,1,0,0,0,0,1,0.2000049379686632
0.065,0.17,1,0,0,0,0,1,0.20000566060543185
0.065,0.18,1,0,0,0,0,1,0.2000037263309488
0.065,0.19,1,0,0,0,0,1,0.20000482481795334
0.065,0.2,1,0,0,0,0,1,0.20000515612550177
0.065,0.21,1,0,0,0,0,1,0.20000433757414512
0.065,0.22,1,0,0,0,0,1,0.2000047820359154
0.065,0.23,1,0,0,0,0,1,0.20000571547768678
0.065,0.24,1,0,0,0,0,1,0.20000651102790434
0.065,0.25,1,0,0,0,0,1,0.20000608100024656
0.065,0.26,1,0,0,0,0,1,0.20000551877820189
0.065,0.27,1,0,0,0,0,1,0.20000564997086107
0.065,0.28,1,0,0,0,0,1,0.2000053989098144
0.065,0.29,1,0,0,0,0,1,0.20000517649785046
0.065,0.3,1,0,0,0,0,1,0.20000665770316245
0.065,0.31,1,0,0,0,0,1,0.20000537575499197
0.065,0.32,1,0,0,0,0,1,0.20000510577295288
0.065,0.33,1,0,0,0,0,1,0.20000513597702815
0.065,0.34,1,0,0,0,0,1,0.19999427984896473
0.065,0.35000000000000003,1,0,0,0,0,1,0.1999948470840995
0.065,0.36,1,0,0,0,0,1,0.19999501014777654
0.065,0.37,1,0,0,0,0,1,0.19999573100482518
0.065,0.38,1,0,0,0,0,1,0.19999602274297582
0.065,0.39,1,0,0,0,0,1,0.1999935048229986
0.065,0.4,1,0,0,0,0,1,0.19999654475095002
0.065,0.41000000000000003,1,0,0,0,0,1,0.1999959542550575
0.065,0.42,1,0,0,0,0,1,0.19999581276336104
0.065,0.43,1,0,0,0,0,1,0.19999542809895718
0.065,0.44,1,0,0,0,0,1,0.1999957678306132
0.065,0.45,1,0,0,0,0,1,0.19999467717279054
0.065,0.46,1,0,0,0,0,1,0.1999956806624298
0.065,0.47000000000000003,1,0,0,0,0,1,0.19999505014582278
0.065,0.48,1,0,0,0,0,1,0.19999373358964426
0.065,0.49,1,0,0,0,0,1,0.1999956791934093
0.065,0.5,1,0,0,0,0,1,0.19999696438296805
0.065,0.51,1,0,0,0,0,1,0.19999546760162212
0.065,0.52,1,0,0,0,0,1,0.19999488076881636
0.065,0.53,1,0,0,0,0,1,0.19999425811256516
0.065,0.54,1,0,0,0,0,1,0.1999952872963118
0.065,0.55,1,0,0,0,0,1,0.19999530062990115
0.065,0.56,1,0,0,0,0,1,0.19999597585076992
0.065,0.5700000000000001,1,0,0,0,0,1,0.19999656025477344
0.065,0.58,1,0,0,0,0,1,0.19999522162018624
0.065,0.59,1,0,0,0,0,1,0.19999594632956072
0.065,0.6,1,0,0,0,0,1,0.19999621085258232
0.065,0.61,1,0,0,0,0,1,0.19999527014519794
0.065,0.62,1,0,0,0,0,1,0.19999510779776453
0.065,0.63,1,0,0,0,0,1,0.19999545446324613
0.065,0.64,1,0,0,0,0,1,0.19999377365207116
0.065,0.65,1,0,0,0,0,1,0.20000646252198218
0.065,0.66,1,0,0,0,0,1,0.19999543529477307
0.065,0.67,1,0,0,0,0,1,0.20000523473005632
0.065,0.68,1,0,0,0,0,1,0.19999489548326282
0.065,0.6900000000000001,1,0,0,0,0,1,0.20000500773839452
0.065,0.7000000000000001,1,0,0,0,0,1,0.19999546119883735
0.065,0.71,1,0,0,0,0,1,0.19999309674510973
0.065,0.72,1,0,0,0,0,1,0.19999544669992417
0.065,0.73,1,0,0,0,0,1,0.19999446676328145
0.065,0.74,1,0,0,0,0,1,0.19999611010099022
0.065,0.75,1,0,0,0,0,1,0.19999619981767447
0.065,0.76,1,0,0,0,0,1,0.19999450998848284
0.065,0.77,1,0,0,0,0,1,0.19999498340936595
0.065,0.78,1,0,0,0,0,1,0.1999952610245579
0.065,0.79,3,0,0,0,1,1,0.2000044766705606
0.066,0.0,1,0,0,0,0,1,0.2000051875568931
0.066,0.01,1,0,0,0,0,1,0.20000668954757192
0.066,0.02,1,0,0,0,0,1,0.2000057554857823
0.066,0.03,1,0,0,0,0,1,0.2000046528433379
0.066,0.04,1,0,0,0,0,1,0.20000574574437313
0.066,0.05,1,0,0,0,0,1,0.2000061670142459
0.066,0.06,1,0,0,0,0,1,0.20000510441781688
0.066,0.07,1,0,0,0,0,1,0.2000048827740686
0.066,0.08,1,0,0,0,0,1,0.20000467883328304
0.066,0.09,1,0,0,0,0,1,0.20000469361881476
0.066,0.1,1,0,0,0,0,1,0.2000064731215241
0.066,0.11,1,0,0,0,0,1,0.2000038686189355
0.066,0.12,1,0,0,0,0,1,0.20000777807650516
0.066,0.13,1,0,0,0,0,1,0.20000428532259662
0.066,0.14,1,0,0,0,0,1,0.2000046519991526
0.066,0.15,1,0,0,0,0,1,0.2000048594585314
0.066,0.16,1,0,0,0,0,1,0.2000056131478831
0.066,0.17,1,0,0,0,0,1,0.20000531083441556
0.066,0.18,1,0,0,0,0,1,0.20000608583350277
0.066,0.19,1,0,0,0,0,1,0.2000050515620494
0.066,0.2,1,0,0,0,0,1,0.2000046534414777
0.066,0.21,1,0,0,0,0,1,0.20000428713501556
0.066,0.22,1,0,0,0,0,1,0.20000511895931347
0.066,0.23,1,0,0,0,0,1,0.20000521334015617
0.066,0.24,1,0,0,0,0,1,0.20000731816297843
0.066,0.25,1,0,0,0,0,1,0.20000678091762375
0.066,0.26,1,0,0,0,0,1,0.20000548647572333
0.066,0.27,1,0,0,0,0,1,0.20000447500870924
0.066,0.28,1,0,0,0,0,1,0.20000652646298267
0.066,0.29,1,0,0,0,0,1,0.20000538087746136
0.066,0.3,1,0,0,0,0,1,0.20000741964423902
0.066,0.31,1,0,0,0,0,1,0.20000349523396344
0.066,0.32,1,0,0,0,0,1,0.2000055804446745
0.066,0.33,1,0,0,0,0,1,0.2000056304931751
0.066,0.34,1,0,0,0,0,1,0.19999400977640988
0.066,0.35000000000000003,1,0,0,0,0,1,0.1999956693610716
0.066,0.36,1,0,0,0,0,1,0.19999361756061054
0.066,0.37,1,0,0,0,0,1,0.1999931416024519
0.066,0.38,1,0,0,0,0,1,0.19999502187708307
0.066,0.39,1,0,0,0,0,1,0.19999556971416324
0.066,0.4,1,0,0,0,0,1,0.19999537766265993
0.066,0.41000000000000003,1,0,0,0,0,1,0.1999942985415416
0.066,0.42,1,0,0,0,0,1,0.19999589510798177
0.066,0.43,1,0,0,0,0,1,0.19999378521679764
0.066,0.44,1,0,0,0,0,1,0.19999561274696195
0.066,0.45,1,0,0,0,0,1,0.1999949057764005
0.066,0.46,1,0,0,0,0,1,0.1999941215233721
0.066,0.47000000000000003,1,0,0,0,0,1,0.19999494212034827
0.066,0.48,1,0,0,0,0,1,0.1999963828474226
0.066,0.49,1,0,0,0,0,1,0.1999952145345604
0.066,0.5,1,0,0,0,0,1,0.19999495808706538
0.066,0.51,1,0,0,0,0,1,0.19999606329495595
0.066,0.52,1,0,0,0,0,1,0.19999609241434868
0.066,0.53,1,0,0,0,0,1,0.19999568042304747
0.066,0.54,1,0,0,0,0,1,0.19999554695804173
0.066,0.55,1,0,0,0,0,1,0.1999962208537053
0.066,0.56,1,0,0,0,0,1,0.19999501692159766
0.066,0.5700000000000001,1,0,0,0,0,1,0.19999557330918233
0.066,0.58,1,0,0,0,0,1,0.1999958509174543
0.066,0.59,1,0,0,0,0,1,0.1999964740910978
0.066,0.6,1,0,0,0,0,1,0.19999493311314304
0.066,0.61,1,0,0,0,0,1,0.19999516512774415
0.066,0.62,1,0,0,0,0,1,0.19999659630023084
0.066,0.63,1,0,0,0,0,1,0.20000603045862853
0.066,0.64,1,0,0,0,0,1,0.1999948213416973
0.066,0.65,1,0,0,0,0,1,0.19999541061459522
0.066,0.66,1,0,0,0,0,1,0.20000552155715773
0.066,0.67,1,0,0,0,0,1,0.19999596589552185
0.066,0.68,1,0,0,0,0,1,0.1999954656297582
0.066,0.6900000000000001,1,0,0,0,0,1,0.19999651445620384
0.066,0.7000000000000001,1,0,0,0,0,1,0.19999628177580217
0.066,0.71,1,0,0,0,0,1,0.19999624873253868
0.066,0.72,1,0,0,0,0,1,0.19999607112794518
0.066,0.73,1,0,0,0,0,1,0.19999513418813705
0.066,0.74,1,0,0,0,0,1,0.19999505911134383
0.066,0.75,1,0,0,0,0,1,0.19999595562817452
0.066,0.76,1,0,0,0,0,1,0.19999559381710413
0.066,0.77,1,0,0,0,0,1,0.19999430607567248
0.066,0.78,1,0,0,0,0,1,0.19999521320921965
0.066,0.79,3,0,0,0,1,1,0.2000044235456286
0.067,0.0,1,0,0,0,0,1,0.2000051736984558
0.067,0.01,1,0,0,0,0,1,0.2000053185784149
0.067,0.02,1,0,0,0,0,1,0.20000477998794278
0.067,0.03,1,0,0,0,0,1,0.20000365867228953
0.067,0.04,1,0,0,0,0,1,0.20000420158457155
0.067,0.05,1,0,0,0,0,1,0.2000078288452025
0.067,0.06,1,0,0,0,0,1,0.20000336575392857
0.067,0.07,1,0,0,0,0,1,0.20000431554721482
0.067,0.08,1,0,0,0,0,1,0.2000046148019795
0.067,0.09,1,0,0,0,0,1,0.20000288911882924
0.067,0.1,1,0,0,0,0,1,0.2000054798238428
0.067,0.11,1,0,0,0,0,1,0.20000781966695594
0.067,0.12,1,0,0,0,0,1,0.2000072886598807
0.067,0.13,1,0,0,0,0,1,0.20000568335001795
0.067,0.14,1,0,0,0,0,1,0.20000446825694412
0.067,0.15,1,0,0,0,0,1,0.20000667644980935
0.067,0.16,1,0,0,0,0,1,0.2000066664126191
0.067,0.17,1,0,0,0,0,1,0.20000505622791134
0.067,0.18,1,0,0,0,0,1,0.2000048150330193
0.067,0.19,1,0,0,0,0,1,0.20000467352214937
0.067,0.2,1,0,0,0,0,1,0.200005016396226
0.067,0.21,1,0,0,0,0,1,0.20000630203249228
0.067,0.22,1,0,0,0,0,1,0.200004645358017
0.067,0.23,1,0,0,0,0,1,0.20000441947721662
0.067,0.24,1,0,0,0,0,1,0.20000519733116323
0.067,0.25,1,0,0,0,0,1,0.20000698362789351
0.067,0.26,1,0,0,0,0,1,0.2000060808632916
0.067,0.27,1,0,0,0,0,1,0.20000611654231576
0.067,0.28,1,0,0,0,0,1,0.2000051399120106
0.067,0.29,1,0,0,0,0,1,0.20000516730412915
0.067,0.3,1,0,0,0,0,1,0.20000524369579506
0.067,0.31,1,0,0,0,0,1,0.20000749575221372
0.067,0.32,1,0,0,0,0,1,0.20000519826077062
0.067,0.33,1,0,0,0,0,1,0.20000567928359952
0.067,0.34,1,0,0,0,0,1,0.20000510562400944
0.067,0.35000000000000003,1,0,0,0,0,1,0.19999491320983065
0.067,0.36,1,0,0,0,0,1,0.19999307474135133
0.067,0.37,1,0,0,0,0,1,0.19999331172105145
0.067,0.38,1,0,0,0,0,1,0.19999524805541027
0.067,0.39,1,0,0,0,0,1,0.19999532866911057
0.067,0.4,1,0,0,0,0,1,0.19999559506029813
0.067,0.41000000000000003,1,0,0,0,0,1,0.19999334458142876
0.067,0.42,1,0,0,0,0,1,0.19999405707036172
0.067,0.43,1,0,0,0,0,1,0.19999347450287505
0.067,0.44,1,0,0,0,0,1,0.19999413636598623
0.067,0.45,1,0,0,0,0,1,0.19999331918238714
0.067,0.46,1,0,0,0,0,1,0.19999412979883596
0.067,0.47000000000000003,1,0,0,0,0,1,0.1999957313534939
0.067,0.48,1,0,0,0,0,1,0.19999497861156537
0.067,0.49,1,0,0,0,0,1,0.1999950467761033
0.067,0.5,1,0,0,0,0,1,0.19999526208301158
0.067,0.51,1,0,0,0,0,1,0.199992932554084
0.067,0.52,1,0,0,0,0,1,0.19999499338401755
0.067,0.53,1,0,0,0,0,1,0.19999613740530767
0.067,0.54,1,0,0,0,0,1,0.1999950242277988
0.067,0.55,1,0,0,0,0,1,0.19999496409471582
0.067,0.56,1,0,0,0,0,1,0.19999478374125287
0.067,0.5700000000000001,1,0,0,0,0,1,0.19999358470689482
0.067,0.58,1,0,0,0,0,1,0.19999586529718696
0.067,0.59,1,0,0,0,0,1,0.19999667467968021
0.067,0.6,1,0,0,0,0,1,0.19999637048527294
0.067,0.61,1,0,0,0,0,1,0.19999571415846293
0.067,0.62,1,0,0,0,0,1,0.19999555004178168
0.067,0.63,1,0,0,0,0,1,0.19999624463733232
0.067,0.64,1,0,0,0,0,1,0.2000053983233777
0.067,0.65,1,0,0,0,0,1,0.19999516973873338
0.067,0.66,1,0,0,0,0,1,0.19999535020053028
0.067,0.67,1,0,0,0,0,1,0.2000042152075005
0.067,0.68,1,0,0,0,0,1,0.20000456720750356
0.067,0.6900000000000001,1,0,0,0,0,1,0.20000473292649804
0.067,0.7000000000000001,1,0,0,0,0,1,0.19999358998843383
0.067,0.71,1,0,0,0,0,1,0.19999568642971194
0.067,0.72,1,0,0,0,0,1,0.19999613627875354
0.067,0.73,1,0,0,0,0,1,0.1999957176571931
0.067,0.74,1,0,0,0,0,1,0.1999948523054125
0.067,0.75,1,0,0,0,0,1,0.19999632852890875
0.067,0.76,1,0,0,0,0,1,0.1999930706826292
0.067,0.77,1,0,0,0,0,1,0.19999569271487172
0.067,0.78,1,0,0,0,0,1,0.19999426846695784
0.067,0.79,3,0,0,0,1,1,0.20000437381246902
0.068,0.0,1,0,0,0,0,1,0.20000697034677195
0.068,0.01,1,0,0,0,0,1,0.20000790127405452
0.068,0.02,1,0,0,0,0,1,0.20000532384604694
0.068,0.03,1,0,0,0,0,1,0.20000461192566346
0.068,0.04,1,0,0,0,0,1,0.2000046980251184
0.068,0.05,1,0,0,0,0,1,0.20000555991085545
0.068,0.06,1,0,0,0,0,1,0.2000061983303481
0.068,0.07,1,0,0,0,0,1,0.20000554089917377
0.068,0.08,1,0,0,0,0,1,0.20000771840584003
0.068,0.09,1,0,0,0,0,1,0.20000494409004768
0.068,0.1,1,0,0,0,0,1,0.2000055108161509
0.068,0.11,1,0,0,0,0,1,0.20000676952927743
0.068,0.12,1,0,0,0,0,1,0.20000561949604054
0.068,0.13,1,0,0,0,0,1,0.200004845916536
0.068,0.14,1,0,0,0,0,1,0.20000296003318047
0.068,0.15,1,0,0,0,0,1,0.2000044908348574
0.068,0.16,1,0,0,0,0,1,0.20000501120850936
0.068,0.17,1,0,0,0,0,1,0.2000049933590083
0.068,0.18,1,0,0,0,0,1,0.2000054412799722
0.068,0.19,1,0,0,0,0,1,0.20000460742784884
0.068,0.2,1,0,0,0,0,1,0.20000486366975337
0.068,0.21,1,0,0,0,0,1,0.2000042823103019
0.068,0.22,1,0,0,0,0,1,0.20000458037015986
0.068,0.23,1,0,0,0,0,1,0.20000433519426805
0.068,0.24,1,0,0,0,0,1,0.20000562448868686
0.068,0.25,1,0,0,0,0,1,0.2000063116161566
0.068,0.26,1,0,0,0,0,1,0.20000606342117191
0.068,0.27,1,0,0,0,0,1,0.20000554468709683
0.068,0.28,1,0,0,0,0,1,0.20000564868141937
0.068,0.29,1,0,0,0,0,1,0.20000534668828285
0.068,0.3,1,0,0,0,0,1,0.200005136719138
0.068,0.31,1,0,0,0,0,1,0.20000483511747644
0.068,0.32,1,0,0,0,0,1,0.200005331958394
0.068,0.33,1,0,0,0,0,1,0.2000046533830583
0.068,0.34,1,0,0,0,0,1,0.19999608074298914
0.068,0.35000000000000003,1,0,0,0,0,1,0.19999574186057675
0.068,0.36,1,0,0,0,0,1,0.19999522453013482
0.068,0.37,1,0,0,0,0,1,0.19999543171934384
0.068,0.38,1,0,0,0,0,1,0.19999603828353962
0.068,0.39,1,0,0,0,0,1,0.19999675094467495
0.068,0.4,1,0,0,0,0,1,0.19999675573340414
0.068,0.41000000000000003,1,0,0,0,0,1,0.19999528834929123
0.068,0.42,1,0,0,0,0,1,0.19999627189228453
0.068,0.43,1,0,0,0,0,1,0.19999543185939084
0.068,0.44,1,0,0,0,0,1,0.19999522777002068
0.068,0.45,1,0,0,0,0,1,0.1999958865620595
0.068,0.46,1,0,0,0,0,1,0.1999953636769738
0.068,0.47000000000000003,1,0,0,0,0,1,0.1999948709671462
0.068,0.48,1,0,0,0,0,1,0.19999490143040274
0.068,0.49,1,0,0,0,0,1,0.1999942322528448
0.068,0.5,1,0,0,0,0,1,0.19999585496599076
0.068,0.51,1,0,0,0,0,1,0.19999576517789583
0.068,0.52,1,0,0,0,0,1,0.19999517540233128
0.068,0.53,1,0,0,0,0,1,0.1999963701544404
0.068,0.54,1,0,0,0,0,1,0.19999590094212874
0.068,0.55,1,0,0,0,0,1,0.19999686869249453
0.068,0.56,1,0,0,0,0,1,0.19999573007992708
0.068,0.5700000000000001,1,0,0,0,0,1,0.19999482391216242
0.068,0.58,1,0,0,0,0,1,0.19999499323923398
0.068,0.59,1,0,0,0,0,1,0.19999564785620239
0.068,0.6,1,0,0,0,0,1,0.19999497469804778
0.068,0.61,1,0,0,0,0,1,0.19999444553750068
0.068,0.62,1,0,0,0,0,1,0.19999588650958566
0.068,0.63,1,0,0,0,0,1,0.19999505945928203
0.068,0.64,1,0,0,0,0,1,0.19999535226625098
0.068,0.65,1,0,0,0,0,1,0.1999930633216721
0.068,0.66,1,0,0,0,0,1,0.19999541666756965
0.068,0.67,1,0,0,0,0,1,0.19999727520425026
0.068,0.68,1,0,0,0,0,1,0.1999954732056498
0.068,0.6900000000000001,1,0,0,0,0,1,0.2000045057385618
0.068,0.7000000000000001,1,0,0,0,0,1,0.19999518273440275
0.068,0.71,1,0,0,0,0,1,0.19999499686163255
0.068,0.72,1,0,0,0,0,1,0.19999564671163916
0.068,0.73,1,0,0,0,0,1,0.19999598497401297
0.068,0.74,1,0,0,0,0,1,0.19999504589387634
0.068,0.75,1,0,0,0,0,1,0.19999444070983063
0.068,0.76,1,0,0,0,0,1,0.19999619943134994
0.068,0.77,1,0,0,0,0,1,0.19999680349864524
0.068,0.78,1,0,0,0,0,1,0.19999351614571514
0.068,0.79,3,0,0,0,1,1,0.20000432713944355
0.069,0.0,1,0,0,0,0,1,0.20000556886298146
0.069,0.01,1,0,0,0,0,1,0.20000623635598952
0.069,0.02,1,0,0,0,0,1,0.2000051145278549
0.069,0.03,1,0,0,0,0,1,0.2000057596092779
0.069,0.04,1,0,0,0,0,1,0.20000503479618434
0.069,0.05,1,0,0,0,0,1,0.20000563993852746
0.069,0.06,1,0,0,0,0,1,0.20000657509845868
0.069,0.07,1,0,0,0,0,1,0.20000513039129242
0.069,0.08,1,0,0,0,0,1,0.20000672888821613
0.069,0.09,1,0,0,0,0,1,0.20000336475542593
0.069,0.1,1,0,0,0,0,1,0.20000501284936661
0.069,0.11,1,0,0,0,0,1,0.20000786039769727
0.069,0.12,1,0,0,0,0,1,0.20000377080428366
0.069,0.13,1,0,0,0,0,1,0.2000077354572625
0.069,0.14,1,0,0,0,0,1,0.20000436413324993
0.069,0.15,1,0,0,0,0,1,0.20000490308818902
0.069,0.16,1,0,0,0,0,1,0.20000522368672302
0.069,0.17,1,0,0,0,0,1,0.2000056963521175
0.069,0.18,1,0,0,0,0,1,0.2000052785046485
0.069,0.19,1,0,0,0,0,1,0.20000490665792492
0.069,0.2,1,0,0,0,0,1,0.20000505357203646
0.069,0.21,1,0,0,0,0,1,0.20000501748488508
0.069,0.22,1,0,0,0,0,1,0.20000554247432228
0.069,0.23,1,0,0,0,0,1,0.2000050745187752
0.069,0.24,1,0,0,0,0,1,0.20000473376022648
0.069,0.25,1,0,0,0,0,1,0.20000702272914678
0.069,0.26,1,0,0,0,0,1,0.20000669974388235
0.069,0.27,1,0,0,0,0,1,0.20000542389605586
0.069,0.28,1,0,0,0,0,1,0.20000546932403584
0.069,0.29,1,0,0,0,0,1,0.20000658518022524
0.069,0.3,1,0,0,0,0,1,0.20000520454943263
0.069,0.31,1,0,0,0,0,1,0.20000488920082005
0.069,0.32,1,0,0,0,0,1,0.20000553462602433
0.069,0.33,1,0,0,0,0,1,0.20000452116305564
0.069,0.34,1,0,0,0,0,1,0.19999597276974151
0.069,0.35000000000000003,1,0,0,0,0,1,0.19999497025143181
0.069,0.36,1,0,0,0,0,1,0.19999553694109604
0.069,0.37,1,0,0,0,0,1,0.1999948450427373
0.069,0.38,1,0,0,0,0,1,0.19999618828331958
0.069,0.39,1,0,0,0,0,1,0.1999959252528231
0.069,0.4,1,0,0,0,0,1,0.19999603039550712
0.069,0.41000000000000003,1,0,0,0,0,1,0.1999957875257692
0.069,0.42,1,0,0,0,0,1,0.19999512919702045
0.069,0.43,1,0,0,0,0,1,0.19999630277233105
0.069,0.44,1,0,0,0,0,1,0.1999957396522628
0.069,0.45,1,0,0,0,0,1,0.19999489143090746
0.069,0.46,1,0,0,0,0,1,0.1999959322711658
0.069,0.47000000000000003,1,0,0,0,0,1,0.19999375828738444
0.069,0.48,1,0,0,0,0,1,0.1999936433795625
0.069,0.49,1,0,0,0,0,1,0.19999486214974635
0.069,0.5,1,0,0,0,0,1,0.19999317805109715
0.069,0.51,1,0,0,0,0,1,0.19999517729875632
0.069,0.52,1,0,0,0,0,1,0.19999593231050147
0.069,0.53,1,0,0,0,0,1,0.19999524200252006
0.069,0.54,1,0,0,0,0,1,0.19999586233138916
0.069,0.55,1,0,0,0,0,1,0.19999432688366417
0.069,0.56,1,0,0,0,0,1,0.19999579926623884
0.069,0.5700000000000001,1,0,0,0,0,1,0.19999387526972656
0.069,0.58,1,0,0,0,0,1,0.1999967080130436
0.069,0.59,1,0,0,0,0,1,0.19999584381546168
0.069,0.6,1,0,0,0,0,1,0.19999532048934537
0.069,0.61,1,0,0,0,0,1,0.1999947914196327
0.069,0.62,1,0,0,0,0,1,0.20000487290569938
0.069,0.63,1,0,0,0,0,1,0.20000495661348622
0.069,0.64,1,0,0,0,0,1,0.19999373733780004
0.069,0.65,1,0,0,0,0,1,0.19999499801269122
0.069,0.66,1,0,0,0,0,1,0.19999592913569
0.069,0.67,1,0,0,0,0,1,0.19999510157262135
0.069,0.68,1,0,0,0,0,1,0.19999487071997024
0.069,0.6900000000000001,1,0,0,0,0,1,0.1999954037879614
0.069,0.7000000000000001,1,0,0,0,0,1,0.20000568234618618
0.069,0.71,1,0,0,0,0,1,0.19999507961968238
0.069,0.72,1,0,0,0,0,1,0.1999961678877287
0.069,0.73,1,0,0,0,0,1,0.19999270520402387
0.069,0.74,1,0,0,0,0,1,0.19999325654259897
0.069,0.75,1,0,0,0,0,1,0.19999523420494225
0.069,0.76,1,0,0,0,0,1,0.19999516932455072
0.069,0.77,1,0,0,0,0,1,0.19999476479202358
0.069,0.78,1,0,0,0,0,1,0.19999525823632572
0.069,0.79,3,0,0,0,1,1,0.20000428323791708
0.07,0.0,1,0,0,0,0,1,0.20000555233833583
0.07,0.01,1,0,0,0,0,1,0.20000694407527397
0.07,0.02,1,0,0,0,0,1,0.20000652299030897
0.07,0.03,1,0,0,0,0,1,0.2000058084433288
0.07,0.04,1,0,0,0,0,1,0.20000372796381813
0.07,0.05,1,0,0,0,0,1,0.2000053961845046
0.07,0.06,1,0,0,0,0,1,0.20000791876968887
0.07,0.07,1,0,0,0,0,1,0.2000033883332645
0.07,0.08,1,0,0,0,0,1,0.20000321599400703
0.07,0.09,1,0,0,0,0,1,0.2000048423638134
0.07,0.1,1,0,0,0,0,1,0.20000325878456546
0.07,0.11,1,0,0,0,0,1,0.20000553940245072
0.07,0.12,1,0,0,0,0,1,0.20000499426729598
0.07,0.13,1,0,0,0,0,1,0.20000441195151644
0.07,0.14,1,0,0,0,0,1,0.2000067204946098
0.07,0.15,1,0,0,0,0,1,0.20000474080134414
0.07,0.16,1,0,0,0,0,1,0.2000049245717598
0.07,0.17,1,0,0,0,0,1,0.20000497904642534
0.07,0.18,1,0,0,0,0,1,0.20000404450554526
0.07,0.19,1,0,0,0,0,1,0.20000631098748214
0.07,0.2,1,0,0,0,0,1,0.2000047795701454
0.07,0.21,1,0,0,0,0,1,0.20000474260175816
0.07,0.22,1,0,0,0,0,1,0.2000067349316752
0.07,0.23,1,0,0,0,0,1,0.20000469741791257
0.07,0.24,1,0,0,0,0,1,0.20000452777285826
0.07,0.25,1,0,0,0,0,1,0.20000505347135958
0.07,0.26,1,0,0,0,0,1,0.20000737814601588
0.07,0.27,1,0,0,0,0,1,0.20000604045586948
0.07,0.28,1,0,0,0,0,1,0.20000623910694307
0.07,0.29,1,0,0,0,0,1,0.2000053900471268
0.07,0.3,1,0,0,0,0,1,0.20000518628514527
0.07,0.31,1,0,0,0,0,1,0.2000046687599026
0.07,0.32,1,0,0,0,0,1,0.2000078164229593
0.07,0.33,1,0,0,0,0,1,0.20000747561505683
0.07,0.34,1,0,0,0,0,1,0.19999380939707462
0.07,0.35000000000000003,1,0,0,0,0,1,0.1999952036456516
0.07,0.36,1,0,0,0,0,1,0.19999663516120542
0.07,0.37,1,0,0,0,0,1,0.19999405562760675
0.07,0.38,1,0,0,0,0,1,0.1999943760696324
0.07,0.39,1,0,0,0,0,1,0.19999635985317868
0.07,0.4,1,0,0,0,0,1,0.19999725438251353
0.07,0.41000000000000003,1,0,0,0,0,1,0.19999704036811458
0.07,0.42,1,0,0,0,0,1,0.19999371095713261
0.07,0.43,1,0,0,0,0,1,0.19999648650661847
0.07,0.44,1,0,0,0,0,1,0.19999540286064285
0.07,0.45,1,0,0,0,0,1,0.1999930271204179
0.07,0.46,1,0,0,0,0,1,0.19999436493358314
0.07,0.47000000000000003,1,0,0,0,0,1,0.19999400715023424
0.07,0.48,1,0,0,0,0,1,0.19999487084210021
0.07,0.49,1,0,0,0,0,1,0.19999509800153806
0.07,0.5,1,0,0,0,0,1,0.19999436335569382
0.07,0.51,1,0,0,0,0,1,0.19999443587320553
0.07,0.52,1,0,0,0,0,1,0.19999487500208554
0.07,0.53,1,0,0,0,0,1,0.1999950217701196
0.07,0.54,1,0,0,0,0,1,0.19999434538184996
0.07,0.55,1,0,0,0,0,1,0.199996148458849
0.07,0.56,1,0,0,0,0,1,0.1999948957753203
0.07,0.5700000000000001,1,0,0,0,0,1,0.19999603958767098
0.07,0.58,1,0,0,0,0,1,0.19999617959877933
0.07,0.59,1,0,0,0,0,1,0.19999537303656326
0.07,0.6,1,0,0,0,0,1,0.19999690793689953
0.07,0.61,1,0,0,0,0,1,0.19999618996597077
0.07,0.62,1,0,0,0,0,1,0.19999413489623538
0.07,0.63,1,0,0,0,0,1,0.19999582899260937
0.07,0.64,1,0,0,0,0,1,0.20000608855328755
0.07,0.65,1,0,0,0,0,1,0.19999601029204905
0.07,0.66,1,0,0,0,0,1,0.19999685533816214
0.07,0.67,1,0,0,0,0,1,0.20000645318271715
0.07,0.68,1,0,0,0,0,1,0.20000465495606978
0.07,0.6900000000000001,1,0,0,0,0,1,0.2000050536536822
0.07,0.7000000000000001,1,0,0,0,0,1,0.19999601256341554
0.07,0.71,1,0,0,0,0,1,0.19999559486480734
0.07,0.72,1,0,0,0,0,1,0.19999628611413856
0.07,0.73,1,0,0,0,0,1,0.19999664317616353
0.07,0.74,1,0,0,0,0,1,0.19999620136297933
0.07,0.75,1,0,0,0,0,1,0.19999568535352777
0.07,0.76,1,0,0,0,0,1,0.1999952533192788
0.07,0.77,1,0,0,0,0,1,0.1999941704927883
0.07,0.78,1,0,0,0,0,1,0.19999487723510503
0.07,0.79,3,0,0,0,1,1,0.200004241855775
0.07100000000000001,0.0,1,0,0,0,0,1,0.20000748914050417
0.07100000000000001,0.01,1,0,0,0,0,1,0.20000666171876172
0.07100000000000001,0.02,1,0,0,0,0,1,0.20000649128173195
0.07100000000000001,0.03,1,0,0,0,0,1,0.20000539361217248
0.07100000000000001,0.04,1,0,0,0,0,1,0.20000504926561324
0.07100000000000001,0.05,1,0,0,0,0,1,0.2000047277222762
0.07100000000000001,0.06,1,0,0,0,0,1,0.20000644761323882
0.07100000000000001,0.07,1,0,0,0,0,1,0.20000578448983328
0.07100000000000001,0.08,1,0,0,0,0,1,0.2000048487791532
0.07100000000000001,0.09,1,0,0,0,0,1,0.20000460733210812
0.07100000000000001,0.1,1,0,0,0,0,1,0.2000033617383603
0.07100000000000001,0.11,1,0,0,0,0,1,0.20000636752321815
0.07100000000000001,0.12,1,0,0,0,0,1,0.2000067187880954
0.07100000000000001,0.13,1,0,0,0,0,1,0.20000318527110936
0.07100000000000001,0.14,1,0,0,0,0,1,0.2000066650089884
0.07100000000000001,0.15,1,0,0,0,0,1,0.20000458043438069
0.07100000000000001,0.16,1,0,0,0,0,1,0.20000479061909532
0.07100000000000001,0.17,1,0,0,0,0,1,0.20000556831014435
0.07100000000000001,0.18,1,0,0,0,0,1,0.20000531990660633
0.07100000000000001,0.19,1,0,0,0,0,1,0.20000534934465306
0.07100000000000001,0.2,1,0,0,0,0,1,0.2000050792443613
0.07100000000000001,0.21,1,0,0,0,0,1,0.2000048625480926
0.07100000000000001,0.22,1,0,0,0,0,1,0.20000448807959992
0.07100000000000001,0.23,1,0,0,0,0,1,0.20000490346481276
0.07100000000000001,0.24,1,0,0,0,0,1,0.20000433138953055
0.07100000000000001,0.25,1,0,0,0,0,1,0.20000534765801853
0.07100000000000001,0.26,1,0,0,0,0,1,0.20000607731797154
0.07100000000000001,0.27,1,0,0,0,0,1,0.2000060215106871
0.07100000000000001,0.28,1,0,0,0,0,1,0.2000065184266339
0.07100000000000001,0.29,1,0,0,0,0,1,0.2000070402284538
0.07100000000000001,0.3,1,0,0,0,0,1,0.20000481181107088
0.07100000000000001,0.31,1,0,0,0,0,1,0.2000046206357337
0.07100000000000001,0.32,1,0,0,0,0,1,0.2000061308220069
0.07100000000000001,0.33,1,0,0,0,0,1,0.2000051088882556
0.07100000000000001,0.34,1,0,0,0,0,1,0.19999346175035948
0.07100000000000001,0.35000000000000003,1,0,0,0,0,1,0.1999950095692313
0.07100000000000001,0.36,1,0,0,0,0,1,0.19999478439327587
0.07100000000000001,0.37,1,0,0,0,0,1,0.19999601286393462
0.07100000000000001,0.38,1,0,0,0,0,1,0.19999669105837165
0.07100000000000001,0.39,1,0,0,0,0,1,0.19999347115371607
0.07100000000000001,0.4,1,0,0,0,0,1,0.19999675290683175
0.07100000000000001,0.41000000000000003,1,0,0,0,0,1,0.19999731124108158
0.07100000000000001,0.42,1,0,0,0,0,1,0.19999513277486985
0.07100000000000001,0.43,1,0,0,0,0,1,0.19999677624529552
0.07100000000000001,0.44,1,0,0,0,0,1,0.19999463250238356
0.07100000000000001,0.45,1,0,0,0,0,1,0.19999524777612593
0.07100000000000001,0.46,1,0,0,0,0,1,0.19999523376287348
0.07100000000000001,0.47000000000000003,1,0,0,0,0,1,0.19999545037159763
0.07100000000000001,0.48,1,0,0,0,0,1,0.19999432058437006
0.07100000000000001,0.49,1,0,0,0,0,1,0.1999937201096027
0.07100000000000001,0.5,1,0,0,0,0,1,0.19999647225701608
0.07100000000000001,0.51,1,0,0,0,0,1,0.19999541464089302
0.07100000000000001,0.52,1,0,0,0,0,1,0.19999613959054957
0.07100000000000001,0.53,1,0,0,0,0,1,0.1999938168180918
0.07100000000000001,0.54,1,0,0,0,0,1,0.1999962193681184
0.07100000000000001,0.55,1,0,0,0,0,1,0.19999526667085865
0.07100000000000001,0.56,1,0,0,0,0,1,0.1999942546585787
0.07100000000000001,0.5700000000000001,1,0,0,0,0,1,0.19999382223939602
0.07100000000000001,0.58,1,0,0,0,0,1,0.19999494859554234
0.07100000000000001,0.59,1,0,0,0,0,1,0.19999487603727947
0.07100000000000001,0.6,1,0,0,0,0,1,0.1999945995535025
0.07100000000000001,0.61,1,0,0,0,0,1,0.19999586196018113
0.07100000000000001,0.62,1,0,0,0,0,1,0.1999955692112921
0.07100000000000001,0.63,1,0,0,0,0,1,0.19999574029938616
0.07100000000000001,0.64,1,0,0,0,0,1,0.19999527994921384
0.07100000000000001,0.65,1,0,0,0,0,1,0.20000627885939082
0.07100000000000001,0.66,1,0,0,0,0,1,0.2000063898364831
0.07100000000000001,0.67,1,0,0,0,0,1,0.19999451068286142
0.07100000000000001,0.68,1,0,0,0,0,1,0.1999973359110454
0.07100000000000001,0.6900000000000001,1,0,0,0,0,1,0.20000493178671097
0.07100000000000001,0.7000000000000001,1,0,0,0,0,1,0.19999587207823388
0.07100000000000001,0.71,1,0,0,0,0,1,0.1999950737185474
0.07100000000000001,0.72,1,0,0,0,0,1,0.199996572389217
0.07100000000000001,0.73,1,0,0,0,0,1,0.19999550816209327
0.07100000000000001,0.74,1,0,0,0,0,1,0.19999518336952657
0.07100000000000001,0.75,1,0,0,0,0,1,0.19999553155548638
0.07100000000000001,0.76,1,0,0,0,0,1,0.19999622705989642
0.07100000000000001,0.77,1,0,0,0,0,1,0.19999566456941592
0.07100000000000001,0.78,1,0,0,0,0,1,0.19999558317570304
0.07100000000000001,0.79,3,0,0,0,1,1,0.2000042027711947
0.07200000000000001,0.0,1,0,0,0,0,1,0.20000693530727057
0.07200000000000001,0.01,1,0,0,0,0,1,0.20000554716339805
0.07200000000000001,0.02,1,0,0,0,0,1,0.20000483968172872
0.07200000000000001,0.03,1,0,0,0,0,1,0.2000066976562849
0.07200000000000001,0.04,1,0,0,0,0,1,0.20000593795393998
0.07200000000000001,0.05,1,0,0,0,0,1,0.2000049506901624
0.07200000000000001,0.06,1,0,0,0,0,1,0.20000523688439306
0.07200000000000001,0.07,1,0,0,0,0,1,0.20000634229112818
0.07200000000000001,0.08,1,0,0,0,0,1,0.20000323755256685
0.07200000000000001,0.09,1,0,0,0,0,1,0.2000069937818583
0.07200000000000001,0.1,1,0,0,0,0,1,0.20000453471599622
0.07200000000000001,0.11,1,0,0,0,0,1,0.20000553624621
0.07200000000000001,0.12,1,0,0,0,0,1,0.20000621937712834
0.07200000000000001,0.13,1,0,0,0,0,1,0.20000358955021658
0.07200000000000001,0.14,1,0,0,0,0,1,0.20000454582298463
0.07200000000000001,0.15,1,0,0,0,0,1,0.20000436884414965
0.07200000000000001,0.16,1,0,0,0,0,1,0.2000044905396005
0.07200000000000001,0.17,1,0,0,0,0,1,0.20000472329477453
0.07200000000000001,0.18,1,0,0,0,0,1,0.2000045703807165
0.07200000000000001,0.19,1,0,0,0,0,1,0.20000516210401192
0.07200000000000001,0.2,1,0,0,0,0,1,0.20000498618325732
0.07200000000000001,0.21,1,0,0,0,0,1,0.20000502200320738
0.07200000000000001,0.22,1,0,0,0,0,1,0.20000500058681597
0.07200000000000001,0.23,1,0,0,0,0,1,0.20000549481599236
0.07200000000000001,0.24,1,0,0,0,0,1,0.20000504154635743
0.07200000000000001,0.25,1,0,0,0,0,1,0.20000559877515103
0.07200000000000001,0.26,1,0,0,0,0,1,0.2000048933413516
0.07200000000000001,0.27,1,0,0,0,0,1,0.20000656693432967
0.07200000000000001,0.28,1,0,0,0,0,1,0.20000502447264354
0.07200000000000001,0.29,1,0,0,0,0,1,0.20000546597673124
0.07200000000000001,0.3,1,0,0,0,0,1,0.20000549377346688
0.07200000000000001,0.31,1,0,0,0,0,1,0.20000492645644372
0.07200000000000001,0.32,1,0,0,0,0,1,0.20000520034479952
0.07200000000000001,0.33,1,0,0,0,0,1,0.20000391349213828
0.07200000000000001,0.34,1,0,0,0,0,1,0.19999579368498993
0.07200000000000001,0.35000000000000003,1,0,0,0,0,1,0.19999307243802408
0.07200000000000001,0.36,1,0,0,0,0,1,0.19999688244983604
0.07200000000000001,0.37,1,0,0,0,0,1,0.19999452061796308
0.07200000000000001,0.38,1,0,0,0,0,1,0.19999520388422867
0.07200000000000001,0.39,1,0,0,0,0,1,0.19999584311925583
0.07200000000000001,0.4,1,0,0,0,0,1,0.19999490768614622
0.07200000000000001,0.41000000000000003,1,0,0,0,0,1,0.1999951943042795
0.07200000000000001,0.42,1,0,0,0,0,1,0.19999611310459428
0.07200000000000001,0.43,1,0,0,0,0,1,0.1999937738454611
0.07200000000000001,0.44,1,0,0,0,0,1,0.19999601696458214
0.07200000000000001,0.45,1,0,0,0,0,1,0.19999355109913253
0.07200000000000001,0.46,1,0,0,0,0,1,0.199995156101211
0.07200000000000001,0.47000000000000003,1,0,0,0,0,1,0.19999466638513186
0.07200000000000001,0.48,1,0,0,0,0,1,0.1999934623210012
0.07200000000000001,0.49,1,0,0,0,0,1,0.19999533629188462
0.07200000000000001,0.5,1,0,0,0,0,1,0.19999401030358113
0.07200000000000001,0.51,1,0,0,0,0,1,0.19999517606196496
0.07200000000000001,0.52,1,0,0,0,0,1,0.19999524626000356
0.07200000000000001,0.53,1,0,0,0,0,1,0.19999563425997077
0.07200000000000001,0.54,1,0,0,0,0,1,0.19999620964906686
0.07200000000000001,0.55,1,0,0,0,0,1,0.1999968507202179
0.07200000000000001,0.56,1,0,0,0,0,1,0.1999950861290441
0.07200000000000001,0.5700000000000001,1,0,0,0,0,1,0.19999567445876204
0.07200000000000001,0.58,1,0,0,0,0,1,0.19999328022557428
0.07200000000000001,0.59,1,0,0,0,0,1,0.19999652480245242
0.07200000000000001,0.6,1,0,0,0,0,1,0.19999607244498446
0.07200000000000001,0.61,1,0,0,0,0,1,0.19999583459500458
0.07200000000000001,0.62,1,0,0,0,0,1,0.19999536712660956
0.07200000000000001,0.63,1,0,0,0,0,1,0.1999948437288666
0.07200000000000001,0.64,1,0,0,0,0,1,0.19999577350367606
0.07200000000000001,0.65,1,0,0,0,0,1,0.19999485244340245
0.07200000000000001,0.66,1,0,0,0,0,1,0.2000052505939409
0.07200000000000001,0.67,1,0,0,0,0,1,0.1999958595734746
0.07200000000000001,0.68,1,0,0,0,0,1,0.20000524343927104
0.07200000000000001,0.6900000000000001,1,0,0,0,0,1,0.1999957722482496
0.07200000000000001,0.7000000000000001,1,0,0,0,0,1,0.20000340290258728
0.07200000000000001,0.71,1,0,0,0,0,1,0.19999527254680508
0.07200000000000001,0.72,1,0,0,0,0,1,0.19999544430357039
0.07200000000000001,0.73,1,0,0,0,0,1,0.19999498572946883
0.07200000000000001,0.74,1,0,0,0,0,1,0.1999951019941401
0.07200000000000001,0.75,1,0,0,0,0,1,0.19999602452062917
0.07200000000000001,0.76,1,0,0,0,0,1,0.19999312312587522
0.07200000000000001,0.77,1,0,0,0,0,1,0.19999502653142315
0.07200000000000001,0.78,1,0,0,0,0,1,0.19999339548950235
0.07200000000000001,0.79,3,0,0,0,1,1,0.2000041657890353
0.073,0.0,1,0,0,0,0,1,0.2000068380321367
0.073,0.01,1,0,0,0,0,1,0.20000552659705836
0.073,0.02,1,0,0,0,0,1,0.20000553460152679
0.073,0.03,1,0,0,0,0,1,0.20000518454272412
0.073,0.04,1,0,0,0,0,1,0.20000615997951496
0.073,0.05,1,0,0,0,0,1,0.2000050971692832
0.073,0.06,1,0,0,0,0,1,0.20000542303397056
0.073,0.07,1,0,0,0,0,1,0.20000661194966668
0.073,0.08,1,0,0,0,0,1,0.20000355978787257
0.073,0.09,1,0,0,0,0,1,0.20000341713256736
0.073,0.1,1,0,0,0,0,1,0.20000469899712042
0.073,0.11,1,0,0,0,0,1,0.20000468735254215
0.073,0.12,1,0,0,0,0,1,0.20000786521871805
0.073,0.13,1,0,0,0,0,1,0.20000485764671191
0.073,0.14,1,0,0,0,0,1,0.2000061258093439
0.073,0.15,1,0,0,0,0,1,0.2000063521309049
0.073,0.16,1,0,0,0,0,1,0.20000472940505398
0.073,0.17,1,0,0,0,0,1,0.20000774481386147
0.073,0.18,1,0,0,0,0,1,0.20000600068995453
0.073,0.19,1,0,0,0,0,1,0.20000519784053308
0.073,0.2,1,0,0,0,0,1,0.20000649986162394
0.073,0.21,1,0,0,0,0,1,0.20000480227691597
0.073,0.22,1,0,0,0,0,1,0.20000442311198513
0.073,0.23,1,0,0,0,0,1,0.2000054513185712
0.073,0.24,1,0,0,0,0,1,0.2000047574900807
0.073,0.25,1,0,0,0,0,1,0.20000523681595556
0.073,0.26,1,0,0,0,0,1,0.20000463573921476
0.073,0.27,1,0,0,0,0,1,0.20000715229436203
0.073,0.28,1,0,0,0,0,1,0.20000598128424213
0.073,0.29,1,0,0,0,0,1,0.2000064628183188
0.073,0.3,1,0,0,0,0,1,0.20000524593640667
0.073,0.31,1,0,0,0,0,1,0.20000473484054798
0.073,0.32,1,0,0,0,0,1,0.20000637094886958
0.073,0.33,1,0,0,0,0,1,0.20000351724423135
0.073,0.34,1,0,0,0,0,1,0.19999494175106336
0.073,0.35000000000000003,1,0,0,0,0,1,0.19999403053685447
0.073,0.36,1,0,0,0,0,1,0.19999610514106816
0.073,0.37,1,0,0,0,0,1,0.19999616774126402
0.073,0.38,1,0,0,0,0,1,0.19999569626661973
0.073,0.39,1,0,0,0,0,1,0.19999521960535052
0.073,0.4,1,0,0,0,0,1,0.19999487674909952
0.073,0.41000000000000003,1,0,0,0,0,1,0.1999969215414856
0.073,0.42,1,0,0,0,0,1,0.19999438869198322
0.073,0.43,1,0,0,0,0,1,0.19999399589160102
0.073,0.44,1,0,0,0,0,1,0.1999937552659476
0.073,0.45,1,0,0,0,0,1,0.19999564009632648
0.073,0.46,1,0,0,0,0,1,0.1999931684435789
0.073,0.47000000000000003,1,0,0,0,0,1,0.19999605937029752
0.073,0.48,1,0,0,0,0,1,0.19999502591727747
0.073,0.49,1,0,0,0,0,1,0.1999933631052669
0.073,0.5,1,0,0,0,0,1,0.19999543299641664
0.073,0.51,1,0,0,0,0,1,0.19999348743120277
0.073,0.52,1,0,0,0,0,1,0.19999323768698352
0.073,0.53,1,0,0,0,0,1,0.19999506162812938
0.073,0.54,1,0,0,0,0,1,0.1999960299879499
0.073,0.55,1,0,0,0,0,1,0.1999968692523098
0.073,0.56,1,0,0,0,0,1,0.1999958155033947
0.073,0.5700000000000001,1,0,0,0,0,1,0.19999320474177643
0.073,0.58,1,0,0,0,0,1,0.1999950746064358
0.073,0.59,1,0,0,0,0,1,0.19999609490509798
0.073,0.6,1,0,0,0,0,1,0.19999485253196558
0.073,0.61,1,0,0,0,0,1,0.19999337177226267
0.073,0.62,1,0,0,0,0,1,0.2000052877465249
0.073,0.63,1,0,0,0,0,1,0.20000534756426536
0.073,0.64,1,0,0,0,0,1,0.1999955189180662
0.073,0.65,1,0,0,0,0,1,0.19999482983020322
0.073,0.66,1,0,0,0,0,1,0.19999545726942944
0.073,0.67,1,0,0,0,0,1,0.20000479678348498
0.073,0.68,1,0,0,0,0,1,0.2000041510915838
0.073,0.6900000000000001,1,0,0,0,0,1,0.20000732448652322
0.073,0.7000000000000001,1,0,0,0,0,1,0.19999558145316074
0.073,0.71,1,0,0,0,0,1,0.19999621642763
0.073,0.72,1,0,0,0,0,1,0.19999620896568615
0.073,0.73,1,0,0,0,0,1,0.19999593331856272
0.073,0.74,1,0,0,0,0,1,0.1999960769318176
0.073,0.75,1,0,0,0,0,1,0.19999522105999437
0.073,0.76,1,0,0,0,0,1,0.19999633892663987
0.073,0.77,1,0,0,0,0,1,0.19999536351280026
0.073,0.78,1,0,0,0,0,1,0.1999937084803461
0.073,0.79,3,0,0,0,1,1,0.20000413073615037
0.074,0.0,1,0,0,0,0,1,0.20000673238266886
0.074,0.01,1,0,0,0,0,1,0.20000682826412686
0.074,0.02,1,0,0,0,0,1,0.20000557491162066
0.074,0.03,1,0,0,0,0,1,0.2000064583108542
0.074,0.04,1,0,0,0,0,1,0.2000066602478917
0.074,0.05,1,0,0,0,0,1,0.20000497120646532
0.074,0.06,1,0,0,0,0,1,0.2000057461096458
0.074,0.07,1,0,0,0,0,1,0.2000068128157575
0.074,0.08,1,0,0,0,0,1,0.20000459705443366
0.074,0.09,1,0,0,0,0,1,0.20000557750298745
0.074,0.1,1,0,0,0,0,1,0.2000044922795506
0.074,0.11,1,0,0,0,0,1,0.20000512430587528
0.074,0.12,1,0,0,0,0,1,0.20000554606044033
0.074,0.13,1,0,0,0,0,1,0.2000066550049641
0.074,0.14,1,0,0,0,0,1,0.20000437929652712
0.074,0.15,1,0,0,0,0,1,0.20000750450314597
0.074,0.16,1,0,0,0,0,1,0.2000045383879209
0.074,0.17,1,0,0,0,0,1,0.20000727329827084
0.074,0.18,1,0,0,0,0,1,0.20000692515100776
0.074,0.19,1,0,0,0,0,1,0.20000401785958483
0.074,0.2,1,0,0,0,0,1,0.2000053270750617
0.074,0.21,1,0,0,0,0,1,0.20000673635653518
0.074,0.22,1,0,0,0,0,1,0.2000054319738625
0.074,0.23,1,0,0,0,0,1,0.2000046686630218
0.074,0.24,1,0,0,0,0,1,0.20000565033559567
0.074,0.25,1,0,0,0,0,1,0.20000441231861096
0.074,0.26,1,0,0,0,0,1,0.2000045625209149
0.074,0.27,1,0,0,0,0,1,0.20000582724021695
0.074,0.28,1,0,0,0,0,1,0.20000596404619367
0.074,0.29,1,0,0,0,0,1,0.20000643259053563
0.074,0.3,1,0,0,0,0,1,0.20000553291056958
0.074,0.31,1,0,0,0,0,1,0.20000619298543715
0.074,0.32,1,0,0,0,0,1,0.20000792768369707
0.074,0.33,1,0,0,0,0,1,0.2000038196151332
0.074,0.34,1,0,0,0,0,1,0.20000498621342677
0.074,0.35000000000000003,1,0,0,0,0,1,0.19999616507585488
0.074,0.36,1,0,0,0,0,1,0.19999422032819344
0.074,0.37,1,0,0,0,0,1,0.199996110622265
0.074,0.38,1,0,0,0,0,1,0.19999542665349498
0.074,0.39,1,0,0,0,0,1,0.19999436222357087
0.074,0.4,1,0,0,0,0,1,0.1999957847149008
0.074,0.41000000000000003,1,0,0,0,0,1,0.1999953202042887
0.074,0.42,1,0,0,0,0,1,0.19999691996636387
0.074,0.43,1,0,0,0,0,1,0.19999531232709328
0.074,0.44,1,0,0,0,0,1,0.1999939860830889
0.074,0.45,1,0,0,0,0,1,0.19999534531545243
0.074,0.46,1,0,0,0,0,1,0.19999642674357232
0.074,0.47000000000000003,1,0,0,0,0,1,0.19999579784587432
0.074,0.48,1,0,0,0,0,1,0.199995318855114
0.074,0.49,1,0,0,0,0,1,0.19999332169632417
0.074,0.5,1,0,0,0,0,1,0.1999954445795625
0.074,0.51,1,0,0,0,0,1,0.19999594567808487
0.074,0.52,1,0,0,0,0,1,0.1999936238191836
0.074,0.53,1,0,0,0,0,1,0.19999545525335927
0.074,0.54,1,0,0,0,0,1,0.19999492941479263
0.074,0.55,1,0,0,0,0,1,0.19999328344497336
0.074,0.56,1,0,0,0,0,1,0.19999635547512318
0.074,0.5700000000000001,1,0,0,0,0,1,0.19999513164815969
0.074,0.58,1,0,0,0,0,1,0.19999718212102702
0.074,0.59,1,0,0,0,0,1,0.19999566392772494
0.074,0.6,1,0,0,0,0,1,0.199995320559376
0.074,0.61,1,0,0,0,0,1,0.19999610148289856
0.074,0.62,1,0,0,0,0,1,0.19999414935030824
0.074,0.63,1,0,0,0,0,1,0.19999686437779493
0.074,0.64,1,0,0,0,0,1,0.1999962228633623
0.074,0.65,1,0,0,0,0,1,0.20000605361670673
0.074,0.66,1,0,0,0,0,1,0.1999949480421887
0.074,0.67,1,0,0,0,0,1,0.19999343208995357
0.074,0.68,1,0,0,0,0,1,0.1999961715836172
0.074,0.6900000000000001,1,0,0,0,0,1,0.20000566962317534
0.074,0.7000000000000001,1,0,0,0,0,1,0.19999478406567928
0.074,0.71,1,0,0,0,0,1,0.19999570821102974
0.074,0.72,1,0,0,0,0,1,0.1999946923827087
0.074,0.73,1,0,0,0,0,1,0.19999513782240838
0.074,0.74,1,0,0,0,0,1,0.19999448908628975
0.074,0.75,1,0,0,0,0,1,0.19999492485097153
0.074,0.76,1,0,0,0,0,1,0.19999491405158934
0.074,0.77,1,0,0,0,0,1,0.199995043903046
0.074,0.78,1,0,0,0,0,1,0.1999951164790767
0.074,0.79,3,0,0,0,1,1,0.20000409745832895
0.075,0.0,1,0,0,0,0,1,0.2000065808268257
0.075,0.01,1,0,0,0,0,1,0.20000678329871552
0.075,0.02,1,0,0,0,0,1,0.20000709594976018
0.075,0.03,1,0,0,0,0,1,0.2000077988644549
0.075,0.04,1,0,0,0,0,1,0.2000053986480971
0.075,0.05,1,0,0,0,0,1,0.2000041756123051
0.075,0.06,1,0,0,0,0,1,0.20000406573138876
0.075,0.07,1,0,0,0,0,1,0.20000762264494848
0.075,0.08,1,0,0,0,0,1,0.2000060028762844
0.075,0.09,1,0,0,0,0,1,0.20000464225932751
0.075,0.1,1,0,0,0,0,1,0.20000651128547375
0.075,0.11,1,0,0,0,0,1,0.20000469231902118
0.075,0.12,1,0,0,0,0,1,0.2000064184352086
0.075,0.13,1,0,0,0,0,1,0.20000610882033829
0.075,0.14,1,0,0,0,0,1,0.20000530907124064
0.075,0.15,1,0,0,0,0,1,0.20000437751903818
0.075,0.16,1,0,0,0,0,1,0.20000314805110778
0.075,0.17,1,0,0,0,0,1,0.20000458399594795
0.075,0.18,1,0,0,0,0,1,0.20000508605782835
0.075,0.19,1,0,0,0,0,1,0.2000046280221306
0.075,0.2,1,0,0,0,0,1,0.20000513838329256
0.075,0.21,1,0,0,0,0,1,0.20000679835652554
0.075,0.22,1,0,0,0,0,1,0.20000512165620957
0.075,0.23,1,0,0,0,0,1,0.2000049369445755
0.075,0.24,1,0,0,0,0,1,0.20000558461235152
0.075,0.25,1,0,0,0,0,1,0.20000502134021603
0.075,0.26,1,0,0,0,0,1,0.20000440588557628
0.075,0.27,1,0,0,0,0,1,0.20000477976190592
0.075,0.28,1,0,0,0,0,1,0.2000063984436856
0.075,0.29,1,0,0,0,0,1,0.20000503497885935
0.075,0.3,1,0,0,0,0,1,0.2000053450446889
0.075,0.31,1,0,0,0,0,1,0.20000495190774845
0.075,0.32,1,0,0,0,0,1,0.20000397556556057
0.075,0.33,1,0,0,0,0,1,0.20000313506871642
0.075,0.34,1,0,0,0,0,1,0.2000065971847328
0.075,0.35000000000000003,1,0,0,0,0,1,0.19999582123360957
0.075,0.36,1,0,0,0,0,1,0.19999623264944558
0.075,0.37,1,0,0,0,0,1,0.19999593171454602
0.075,0.38,1,0,0,0,0,1,0.19999525946144503
0.075,0.39,1,0,0,0,0,1,0.19999691129772798
0.075,0.4,1,0,0,0,0,1,0.1999951592746726
0.075,0.41000000000000003,1,0,0,0,0,1,0.19999538093466046
0.075,0.42,1,0,0,0,0,1,0.19999608584538886
0.075,0.43,1,0,0,0,0,1,0.1999946412287561
0.075,0.44,1,0,0,0,0,1,0.1999942621532992
0.075,0.45,1,0,0,0,0,1,0.19999636930375822
0.075,0.46,1,0,0,0,0,1,0.19999546405556862
0.075,0.47000000000000003,1,0,0,0,0,1,0.1999938182887895
0.075,0.48,1,0,0,0,0,1,0.1999948425379961
0.075,0.49,1,0,0,0,0,1,0.19999598902966892
0.075,0.5,1,0,0,0,0,1,0.19999546267685392
0.075,0.51,1,0,0,0,0,1,0.19999566736892538
0.075,0.52,1,0,0,0,0,1,0.19999540658967596
0.075,0.53,1,0,0,0,0,1,0.19999519490470527
0.075,0.54,1,0,0,0,0,1,0.1999938343916349
0.075,0.55,1,0,0,0,0,1,0.19999572644834224
0.075,0.56,1,0,0,0,0,1,0.19999647123684056
0.075,0.5700000000000001,1,0,0,0,0,1,0.19999588600768395
0.075,0.58,1,0,0,0,0,1,0.19999298574085436
0.075,0.59,1,0,0,0,0,1,0.1999948134123175
0.075,0.6,1,0,0,0,0,1,0.19999615919794136
0.075,0.61,1,0,0,0,0,1,0.19999618974313266
0.075,0.62,1,0,0,0,0,1,0.19999575598523325
0.075,0.63,1,0,0,0,0,1,0.19999620705567145
0.075,0.64,1,0,0,0,0,1,0.19999321838842452
0.075,0.65,1,0,0,0,0,1,0.19999507999645902
0.075,0.66,1,0,0,0,0,1,0.20000648234390084
0.075,0.67,1,0,0,0,0,1,0.199996122311844
0.075,0.68,1,0,0,0,0,1,0.20000506301415547
0.075,0.6900000000000001,1,0,0,0,0,1,0.1999944270172156
0.075,0.7000000000000001,1,0,0,0,0,1,0.20000330184758375
0.075,0.71,1,0,0,0,0,1,0.19999547202279583
0.075,0.72,1,0,0,0,0,1,0.19999544174533335
0.075,0.73,1,0,0,0,0,1,0.19999297953762493
0.075,0.74,1,0,0,0,0,1,0.19999494765370063
0.075,0.75,1,0,0,0,0,1,0.1999973828924591
0.075,0.76,1,0,0,0,0,1,0.19999510671470147
0.075,0.77,1,0,0,0,0,1,0.19999472364593834
0.075,0.78,1,0,0,0,0,1,0.19999660962760576
0.075,0.79,3,0,0,0,1,1,0.2000040658164566
0.076,0.0,1,0,0,0,0,1,0.20000661849980814
0.076,0.01,1,0,0,0,0,1,0.20000694068522176
0.076,0.02,1,0,0,0,0,1,0.2000054794502706
0.076,0.03,1,0,0,0,0,1,0.20000590370598326
0.076,0.04,1,0,0,0,0,1,0.2000077875814125
0.076,0.05,1,0,0,0,0,1,0.20000569944246277
0.076,0.06,1,0,0,0,0,1,0.20000526123212448
0.076,0.07,1,0,0,0,0,1,0.20000620718929968
0.076,0.08,1,0,0,0,0,1,0.20000642434753935
0.076,0.09,1,0,0,0,0,1,0.20000500139576652
0.076,0.1,1,0,0,0,0,1,0.20000489595845206
0.076,0.11,1,0,0,0,0,1,0.2000039134496141
0.076,0.12,1,0,0,0,0,1,0.20000555372558634
0.076,0.13,1,0,0,0,0,1,0.2000061277055614
0.076,0.14,1,0,0,0,0,1,0.20000471103810596
0.076,0.15,1,0,0,0,0,1,0.20000741861349342
0.076,0.16,1,0,0,0,0,1,0.20000444590401203
0.076,0.17,1,0,0,0,0,1,0.2000051199248772
0.076,0.18,1,0,0,0,0,1,0.20000494183755374
0.076,0.19,1,0,0,0,0,1,0.2000052175795843
0.076,0.2,1,0,0,0,0,1,0.2000050527226871
0.076,0.21,1,0,0,0,0,1,0.20000499586953602
0.076,0.22,1,0,0,0,0,1,0.2000048835846162
0.076,0.23,1,0,0,0,0,1,0.20000534733515343
0.076,0.24,1,0,0,0,0,1,0.20000642564453866
0.076,0.25,1,0,0,0,0,1,0.2000048163041428
0.076,0.26,1,0,0,0,0,1,0.20000438246912586
0.076,0.27,1,0,0,0,0,1,0.2000044884841559
0.076,0.28,1,0,0,0,0,1,0.20000512858024078
0.076,0.29,1,0,0,0,0,1,0.20000592528003366
0.076,0.3,1,0,0,0,0,1,0.20000459766794487
0.076,0.31,1,0,0,0,0,1,0.20000461511360726
0.076,0.32,1,0,0,0,0,1,0.20000514530404698
0.076,0.33,1,0,0,0,0,1,0.20000535994411514
0.076,0.34,1,0,0,0,0,1,0.19999492459490995
0.076,0.35000000000000003,1,0,0,0,0,1,0.1999970518567369
0.076,0.36,1,0,0,0,0,1,0.19999523190366614
0.076,0.37,1,0,0,0,0,1,0.1999961707720338
0.076,0.38,1,0,0,0,0,1,0.19999464579820314
0.076,0.39,1,0,0,0,0,1,0.19999543779327636
0.076,0.4,1,0,0,0,0,1,0.19999592521258422
0.076,0.41000000000000003,1,0,0,0,0,1,0.1999946254175383
0.076,0.42,1,0,0,0,0,1,0.1999962190058454
0.076,0.43,1,0,0,0,0,1,0.19999635927699946
0.076,0.44,1,0,0,0,0,1,0.1999971026609589
0.076,0.45,1,0,0,0,0,1,0.1999953416389682
0.076,0.46,1,0,0,0,0,1,0.19999320755243552
0.076,0.47000000000000003,1,0,0,0,0,1,0.19999347652485677
0.076,0.48,1,0,0,0,0,1,0.1999971238119076
0.076,0.49,1,0,0,0,0,1,0.19999725834156912
0.076,0.5,1,0,0,0,0,1,0.19999383895970424
0.076,0.51,1,0,0,0,0,1,0.19999563088098515
0.076,0.52,1,0,0,0,0,1,0.19999497655749188
0.076,0.53,1,0,0,0,0,1,0.19999526913296986
0.076,0.54,1,0,0,0,0,1,0.19999696178921275
0.076,0.55,1,0,0,0,0,1,0.1999958895107215
0.076,0.56,1,0,0,0,0,1,0.19999610299482495
0.076,0.5700000000000001,1,0,0,0,0,1,0.1999962035191122
0.076,0.58,1,0,0,0,0,1,0.19999588024706721
0.076,0.59,1,0,0,0,0,1,0.19999569357592045
0.076,0.6,1,0,0,0,0,1,0.1999972687351779
0.076,0.61,1,0,0,0,0,1,0.19999562695951797
0.076,0.62,1,0,0,0,0,1,0.19999546420789402
0.076,0.63,1,0,0,0,0,1,0.19999646022333564
0.076,0.64,1,0,0,0,0,1,0.19999575162315394
0.076,0.65,1,0,0,0,0,1,0.1999962026924222
0.076,0.66,1,0,0,0,0,1,0.19999559830688873
0.076,0.67,1,0,0,0,0,1,0.20000594021017568
0.076,0.68,1,0,0,0,0,1,0.20000660554836622
0.076,0.6900000000000001,1,0,0,0,0,1,0.20000436402227922
0.076,0.7000000000000001,1,0,0,0,0,1,0.19999569291883845
0.076,0.71,1,0,0,0,0,1,0.19999618522746243
0.076,0.72,1,0,0,0,0,1,0.19999614557379955
0.076,0.73,1,0,0,0,0,1,0.1999954440569628
0.076,0.74,1,0,0,0,0,1,0.19999312018676893
0.076,0.75,1,0,0,0,0,1,0.19999516832297978
0.076,0.76,1,0,0,0,0,1,0.19999427708674183
0.076,0.77,1,0,0,0,0,1,0.1999946457440443
0.076,0.78,1,0,0,0,0,1,0.19999344689235568
0.076,0.79,3,0,0,0,1,1,0.200004035691712
0.077,0.0,1,0,0,0,0,1,0.2000066275070652
0.077,0.01,1,0,0,0,0,1,0.20000684237649002
0.077,0.02,1,0,0,0,0,1,0.20000541876963926
0.077,0.03,1,0,0,0,0,1,0.2000052346330016
0.077,0.04,1,0,0,0,0,1,0.20000511874415064
0.077,0.05,1,0,0,0,0,1,0.20000582758856525
0.077,0.06,1,0,0,0,0,1,0.20000505135061536
0.077,0.07,1,0,0,0,0,1,0.20000544729917327
0.077,0.08,1,0,0,0,0,1,0.20000788436865624
0.077,0.09,1,0,0,0,0,1,0.20000495100449683
0.077,0.1,1,0,0,0,0,1,0.20000322712295063
0.077,0.11,1,0,0,0,0,1,0.20000482196497185
0.077,0.12,1,0,0,0,0,1,0.2000044765270015
0.077,0.13,1,0,0,0,0,1,0.20000785360072595
0.077,0.14,1,0,0,0,0,1,0.20000656413963772
0.077,0.15,1,0,0,0,0,1,0.20000440920154447
0.077,0.16,1,0,0,0,0,1,0.2000050009611556
0.077,0.17,1,0,0,0,0,1,0.20000481707322093
0.077,0.18,1,0,0,0,0,1,0.20000614036143252
0.077,0.19,1,0,0,0,0,1,0.20000500089178166
0.077,0.2,1,0,0,0,0,1,0.20000526518752393
0.077,0.21,1,0,0,0,0,1,0.2000067760115466
0.077,0.22,1,0,0,0,0,1,0.20000532377460042
0.077,0.23,1,0,0,0,0,1,0.20000402723491564
0.077,0.24,1,0,0,0,0,1,0.200005732016519
0.077,0.25,1,0,0,0,0,1,0.20000394908259964
0.077,0.26,1,0,0,0,0,1,0.20000448781391225
0.077,0.27,1,0,0,0,0,1,0.20000453736926357
0.077,0.28,1,0,0,0,0,1,0.20000653399287616
0.077,0.29,1,0,0,0,0,1,0.20000438567992496
0.077,0.3,1,0,0,0,0,1,0.20000573369650637
0.077,0.31,1,0,0,0,0,1,0.2000045172297099
0.077,0.32,1,0,0,0,0,1,0.2000076427204549
0.077,0.33,1,0,0,0,0,1,0.20000558535799054
0.077,0.34,1,0,0,0,0,1,0.19999525498616588
0.077,0.35000000000000003,1,0,0,0,0,1,0.2000048188481674
0.077,0.36,1,0,0,0,0,1,0.19999614603932947
0.077,0.37,1,0,0,0,0,1,0.1999952722757454
0.077,0.38,1,0,0,0,0,1,0.19999580007589537
0.077,0.39,1,0,0,0,0,1,0.19999545138773406
0.077,0.4,1,0,0,0,0,1,0.19999737457174074
0.077,0.41000000000000003,1,0,0,0,0,1,0.1999960800953527
0.077,0.42,1,0,0,0,0,1,0.19999530580585628
0.077,0.43,1,0,0,0,0,1,0.19999628513954282
0.077,0.44,1,0,0,0,0,1,0.19999373947481053
0.077,0.45,1,0,0,0,0,1,0.1999932873749743
0.077,0.46,1,0,0,0,0,1,0.19999676677492742
0.077,0.47000000000000003,1,0,0,0,0,1,0.19999599411312335
0.077,0.48,1,0,0,0,0,1,0.19999685277044602
0.077,0.49,1,0,0,0,0,1,0.1999967586256797
0.077,0.5,1,0,0,0,0,1,0.19999586743166334
0.077,0.51,1,0,0,0,0,1,0.19999385877561549
0.077,0.52,1,0,0,0,0,1,0.19999337382166008
0.077,0.53,1,0,0,0,0,1,0.19999627527275712
0.077,0.54,1,0,0,0,0,1,0.1999953746293535
0.077,0.55,1,0,0,0,0,1,0.19999397769732133
0.077,0.56,1,0,0,0,0,1,0.19999604752975636
0.077,0.5700000000000001,1,0,0,0,0,1,0.19999463164639877
0.077,0.58,1,0,0,0,0,1,0.19999610204073007
0.077,0.59,1,0,0,0,0,1,0.19999618201982322
0.077,0.6,1,0,0,0,0,1,0.19999595294413597
0.077,0.61,1,0,0,0,0,1,0.19999485280456364
0.077,0.62,1,0,0,0,0,1,0.20000582973890527
0.077,0.63,1,0,0,0,0,1,0.20000582202066902
0.077,0.64,1,0,0,0,0,1,0.20000501424385797
0.077,0.65,1,0,0,0,0,1,0.19999487658641624
0.077,0.66,1,0,0,0,0,1,0.19999568621600583
0.077,0.67,1,0,0,0,0,1,0.1999957857116365
0.077,0.68,1,0,0,0,0,1,0.1999952960203626
0.077,0.6900000000000001,1,0,0,0,0,1,0.20000572184131224
0.077,0.7000000000000001,1,0,0,0,0,1,0.19999557921732525
0.077,0.71,1,0,0,0,0,1,0.1999955149999867
0.077,0.72,1,0,0,0,0,1,0.19999367311720642
0.077,0.73,1,0,0,0,0,1,0.1999957472023111
0.077,0.74,1,0,0,0,0,1,0.19999435909297777
0.077,0.75,1,0,0,0,0,1,0.1999945327682588
0.077,0.76,1,0,0,0,0,1,0.1999960179913293
0.077,0.77,1,0,0,0,0,1,0.19999624895130477
0.077,0.78,1,0,0,0,0,1,0.19999433686859897
0.077,0.79,3,0,0,0,1,1,0.20000400696666853
0.078,0.0,1,0,0,0,0,1,0.20000646980141296
0.078,0.01,1,0,0,0,0,1,0.20000670019968736
0.078,0.02,1,0,0,0,0,1,0.20000515672534291
0.078,0.03,1,0,0,0,0,1,0.2000067886401765
0.078,0.04,1,0,0,0,0,1,0.20000503403974998
0.078,0.05,1,0,0,0,0,1,0.20000675234063595
0.078,0.06,1,0,0,0,0,1,0.2000053237983814
0.078,0.07,1,0,0,0,0,1,0.20000513550455692
0.078,0.08,1,0,0,0,0,1,0.20000681820937255
0.078,0.09,1,0,0,0,0,1,0.20000460395494274
0.078,0.1,1,0,0,0,0,1,0.20000547829612023
0.078,0.11,1,0,0,0,0,1,0.20000352323768042
0.078,0.12,1,0,0,0,0,1,0.20000502932522507
0.078,0.13,1,0,0,0,0,1,0.2000055319095968
0.078,0.14,1,0,0,0,0,1,0.20000659504268783
0.078,0.15,1,0,0,0,0,1,0.20000524705052375
0.078,0.16,1,0,0,0,0,1,0.20000438525757355
0.078,0.17,1,0,0,0,0,1,0.20000465391773517
0.078,0.18,1,0,0,0,0,1,0.2000043973239412
0.078,0.19,1,0,0,0,0,1,0.20000528161781067
0.078,0.2,1,0,0,0,0,1,0.2000038991099615
0.078,0.21,1,0,0,0,0,1,0.20000516483090805
0.078,0.22,1,0,0,0,0,1,0.2000072059234598
0.078,0.23,1,0,0,0,0,1,0.20000515741385383
0.078,0.24,1,0,0,0,0,1,0.20000535780013512
0.078,0.25,1,0,0,0,0,1,0.20000521910451857
0.078,0.26,1,0,0,0,0,1,0.20000500793876413
0.078,0.27,1,0,0,0,0,1,0.20000519705287467
0.078,0.28,1,0,0,0,0,1,0.20000468092845827
0.078,0.29,1,0,0,0,0,1,0.2000062291770732
0.078,0.3,1,0,0,0,0,1,0.20000599299684377
0.078,0.31,1,0,0,0,0,1,0.20000529162802178
0.078,0.32,1,0,0,0,0,1,0.20000514020945612
0.078,0.33,1,0,0,0,0,1,0.200005803301278
0.078,0.34,1,0,0,0,0,1,0.19999590342485035
0.078,0.35000000000000003,1,0,0,0,0,1,0.19999490311543508
0.078,0.36,1,0,0,0,0,1,0.19999545192823373
0.078,0.37,1,0,0,0,0,1,0.19999565111740744
0.078,0.38,1,0,0,0,0,1,0.19999559640858675
0.078,0.39,1,0,0,0,0,1,0.19999500442815993
0.078,0.4,1,0,0,0,0,1,0.1999957132630198
0.078,0.41000000000000003,1,0,0,0,0,1,0.19999591765855906
0.078,0.42,1,0,0,0,0,1,0.19999535633038973
0.078,0.43,1,0,0,0,0,1,0.19999529226497084
0.078,0.44,1,0,0,0,0,1,0.1999961804033083
0.078,0.45,1,0,0,0,0,1,0.19999605295882864
0.078,0.46,1,0,0,0,0,1,0.19999632110547988
0.078,0.47000000000000003,1,0,0,0,0,1,0.19999396176502632
0.078,0.48,1,0,0,0,0,1,0.19999415270539678
0.078,0.49,1,0,0,0,0,1,0.19999617742333642
0.078,0.5,1,0,0,0,0,1,0.1999940672214814
0.078,0.51,1,0,0,0,0,1,0.19999705056900685
0.078,0.52,1,0,0,0,0,1,0.19999499241104954
0.078,0.53,1,0,0,0,0,1,0.19999615836339102
0.078,0.54,1,0,0,0,0,1,0.19999496439663153
0.078,0.55,1,0,0,0,0,1,0.19999544040520423
0.078,0.56,1,0,0,0,0,1,0.19999544181614648
0.078,0.5700000000000001,1,0,0,0,0,1,0.1999940629981004
0.078,0.58,1,0,0,0,0,1,0.19999327234738745
0.078,0.59,1,0,0,0,0,1,0.19999661531487484
0.078,0.6,1,0,0,0,0,1,0.1999945882543796
0.078,0.61,1,0,0,0,0,1,0.19999616122837907
0.078,0.62,1,0,0,0,0,1,0.19999558038985124
0.078,0.63,1,0,0,0,0,1,0.19999607952762852
0.078,0.64,1,0,0,0,0,1,0.19999595215567706
0.078,0.65,1,0,0,0,0,1,0.2000042727152558
0.078,0.66,1,0,0,0,0,1,0.2000055321987084
0.078,0.67,1,0,0,0,0,1,0.19999489338859108
0.078,0.68,1,0,0,0,0,1,0.20000630658213
0.078,0.6900000000000001,1,0,0,0,0,1,0.19999544124855004
0.078,0.7000000000000001,1,0,0,0,0,1,0.20000501704875712
0.078,0.71,1,0,0,0,0,1,0.1999941564512414
0.078,0.72,1,0,0,0,0,1,0.19999491231996028
0.078,0.73,1,0,0,0,0,1,0.19999644131213926
0.078,0.74,1,0,0,0,0,1,0.19999591266838046
0.078,0.75,1,0,0,0,0,1,0.19999486442414144
0.078,0.76,1,0,0,0,0,1,0.1999939432347255
0.078,0.77,1,0,0,0,0,1,0.19999363836166076
0.078,0.78,1,0,0,0,0,1,0.19999322371975214
0.078,0.79,3,0,0,0,1,1,0.20000397954899957
0.079,0.0,1,0,0,0,0,1,0.2000053635571542
0.079,0.01,1,0,0,0,0,1,0.20000662595645397
0.079,0.02,1,0,0,0,0,1,0.2000070515054426
0.079,0.03,1,0,0,0,0,1,0.20000701769261686
0.079,0.04,1,0,0,0,0,1,0.20000717976411542
0.079,0.05,1,0,0,0,0,1,0.20000689183315107
0.079,0.06,1,0,0,0,0,1,0.20000627550543942
0.079,0.07,1,0,0,0,0,1,0.2000050304552422
0.079,0.08,1,0,0,0,0,1,0.20000571596352157
0.079,0.09,1,0,0,0,0,1,0.20000613155361602
0.079,0.1,1,0,0,0,0,1,0.20000503364990554
0.079,0.11,1,0,0,0,0,1,0.20000484185738615
0.079,0.12,1,0,0,0,0,1,0.20000478969232352
0.079,0.13,1,0,0,0,0,1,0.20000644247899402
0.079,0.14,1,0,0,0,0,1,0.2000060054050996
0.079,0.15,1,0,0,0,0,1,0.2000051889199548
0.079,0.16,1,0,0,0,0,1,0.20000537283556508
0.079,0.17,1,0,0,0,0,1,0.2000044387641556
0.079,0.18,1,0,0,0,0,1,0.20000459532838605
0.079,0.19,1,0,0,0,0,1,0.2000048341250609
0.079,0.2,1,0,0,0,0,1,0.20000460621533192
0.079,0.21,1,0,0,0,0,1,0.20000542829806478
0.079,0.22,1,0,0,0,0,1,0.200005044957454
0.079,0.23,1,0,0,0,0,1,0.2000050030673236
0.079,0.24,1,0,0,0,0,1,0.20000443893490075
0.079,0.25,1,0,0,0,0,1,0.20000465445534124
0.079,0.26,1,0,0,0,0,1,0.20000487255093025
0.079,0.27,1,0,0,0,0,1,0.20000538598006443
0.079,0.28,1,0,0,0,0,1,0.20000437813901908
0.079,0.29,1,0,0,0,0,1,0.20000667979257397
0.079,0.3,1,0,0,0,0,1,0.20000600329763332
0.079,0.31,1,0,0,0,0,1,0.2000055335473255
0.079,0.32,1,0,0,0,0,1,0.20000471095157316
0.079,0.33,1,0,0,0,0,1,0.2000059080380044
0.079,0.34,1,0,0,0,0,1,0.2000045124721454
0.079,0.35000000000000003,1,0,0,0,0,1,0.1999949659597738
0.079,0.36,1,0,0,0,0,1,0.199995661235355
0.079,0.37,1,0,0,0,0,1,0.19999546399120144
0.079,0.38,1,0,0,0,0,1,0.19999585839779824
0.079,0.39,1,0,0,0,0,1,0.19999594653431496
0.079,0.4,1,0,0,0,0,1,0.19999467491437165
0.079,0.41000000000000003,1,0,0,0,0,1,0.1999947151376483
0.079,0.42,1,0,0,0,0,1,0.19999346106397975
0.079,0.43,1,0,0,0,0,1,0.19999516221115532
0.079,0.44,1,0,0,0,0,1,0.1999951873691416
0.079,0.45,1,0,0,0,0,1,0.19999577321072
0.079,0.46,1,0,0,0,0,1,0.19999545766698537
0.079,0.47000000000000003,1,0,0,0,0,1,0.1999940670311215
0.079,0.48,1,0,0,0,0,1,0.19999619932125004
0.079,0.49,1,0,0,0,0,1,0.1999964603493729
0.079,0.5,1,0,0,0,0,1,0.19999622530882016
0.079,0.51,1,0,0,0,0,1,0.19999310850032065
0.079,0.52,1,0,0,0,0,1,0.19999435431762672
0.079,0.53,1,0,0,0,0,1,0.19999500714022672
0.079,0.54,1,0,0,0,0,1,0.1999948964608199
0.079,0.55,1,0,0,0,0,1,0.19999495061429104
0.079,0.56,1,0,0,0,0,1,0.19999545099410726
0.079,0.5700000000000001,1,0,0,0,0,1,0.19999491127445027
0.079,0.58,1,0,0,0,0,1,0.19999610277603477
0.079,0.59,1,0,0,0,0,1,0.19999376895649143
0.079,0.6,1,0,0,0,0,1,0.19999359710445933
0.079,0.61,1,0,0,0,0,1,0.19999516015968505
0.079,0.62,1,0,0,0,0,1,0.19999571533419747
0.079,0.63,1,0,0,0,0,1,0.19999601304156012
0.079,0.64,1,0,0,0,0,1,0.1999953444564246
0.079,0.65,1,0,0,0,0,1,0.1999938807919447
0.079,0.66,1,0,0,0,0,1,0.2000045203936593
0.079,0.67,1,0,0,0,0,1,0.19999598148643827
0.079,0.68,1,0,0,0,0,1,0.20000574618565367
0.079,0.6900000000000001,1,0,0,0,0,1,0.200006926978901
0.079,0.7000000000000001,1,0,0,0,0,1,0.1999951524459078
0.079,0.71,1,0,0,0,0,1,0.19999584666888962
0.079,0.72,1,0,0,0,0,1,0.19999316184421798
0.079,0.73,1,0,0,0,0,1,0.19999713215626075
0.079,0.74,1,0,0,0,0,1,0.1999967144318289
0.079,0.75,1,0,0,0,0,1,0.1999952275902302
0.079,0.76,1,0,0,0,0,1,0.19999486945936054
0.079,0.77,1,0,0,0,0,1,0.1999971711065141
0.079,0.78,1,0,0,0,0,1,0.19999506832174563
0.079,0.79,3,0,0,0,1,1,0.20000395334162596
0.08,0.0,1,0,0,0,0,1,0.20000652223779522
0.08,0.01,1,0,0,0,0,1,0.20000666252298396
0.08,0.02,1,0,0,0,0,1,0.20000697293814446
0.08,0.03,1,0,0,0,0,1,0.20000504807193337
0.08,0.04,1,0,0,0,0,1,0.2000070245637214
0.08,0.05,1,0,0,0,0,1,0.20000433763428804
0.08,0.06,1,0,0,0,0,1,0.20000663298221655
0.08,0.07,1,0,0,0,0,1,0.2000053234502924
0.08,0.08,1,0,0,0,0,1,0.20000559561839756
0.08,0.09,1,0,0,0,0,1,0.20000647786109912
0.08,0.1,1,0,0,0,0,1,0.20000401774601004
0.08,0.11,1,0,0,0,0,1,0.20000324168152772
0.08,0.12,1,0,0,0,0,1,0.2000039877180894
0.08,0.13,1,0,0,0,0,1,0.20000433651601493
0.08,0.14,1,0,0,0,0,1,0.20000609711161932
0.08,0.15,1,0,0,0,0,1,0.20000644081146182
0.08,0.16,1,0,0,0,0,1,0.20000445773501985
0.08,0.17,1,0,0,0,0,1,0.20000395317673503
0.08,0.18,1,0,0,0,0,1,0.2000048463393346
0.08,0.19,1,0,0,0,0,1,0.20000504818628856
0.08,0.2,1,0,0,0,0,1,0.20000560767836506
0.08,0.21,1,0,0,0,0,1,0.20000499681879488
0.08,0.22,1,0,0,0,0,1,0.20000695741302674
0.08,0.23,1,0,0,0,0,1,0.20000546650773832
0.08,0.24,1,0,0,0,0,1,0.20000515875690295
0.08,0.25,1,0,0,0,0,1,0.20000396106478105
0.08,0.26,1,0,0,0,0,1,0.20000495521690817
0.08,0.27,1,0,0,0,0,1,0.20000455670365427
0.08,0.28,1,0,0,0,0,1,0.20000574905526028
0.08,0.29,1,0,0,0,0,1,0.20000656726995894
0.08,0.3,1,0,0,0,0,1,0.20000537582845224
0.08,0.31,1,0,0,0,0,1,0.20000457769642954
0.08,0.32,1,0,0,0,0,1,0.20000778809063174
0.08,0.33,1,0,0,0,0,1,0.20000716817040193
0.08,0.34,1,0,0,0,0,1,0.2000042573173496
0.08,0.35000000000000003,1,0,0,0,0,1,0.19999635129015406
0.08,0.36,1,0,0,0,0,1,0.19999513610164135
0.08,0.37,1,0,0,0,0,1,0.1999945647663822
0.08,0.38,1,0,0,0,0,1,0.1999954066388273
0.08,0.39,1,0,0,0,0,1,0.1999957225457405
0.08,0.4,1,0,0,0,0,1,0.19999528630716248
0.08,0.41000000000000003,1,0,0,0,0,1,0.19999370899688895
0.08,0.42,1,0,0,0,0,1,0.19999497795678953
0.08,0.43,1,0,0,0,0,1,0.19999545544735378
0.08,0.44,1,0,0,0,0,1,0.1999962364251993
0.08,0.45,1,0,0,0,0,1,0.19999497070987085
0.08,0.46,1,0,0,0,0,1,0.19999340638926874
0.08,0.47000000000000003,1,0,0,0,0,1,0.19999529712514766
0.08,0.48,1,0,0,0,0,1,0.19999565225884255
0.08,0.49,1,0,0,0,0,1,0.19999486456138502
0.08,0.5,1,0,0,0,0,1,0.19999620480782956
0.08,0.51,1,0,0,0,0,1,0.1999952069462613
0.08,0.52,1,0,0,0,0,1,0.1999955223232896
0.08,0.53,1,0,0,0,0,1,0.19999501577437037
0.08,0.54,1,0,0,0,0,1,0.1999933138676689
0.08,0.55,1,0,0,0,0,1,0.19999620008047636
0.08,0.56,1,0,0,0,0,1,0.19999545634702873
0.08,0.5700000000000001,1,0,0,0,0,1,0.19999465656294463
0.08,0.58,1,0,0,0,0,1,0.19999518105590924
0.08,0.59,1,0,0,0,0,1,0.19999361002053243
0.08,0.6,1,0,0,0,0,1,0.1999952331654141
0.08,0.61,1,0,0,0,0,1,0.19999708452462006
0.08,0.62,1,0,0,0,0,1,0.19999512703713884
0.08,0.63,1,0,0,0,0,1,0.19999580788953716
0.08,0.64,1,0,0,0,0,1,0.19999586388298463
0.08,0.65,1,0,0,0,0,1,0.1999960016949941
0.08,0.66,1,0,0,0,0,1,0.1999947243232978
0.08,0.67,1,0,0,0,0,1,0.20000538395557393
0.08,0.68,1,0,0,0,0,1,0.199992930142876
0.08,0.6900000000000001,1,0,0,0,0,1,0.2000049965595384
0.08,0.7000000000000001,1,0,0,0,0,1,0.1999930022901089
0.08,0.71,1,0,0,0,0,1,0.19999581800297664
0.08,0.72,1,0,0,0,0,1,0.1999938634882383
0.08,0.73,1,0,0,0,0,1,0.19999539593152452
0.08,0.74,1,0,0,0,0,1,0.1999942843952661
0.08,0.75,1,0,0,0,0,1,0.19999637056625943
0.08,0.76,1,0,0,0,0,1,0.19999532632634787
0.08,0.77,1,0,0,0,0,1,0.19999273407381848
0.08,0.78,1,0,0,0,0,1,0.19999480081072746
0.08,0.79,3,0,0,0,1,1,0.20000392826353727
0.081,0.0,1,0,0,0,0,1,0.20000642184170164
0.081,0.01,1,0,0,0,0,1,0.20000659423427475
0.081,0.02,1,0,0,0,0,1,0.20000686658007047
0.081,0.03,1,0,0,0,0,1,0.20000767582802217
0.081,0.04,1,0,0,0,0,1,0.2000068732979044
0.081,0.05,1,0,0,0,0,1,0.2000055047210788
0.081,0.06,1,0,0,0,0,1,0.2000055493952817
0.081,0.07,1,0,0,0,0,1,0.20000503457834706
0.081,0.08,1,0,0,0,0,1,0.20000528951534272
0.081,0.09,1,0,0,0,0,1,0.20000679019974021
0.081,0.1,1,0,0,0,0,1,0.20000461857539828
0.081,0.11,1,0,0,0,0,1,0.20000532356660314
0.081,0.12,1,0,0,0,0,1,0.2000038105872985
0.081,0.13,1,0,0,0,0,1,0.2000063474623856
0.081,0.14,1,0,0,0,0,1,0.20000645158172542
0.081,0.15,1,0,0,0,0,1,0.2000064896591072
0.081,0.16,1,0,0,0,0,1,0.20000519970887226
0.081,0.17,1,0,0,0,0,1,0.20000563024583465
0.081,0.18,1,0,0,0,0,1,0.20000485426601852
0.081,0.19,1,0,0,0,0,1,0.2000050800342858
0.081,0.2,1,0,0,0,0,1,0.20000643995119763
0.081,0.21,1,0,0,0,0,1,0.2000039172399489
0.081,0.22,1,0,0,0,0,1,0.20000420781397493
0.081,0.23,1,0,0,0,0,1,0.20000733067624768
0.081,0.24,1,0,0,0,0,1,0.2000051878468909
0.081,0.25,1,0,0,0,0,1,0.20000530088158722
0.081,0.26,1,0,0,0,0,1,0.2000040855239845
0.081,0.27,1,0,0,0,0,1,0.2000049330954028
0.081,0.28,1,0,0,0,0,1,0.20000570231357973
0.081,0.29,1,0,0,0,0,1,0.20000461953105572
0.081,0.3,1,0,0,0,0,1,0.20000549634132328
0.081,0.31,1,0,0,0,0,1,0.20000607213884514
0.081,0.32,1,0,0,0,0,1,0.20000533118948297
0.081,0.33,1,0,0,0,0,1,0.20000520638338354
0.081,0.34,1,0,0,0,0,1,0.20000598625052687
0.081,0.35000000000000003,1,0,0,0,0,1,0.19999616256944383
0.081,0.36,1,0,0,0,0,1,0.19999455834743443
0.081,0.37,1,0,0,0,0,1,0.19999522016578009
0.081,0.38,1,0,0,0,0,1,0.19999583601850834
0.081,0.39,1,0,0,0,0,1,0.19999602938962716
0.081,0.4,1,0,0,0,0,1,0.19999403903955068
0.081,0.41000000000000003,1,0,0,0,0,1,0.1999942048225213
0.081,0.42,1,0,0,0,0,1,0.19999530408130678
0.081,0.43,1,0,0,0,0,1,0.19999539539368802
0.081,0.44,1,0,0,0,0,1,0.1999954617973796
0.081,0.45,1,0,0,0,0,1,0.19999587575030445
0.081,0.46,1,0,0,0,0,1,0.1999932254962448
0.081,0.47000000000000003,1,0,0,0,0,1,0.1999956752727718
0.081,0.48,1,0,0,0,0,1,0.19999527387378993
0.081,0.49,1,0,0,0,0,1,0.19999473135951645
0.081,0.5,1,0,0,0,0,1,0.19999641845926094
0.081,0.51,1,0,0,0,0,1,0.19999524182489695
0.081,0.52,1,0,0,0,0,1,0.19999519452572043
0.081,0.53,1,0,0,0,0,1,0.19999498282789108
0.081,0.54,1,0,0,0,0,1,0.19999525144612837
0.081,0.55,1,0,0,0,0,1,0.1999952193531513
0.081,0.56,1,0,0,0,0,1,0.19999609791980882
0.081,0.5700000000000001,1,0,0,0,0,1,0.1999943682618753
0.081,0.58,1,0,0,0,0,1,0.19999464491897342
0.081,0.59,1,0,0,0,0,1,0.19999303731533902
0.081,0.6,1,0,0,0,0,1,0.19999525720858255
0.081,0.61,1,0,0,0,0,1,0.20000524951080406
0.081,0.62,1,0,0,0,0,1,0.20000541276338032
0.081,0.63,1,0,0,0,0,1,0.20000569160407716
0.081,0.64,1,0,0,0,0,1,0.20000587581142737
0.081,0.65,1,0,0,0,0,1,0.20000391454516966
0.081,0.66,1,0,0,0,0,1,0.19999538446184595
0.081,0.67,1,0,0,0,0,1,0.19999603655349155
0.081,0.68,1,0,0,0,0,1,0.19999572961030307
0.081,0.6900000000000001,1,0,0,0,0,1,0.1999942349152404
0.081,0.7000000000000001,1,0,0,0,0,1,0.19999612554145782
0.081,0.71,1,0,0,0,0,1,0.19999481087094695
0.081,0.72,1,0,0,0,0,1,0.199995916284546
0.081,0.73,1,0,0,0,0,1,0.1999947898431115
0.081,0.74,1,0,0,0,0,1,0.19999620530018397
0.081,0.75,1,0,0,0,0,1,0.19999572580070013
0.081,0.76,1,0,0,0,0,1,0.1999952841497413
0.081,0.77,1,0,0,0,0,1,0.1999927042118657
0.081,0.78,1,0,0,0,0,1,0.19999479159528652
0.081,0.79,3,0,0,0,1,1,0.2000039042439622
0.082,0.0,1,0,0,0,0,1,0.20000629400225559
0.082,0.01,1,0,0,0,0,1,0.2000064121490572
0.082,0.02,1,0,0,0,0,1,0.2000067161395278
0.082,0.03,1,0,0,0,0,1,0.20000681684288477
0.082,0.04,1,0,0,0,0,1,0.20000724378454965
0.082,0.05,1,0,0,0,0,1,0.20000761288940408
0.082,0.06,1,0,0,0,0,1,0.20000456680523074
0.082,0.07,1,0,0,0,0,1,0.20000501404538
0.082,0.08,1,0,0,0,0,1,0.2000051027274716
0.082,0.09,1,0,0,0,0,1,0.2000055253200611
0.082,0.1,1,0,0,0,0,1,0.20000460028523148
0.082,0.11,1,0,0,0,0,1,0.20000484080826528
0.082,0.12,1,0,0,0,0,1,0.2000049274831534
0.082,0.13,1,0,0,0,0,1,0.20000499587933537
0.082,0.14,1,0,0,0,0,1,0.20000555067109993
0.082,0.15,1,0,0,0,0,1,0.20000653418044545
0.082,0.16,1,0,0,0,0,1,0.2000051013288582
0.082,0.17,1,0,0,0,0,1,0.2000041012145212
0.082,0.18,1,0,0,0,0,1,0.200003416405975
0.082,0.19,1,0,0,0,0,1,0.20000334827656593
0.082,0.2,1,0,0,0,0,1,0.20000634884179536
0.082,0.21,1,0,0,0,0,1,0.2000038967313279
0.082,0.22,1,0,0,0,0,1,0.2000052435386742
0.082,0.23,1,0,0,0,0,1,0.20000570643014587
0.082,0.24,1,0,0,0,0,1,0.20000475560626427
0.082,0.25,1,0,0,0,0,1,0.2000045006274796
0.082,0.26,1,0,0,0,0,1,0.20000507249160693
0.082,0.27,1,0,0,0,0,1,0.20000393059616456
0.082,0.28,1,0,0,0,0,1,0.2000056673491921
0.082,0.29,1,0,0,0,0,1,0.20000451686584608
0.082,0.3,1,0,0,0,0,1,0.2000067336276971
0.082,0.31,1,0,0,0,0,1,0.20000544485977279
0.082,0.32,1,0,0,0,0,1,0.20000596465671114
0.082,0.33,1,0,0,0,0,1,0.2000057159870442
0.082,0.34,1,0,0,0,0,1,0.2000061981577337
0.082,0.35000000000000003,1,0,0,0,0,1,0.19999527829695868
0.082,0.36,1,0,0,0,0,1,0.19999604780777056
0.082,0.37,1,0,0,0,0,1,0.1999960542352219
0.082,0.38,1,0,0,0,0,1,0.19999530750620115
0.082,0.39,1,0,0,0,0,1,0.19999578515208277
0.082,0.4,1,0,0,0,0,1,0.19999602292779883
0.082,0.41000000000000003,1,0,0,0,0,1,0.1999948525989116
0.082,0.42,1,0,0,0,0,1,0.19999598697685145
0.082,0.43,1,0,0,0,0,1,0.1999961990481675
0.082,0.44,1,0,0,0,0,1,0.1999944934018352
0.082,0.45,1,0,0,0,0,1,0.19999585825055047
0.082,0.46,1,0,0,0,0,1,0.19999309623462136
0.082,0.47000000000000003,1,0,0,0,0,1,0.19999535822412298
0.082,0.48,1,0,0,0,0,1,0.19999438447743897
0.082,0.49,1,0,0,0,0,1,0.19999606970013473
0.082,0.5,1,0,0,0,0,1,0.19999542752247848
0.082,0.51,1,0,0,0,0,1,0.1999954453675276
0.082,0.52,1,0,0,0,0,1,0.19999673550161365
0.082,0.53,1,0,0,0,0,1,0.1999949830347578
0.082,0.54,1,0,0,0,0,1,0.19999499342479946
0.082,0.55,1,0,0,0,0,1,0.19999490031062772
0.082,0.56,1,0,0,0,0,1,0.19999618446276446
0.082,0.5700000000000001,1,0,0,0,0,1,0.19999613807190117
0.082,0.58,1,0,0,0,0,1,0.19999499939501889
0.082,0.59,1,0,0,0,0,1,0.19999507982483603
0.082,0.6,1,0,0,0,0,1,0.19999312921573847
0.082,0.61,1,0,0,0,0,1,0.19999581582895506
0.082,0.62,1,0,0,0,0,1,0.1999951186994633
0.082,0.63,1,0,0,0,0,1,0.19999574102616252
0.082,0.64,1,0,0,0,0,1,0.1999962165163868
0.082,0.65,1,0,0,0,0,1,0.19999332590015773
0.082,0.66,1,0,0,0,0,1,0.20000557717445877
0.082,0.67,1,0,0,0,0,1,0.19999585524690702
0.082,0.68,1,0,0,0,0,1,0.20000415995013807
0.082,0.6900000000000001,1,0,0,0,0,1,0.2000055484145729
0.082,0.7000000000000001,1,0,0,0,0,1,0.20000555085609548
0.082,0.71,1,0,0,0,0,1,0.19999605871918916
0.082,0.72,1,0,0,0,0,1,0.19999515689480304
0.082,0.73,1,0,0,0,0,1,0.19999575616095353
0.082,0.74,1,0,0,0,0,1,0.1999952739342498
0.082,0.75,1,0,0,0,0,1,0.1999956851327283
0.082,0.76,1,0,0,0,0,1,0.19999544496317828
0.082,0.77,1,0,0,0,0,1,0.19999274280223348
0.082,0.78,1,0,0,0,0,1,0.199995643702743
0.082,0.79,3,0,0,0,1,1,0.20000388121095047
0.083,0.0,1,0,0,0,0,1,0.20000534234377618
0.083,0.01,1,0,0,0,0,1,0.2000066121030824
0.083,0.02,1,0,0,0,0,1,0.20000675325586711
0.083,0.03,1,0,0,0,0,1,0.20000679050016076
0.083,0.04,1,0,0,0,0,1,0.20000509367390765
0.083,0.05,1,0,0,0,0,1,0.2000055428106267
0.083,0.06,1,0,0,0,0,1,0.20000465382359997
0.083,0.07,1,0,0,0,0,1,0.20000637561956475
0.083,0.08,1,0,0,0,0,1,0.20000506725259826
0.083,0.09,1,0,0,0,0,1,0.20000647839683824
0.083,0.1,1,0,0,0,0,1,0.200005853593478
0.083,0.11,1,0,0,0,0,1,0.2000050189543678
0.083,0.12,1,0,0,0,0,1,0.20000522433601844
0.083,0.13,1,0,0,0,0,1,0.2000042707677606
0.083,0.14,1,0,0,0,0,1,0.20000555633695388
0.083,0.15,1,0,0,0,0,1,0.20000655239747145
0.083,0.16,1,0,0,0,0,1,0.20000628882392077
0.083,0.17,1,0,0,0,0,1,0.20000449124633568
0.083,0.18,1,0,0,0,0,1,0.20000484174257002
0.083,0.19,1,0,0,0,0,1,0.20000467271832348
0.083,0.2,1,0,0,0,0,1,0.20000451937034028
0.083,0.21,1,0,0,0,0,1,0.20000477982218767
0.083,0.22,1,0,0,0,0,1,0.20000394992778264
0.083,0.23,1,0,0,0,0,1,0.20000499907498775
0.083,0.24,1,0,0,0,0,1,0.2000056038361442
0.083,0.25,1,0,0,0,0,1,0.20000519542727158
0.083,0.26,1,0,0,0,0,1,0.2000046940883787
0.083,0.27,1,0,0,0,0,1,0.20000493016797058
0.083,0.28,1,0,0,0,0,1,0.20000461683332274
0.083,0.29,1,0,0,0,0,1,0.20000575058061615
0.083,0.3,1,0,0,0,0,1,0.20000657917145007
0.083,0.31,1,0,0,0,0,1,0.2000067233917559
0.083,0.32,1,0,0,0,0,1,0.2000051424914307
0.083,0.33,1,0,0,0,0,1,0.20000529529877642
0.083,0.34,1,0,0,0,0,1,0.20000548734681473
0.083,0.35000000000000003,1,0,0,0,0,1,0.20000785171945512
0.083,0.36,1,0,0,0,0,1,0.1999950992131539
0.083,0.37,1,0,0,0,0,1,0.1999954651556611
0.083,0.38,1,0,0,0,0,1,0.1999950151414368
0.083,0.39,1,0,0,0,0,1,0.19999334539870173
0.083,0.4,1,0,0,0,0,1,0.19999658151345626
0.083,0.41000000000000003,1,0,0,0,0,1,0.199995174446283
0.083,0.42,1,0,0,0,0,1,0.19999545598578633
0.083,0.43,1,0,0,0,0,1,0.19999315599649228
0.083,0.44,1,0,0,0,0,1,0.1999961368874983
0.083,0.45,1,0,0,0,0,1,0.19999613931253726
0.083,0.46,1,0,0,0,0,1,0.19999500405352094
0.083,0.47000000000000003,1,0,0,0,0,1,0.19999543810443196
0.083,0.48,1,0,0,0,0,1,0.19999601293384256
0.083,0.49,1,0,0,0,0,1,0.19999387823307632
0.083,0.5,1,0,0,0,0,1,0.19999529063293153
0.083,0.51,1,0,0,0,0,1,0.19999542938307485
0.083,0.52,1,0,0,0,0,1,0.199996529189593
0.083,0.53,1,0,0,0,0,1,0.19999563601007528
0.083,0.54,1,0,0,0,0,1,0.19999571138071362
0.083,0.55,1,0,0,0,0,1,0.19999502633676622
0.083,0.56,1,0,0,0,0,1,0.1999951807043546
0.083,0.5700000000000001,1,0,0,0,0,1,0.1999941523388191
0.083,0.58,1,0,0,0,0,1,0.19999600402834908
0.083,0.59,1,0,0,0,0,1,0.19999697935594568
0.083,0.6,1,0,0,0,0,1,0.19999342100713233
0.083,0.61,1,0,0,0,0,1,0.1999953047462542
0.083,0.62,1,0,0,0,0,1,0.19999568213927665
0.083,0.63,1,0,0,0,0,1,0.19999557943565896
0.083,0.64,1,0,0,0,0,1,0.1999962172475502
0.083,0.65,1,0,0,0,0,1,0.19999482241177194
0.083,0.66,1,0,0,0,0,1,0.19999551010493333
0.083,0.67,1,0,0,0,0,1,0.200004967856545
0.083,0.68,1,0,0,0,0,1,0.20000529740197312
0.083,0.6900000000000001,1,0,0,0,0,1,0.20000489061607252
0.083,0.7000000000000001,1,0,0,0,0,1,0.19999568258200512
0.083,0.71,1,0,0,0,0,1,0.19999543689252774
0.083,0.72,1,0,0,0,0,1,0.19999511473131557
0.083,0.73,1,0,0,0,0,1,0.199995760674473
0.083,0.74,1,0,0,0,0,1,0.1999946629408982
0.083,0.75,1,0,0,0,0,1,0.19999339170760255
0.083,0.76,1,0,0,0,0,1,0.19999401191434996
0.083,0.77,1,0,0,0,0,1,0.19999498782933564
0.083,0.78,1,0,0,0,0,1,0.19999481664588262
0.083,0.79,3,0,0,0,1,1,0.20000385910335658
0.084,0.0,1,0,0,0,0,1,0.20000467536708158
0.084,0.01,1,0,0,0,0,1,0.20000650981439994
0.084,0.02,1,0,0,0,0,1,0.20000676800549103
0.084,0.03,1,0,0,0,0,1,0.20000674071165997
0.084,0.04,1,0,0,0,0,1,0.20000705725645698
0.084,0.05,1,0,0,0,0,1,0.20000684322320122
0.084,0.06,1,0,0,0,0,1,0.2000047801270922
0.084,0.07,1,0,0,0,0,1,0.20000513157587563
0.084,0.08,1,0,0,0,0,1,0.2000050863577243
0.084,0.09,1,0,0,0,0,1,0.2000055470480467
0.084,0.1,1,0,0,0,0,1,0.20000623857399608
0.084,0.11,1,0,0,0,0,1,0.20000527958432562
0.084,0.12,1,0,0,0,0,1,0.2000041698397331
0.084,0.13,1,0,0,0,0,1,0.20000507884569269
0.084,0.14,1,0,0,0,0,1,0.2000051747006198
0.084,0.15,1,0,0,0,0,1,0.2000060803353786
0.084,0.16,1,0,0,0,0,1,0.20000635042308745
0.084,0.17,1,0,0,0,0,1,0.20000401278765412
0.084,0.18,1,0,0,0,0,1,0.20000670397616
0.084,0.19,1,0,0,0,0,1,0.20000493322576307
0.084,0.2,1,0,0,0,0,1,0.2000046810598884
0.084,0.21,1,0,0,0,0,1,0.20000503786783924
0.084,0.22,1,0,0,0,0,1,0.20000489241240563
0.084,0.23,1,0,0,0,0,1,0.20000705458508172
0.084,0.24,1,0,0,0,0,1,0.20000421081400852
0.084,0.25,1,0,0,0,0,1,0.20000526355450976
0.084,0.26,1,0,0,0,0,1,0.20000491318815958
0.084,0.27,1,0,0,0,0,1,0.2000046475498815
0.084,0.28,1,0,0,0,0,1,0.20000496383980337
0.084,0.29,1,0,0,0,0,1,0.20000507951577579
0.084,0.3,1,0,0,0,0,1,0.20000469187322095
0.084,0.31,1,0,0,0,0,1,0.20000563548354625
0.084,0.32,1,0,0,0,0,1,0.20000457284569273
0.084,0.33,1,0,0,0,0,1,0.20000639023946748
0.084,0.34,1,0,0,0,0,1,0.19999610956278324
0.084,0.35000000000000003,1,0,0,0,0,1,0.20000667019123602
0.084,0.36,1,0,0,0,0,1,0.19999540823695988
0.084,0.37,1,0,0,0,0,1,0.19999533646614095
0.084,0.38,1,0,0,0,0,1,0.19999325994628292
0.084,0.39,1,0,0,0,0,1,0.1999956630146766
0.084,0.4,1,0,0,0,0,1,0.1999959159088679
0.084,0.41000000000000003,1,0,0,0,0,1,0.19999578230995113
0.084,0.42,1,0,0,0,0,1,0.19999517211125348
0.084,0.43,1,0,0,0,0,1,0.19999578335547405
0.084,0.44,1,0,0,0,0,1,0.1999954705116961
0.084,0.45,1,0,0,0,0,1,0.19999408045661565
0.084,0.46,1,0,0,0,0,1,0.1999956972163205
0.084,0.47000000000000003,1,0,0,0,0,1,0.19999576419793974
0.084,0.48,1,0,0,0,0,1,0.19999513899341642
0.084,0.49,1,0,0,0,0,1,0.19999308759548454
0.084,0.5,1,0,0,0,0,1,0.19999621769085366
0.084,0.51,1,0,0,0,0,1,0.1999962488620544
0.084,0.52,1,0,0,0,0,1,0.19999391044129977
0.084,0.53,1,0,0,0,0,1,0.19999450427639703
0.084,0.54,1,0,0,0,0,1,0.19999497145688283
0.084,0.55,1,0,0,0,0,1,0.19999536591988717
0.084,0.56,1,0,0,0,0,1,0.19999664966455194
0.084,0.5700000000000001,1,0,0,0,0,1,0.19999554805216677
0.084,0.58,1,0,0,0,0,1,0.19999491993817373
0.084,0.59,1,0,0,0,0,1,0.19999401724083904
0.084,0.6,1,0,0,0,0,1,0.1999933848118357
0.084,0.61,1,0,0,0,0,1,0.19999569955651803
0.084,0.62,1,0,0,0,0,1,0.19999536676360816
0.084,0.63,1,0,0,0,0,1,0.1999949299782629
0.084,0.64,1,0,0,0,0,1,0.1999952756394845
0.084,0.65,1,0,0,0,0,1,0.19999522415006932
0.084,0.66,1,0,0,0,0,1,0.19999427158190597
0.084,0.67,1,0,0,0,0,1,0.20000518741511786
0.084,0.68,1,0,0,0,0,1,0.19999358861817193
0.084,0.6900000000000001,1,0,0,0,0,1,0.20000682860031704
0.084,0.7000000000000001,1,0,0,0,0,1,0.1999953155564715
0.084,0.71,1,0,0,0,0,1,0.19999490778155984
0.084,0.72,1,0,0,0,0,1,0.19999633741336484
0.084,0.73,1,0,0,0,0,1,0.19999640363377533
0.084,0.74,1,0,0,0,0,1,0.1999953099838146
0.084,0.75,1,0,0,0,0,1,0.1999962158313984
0.084,0.76,1,0,0,0,0,1,0.19999539227077803
0.084,0.77,1,0,0,0,0,1,0.19999391288978505
0.084,0.78,1,0,0,0,0,1,0.19999605562884962
0.084,0.79,3,0,0,0,1,1,0.200003837864568
0.085,0.0,1,0,0,0,0,1,0.20000531940258326
0.085,0.01,1,0,0,0,0,1,0.20000639292843958
0.085,0.02,1,0,0,0,0,1,0.20000662337539246
0.085,0.03,1,0,0,0,0,1,0.20000664843514707
0.085,0.04,1,0,0,0,0,1,0.20000684829040263
0.085,0.05,1,0,0,0,0,1,0.2000068661691252
0.085,0.06,1,0,0,0,0,1,0.20000476073018178
0.085,0.07,1,0,0,0,0,1,0.20000794590943538
0.085,0.08,1,0,0,0,0,1,0.20000512336949924
0.085,0.09,1,0,0,0,0,1,0.20000530911736059
0.085,0.1,1,0,0,0,0,1,0.20000777812368775
0.085,0.11,1,0,0,0,0,1,0.20000464408289964
0.085,0.12,1,0,0,0,0,1,0.20000582617376492
0.085,0.13,1,0,0,0,0,1,0.2000049585750129
0.085,0.14,1,0,0,0,0,1,0.2000058845274544
0.085,0.15,1,0,0,0,0,1,0.20000676289762775
0.085,0.16,1,0,0,0,0,1,0.20000641878178688
0.085,0.17,1,0,0,0,0,1,0.20000503911639603
0.085,0.18,1,0,0,0,0,1,0.2000044310340215
0.085,0.19,1,0,0,0,0,1,0.20000480372558338
0.085,0.2,1,0,0,0,0,1,0.20000352768706744
0.085,0.21,1,0,0,0,0,1,0.20000521751642195
0.085,0.22,1,0,0,0,0,1,0.2000039263869663
0.085,0.23,1,0,0,0,0,1,0.2000051717295455
0.085,0.24,1,0,0,0,0,1,0.20000740353794377
0.085,0.25,1,0,0,0,0,1,0.20000482362498131
0.085,0.26,1,0,0,0,0,1,0.20000456500076072
0.085,0.27,1,0,0,0,0,1,0.20000488671769998
0.085,0.28,1,0,0,0,0,1,0.20000398128852304
0.085,0.29,1,0,0,0,0,1,0.2000054856979922
0.085,0.3,1,0,0,0,0,1,0.20000616613634836
0.085,0.31,1,0,0,0,0,1,0.20000626072180083
0.085,0.32,1,0,0,0,0,1,0.20000554210811683
0.085,0.33,1,0,0,0,0,1,0.2000054386200245
0.085,0.34,1,0,0,0,0,1,0.2000069441726711
0.085,0.35000000000000003,1,0,0,0,0,1,0.20000505536273971
0.085,0.36,1,0,0,0,0,1,0.19999574817680826
0.085,0.37,1,0,0,0,0,1,0.19999570082084728
0.085,0.38,1,0,0,0,0,1,0.19999622134483958
0.085,0.39,1,0,0,0,0,1,0.19999500970018919
0.085,0.4,1,0,0,0,0,1,0.19999631547869257
0.085,0.41000000000000003,1,0,0,0,0,1,0.19999503769481597
0.085,0.42,1,0,0,0,0,1,0.19999508677808575
0.085,0.43,1,0,0,0,0,1,0.19999345625862833
0.085,0.44,1,0,0,0,0,1,0.1999967946828593
0.085,0.45,1,0,0,0,0,1,0.19999529882936412
0.085,0.46,1,0,0,0,0,1,0.19999590641402573
0.085,0.47000000000000003,1,0,0,0,0,1,0.19999575101594655
0.085,0.48,1,0,0,0,0,1,0.19999543120364327
0.085,0.49,1,0,0,0,0,1,0.19999514449629405
0.085,0.5,1,0,0,0,0,1,0.19999500413655824
0.085,0.51,1,0,0,0,0,1,0.19999544069189407
0.085,0.52,1,0,0,0,0,1,0.1999949574081021
0.085,0.53,1,0,0,0,0,1,0.19999387996481738
0.085,0.54,1,0,0,0,0,1,0.19999532069792983
0.085,0.55,1,0,0,0,0,1,0.1999940511257292
0.085,0.56,1,0,0,0,0,1,0.1999948712118254
0.085,0.5700000000000001,1,0,0,0,0,1,0.19999508952806902
0.085,0.58,1,0,0,0,0,1,0.1999953182187272
0.085,0.59,1,0,0,0,0,1,0.19999534694946058
0.085,0.6,1,0,0,0,0,1,0.19999484377975826
0.085,0.61,1,0,0,0,0,1,0.19999547146970878
0.085,0.62,1,0,0,0,0,1,0.19999390554581165
0.085,0.63,1,0,0,0,0,1,0.20000520221322773
0.085,0.64,1,0,0,0,0,1,0.20000491075480895
0.085,0.65,1,0,0,0,0,1,0.2000046736704174
0.085,0.66,1,0,0,0,0,1,0.1999948308814904
0.085,0.67,1,0,0,0,0,1,0.19999611986583096
0.085,0.68,1,0,0,0,0,1,0.19999486036843728
0.085,0.6900000000000001,1,0,0,0,0,1,0.1999945821164507
0.085,0.7000000000000001,1,0,0,0,0,1,0.20000564966907
0.085,0.71,1,0,0,0,0,1,0.19999545509891778
0.085,0.72,1,0,0,0,0,1,0.19999680484617574
0.085,0.73,1,0,0,0,0,1,0.19999551685983166
0.085,0.74,1,0,0,0,0,1,0.1999952853192916
0.085,0.75,1,0,0,0,0,1,0.1999958729665857
0.085,0.76,1,0,0,0,0,1,0.19999324245669634
0.085,0.77,1,0,0,0,0,1,0.1999937330021361
0.085,0.78,1,0,0,0,0,1,0.19999440233306814
0.085,0.79,3,0,0,0,1,1,0.20000381744179782
0.08600000000000001,0.0,1,0,0,0,0,1,0.20000407253721877
0.08600000000000001,0.01,1,0,0,0,0,1,0.20000626073552283
0.08600000000000001,0.02,1,0,0,0,0,1,0.2000065577996133
0.08600000000000001,0.03,1,0,0,0,0,1,0.20000659091788894
0.08600000000000001,0.04,1,0,0,0,0,1,0.20000684306064626
0.08600000000000001,0.05,1,0,0,0,0,1,0.20000493306976364
0.08600000000000001,0.06,1,0,0,0,0,1,0.20000676250441193
0.08600000000000001,0.07,1,0,0,0,0,1,0.20000703267282594
0.08600000000000001,0.08,1,0,0,0,0,1,0.20000686293524902
0.08600000000000001,0.09,1,0,0,0,0,1,0.20000588107067668
0.08600000000000001,0.1,1,0,0,0,0,1,0.2000054774640408
0.08600000000000001,0.11,1,0,0,0,0,1,0.20000460402232634
0.08600000000000001,0.12,1,0,0,0,0,1,0.20000401854951333
0.08600000000000001,0.13,1,0,0,0,0,1,0.2000046952630966
0.08600000000000001,0.14,1,0,0,0,0,1,0.2000037787132859
0.08600000000000001,0.15,1,0,0,0,0,1,0.2000055586231184
0.08600000000000001,0.16,1,0,0,0,0,1,0.2000064570695291
0.08600000000000001,0.17,1,0,0,0,0,1,0.20000444267741266
0.08600000000000001,0.18,1,0,0,0,0,1,0.2000051107632398
0.08600000000000001,0.19,1,0,0,0,0,1,0.20000462059724466
0.08600000000000001,0.2,1,0,0,0,0,1,0.20000475426725914
0.08600000000000001,0.21,1,0,0,0,0,1,0.2000046111101196
0.08600000000000001,0.22,1,0,0,0,0,1,0.20000389448564979
0.08600000000000001,0.23,1,0,0,0,0,1,0.20000394924561524
0.08600000000000001,0.24,1,0,0,0,0,1,0.20000501651615749
0.08600000000000001,0.25,1,0,0,0,0,1,0.20000572360635321
0.08600000000000001,0.26,1,0,0,0,0,1,0.2000052537352037
0.08600000000000001,0.27,1,0,0,0,0,1,0.20000476832158698
0.08600000000000001,0.28,1,0,0,0,0,1,0.20000490304320934
0.08600000000000001,0.29,1,0,0,0,0,1,0.20000528872868722
0.08600000000000001,0.3,1,0,0,0,0,1,0.20000479211298822
0.08600000000000001,0.31,1,0,0,0,0,1,0.20000696789966668
0.08600000000000001,0.32,1,0,0,0,0,1,0.20000583919811285
0.08600000000000001,0.33,1,0,0,0,0,1,0.200006423458414
0.08600000000000001,0.34,1,0,0,0,0,1,0.2000047192756758
0.08600000000000001,0.35000000000000003,1,0,0,0,0,1,0.20000544669085524
0.08600000000000001,0.36,1,0,0,0,0,1,0.1999930814732019
0.08600000000000001,0.37,1,0,0,0,0,1,0.19999506939967732
0.08600000000000001,0.38,1,0,0,0,0,1,0.19999539085766382
0.08600000000000001,0.39,1,0,0,0,0,1,0.19999499950797917
0.08600000000000001,0.4,1,0,0,0,0,1,0.19999334687629244
0.08600000000000001,0.41000000000000003,1,0,0,0,0,1,0.1999955282996089
0.08600000000000001,0.42,1,0,0,0,0,1,0.19999350155307083
0.08600000000000001,0.43,1,0,0,0,0,1,0.19999430994896167
0.08600000000000001,0.44,1,0,0,0,0,1,0.19999570817044166
0.08600000000000001,0.45,1,0,0,0,0,1,0.19999542933938785
0.08600000000000001,0.46,1,0,0,0,0,1,0.19999473557858605
0.08600000000000001,0.47000000000000003,1,0,0,0,0,1,0.1999948445663957
0.08600000000000001,0.48,1,0,0,0,0,1,0.19999603040556188
0.08600000000000001,0.49,1,0,0,0,0,1,0.19999414361742682
0.08600000000000001,0.5,1,0,0,0,0,1,0.19999655857126833
0.08600000000000001,0.51,1,0,0,0,0,1,0.1999950502771891
0.08600000000000001,0.52,1,0,0,0,0,1,0.1999962409556811
0.08600000000000001,0.53,1,0,0,0,0,1,0.19999505074266494
0.08600000000000001,0.54,1,0,0,0,0,1,0.19999312169769531
0.08600000000000001,0.55,1,0,0,0,0,1,0.19999491808213024
0.08600000000000001,0.56,1,0,0,0,0,1,0.19999500434897904
0.08600000000000001,0.5700000000000001,1,0,0,0,0,1,0.19999504872825122
0.08600000000000001,0.58,1,0,0,0,0,1,0.19999527816898377
0.08600000000000001,0.59,1,0,0,0,0,1,0.1999947269530545
0.08600000000000001,0.6,1,0,0,0,0,1,0.19999399695287712
0.08600000000000001,0.61,1,0,0,0,0,1,0.19999507419721413
0.08600000000000001,0.62,1,0,0,0,0,1,0.20000462268522956
0.08600000000000001,0.63,1,0,0,0,0,1,0.19999647846134863
0.08600000000000001,0.64,1,0,0,0,0,1,0.19999583437338175
0.08600000000000001,0.65,1,0,0,0,0,1,0.1999949890127321
0.08600000000000001,0.66,1,0,0,0,0,1,0.20000446902592955
0.08600000000000001,0.67,1,0,0,0,0,1,0.19999557681034358
0.08600000000000001,0.68,1,0,0,0,0,1,0.2000055326497987
0.08600000000000001,0.6900000000000001,1,0,0,0,0,1,0.20000498801985764
0.08600000000000001,0.7000000000000001,1,0,0,0,0,1,0.20000581665424497
0.08600000000000001,0.71,1,0,0,0,0,1,0.19999503592785364
0.08600000000000001,0.72,1,0,0,0,0,1,0.1999956073186855
0.08600000000000001,0.73,1,0,0,0,0,1,0.19999487080716688
0.08600000000000001,0.74,1,0,0,0,0,1,0.19999536525554826
0.08600000000000001,0.75,1,0,0,0,0,1,0.1999950917957
0.08600000000000001,0.76,1,0,0,0,0,1,0.19999653136972523
0.08600000000000001,0.77,1,0,0,0,0,1,0.19999551256268863
0.08600000000000001,0.78,1,0,0,0,0,1,0.19999498090865772
0.08600000000000001,0.79,3,0,0,0,1,1,0.20000379778749444
0.08700000000000001,0.0,1,0,0,0,0,1,0.20000684901700994
0.08700000000000001,0.01,1,0,0,0,0,1,0.2000053229783794
0.08700000000000001,0.02,1,0,0,0,0,1,0.2000066769829007
0.08700000000000001,0.03,1,0,0,0,0,1,0.20000663031371427
0.08700000000000001,0.04,1,0,0,0,0,1,0.20000681753429758
0.08700000000000001,0.05,1,0,0,0,0,1,0.2000066056942705
0.08700000000000001,0.06,1,0,0,0,0,1,0.2000050370042934
0.08700000000000001,0.07,1,0,0,0,0,1,0.2000060902328221
0.08700000000000001,0.08,1,0,0,0,0,1,0.20000644920940985
0.08700000000000001,0.09,1,0,0,0,0,1,0.20000574491177814
0.08700000000000001,0.1,1,0,0,0,0,1,0.2000065173677946
0.08700000000000001,0.11,1,0,0,0,0,1,0.2000046043192052
0.08700000000000001,0.12,1,0,0,0,0,1,0.2000044457414663
0.08700000000000001,0.13,1,0,0,0,0,1,0.200004805611456
0.08700000000000001,0.14,1,0,0,0,0,1,0.20000563579676892
0.08700000000000001,0.15,1,0,0,0,0,1,0.20000556002835362
0.08700000000000001,0.16,1,0,0,0,0,1,0.2000064681704726
0.08700000000000001,0.17,1,0,0,0,0,1,0.20000618539853118
0.08700000000000001,0.18,1,0,0,0,0,1,0.20000393883817755
0.08700000000000001,0.19,1,0,0,0,0,1,0.20000599857348147
0.08700000000000001,0.2,1,0,0,0,0,1,0.20000498474539405
0.08700000000000001,0.21,1,0,0,0,0,1,0.20000758130169635
0.08700000000000001,0.22,1,0,0,0,0,1,0.20000690693653378
0.08700000000000001,0.23,1,0,0,0,0,1,0.20000491211744492
0.08700000000000001,0.24,1,0,0,0,0,1,0.20000709252025978
0.08700000000000001,0.25,1,0,0,0,0,1,0.2000042970900365
0.08700000000000001,0.26,1,0,0,0,0,1,0.20000536248004738
0.08700000000000001,0.27,1,0,0,0,0,1,0.2000048737328712
0.08700000000000001,0.28,1,0,0,0,0,1,0.20000481548648474
0.08700000000000001,0.29,1,0,0,0,0,1,0.20000500209903338
0.08700000000000001,0.3,1,0,0,0,0,1,0.20000516983797342
0.08700000000000001,0.31,1,0,0,0,0,1,0.20000489664194585
0.08700000000000001,0.32,1,0,0,0,0,1,0.20000700082321557
0.08700000000000001,0.33,1,0,0,0,0,1,0.2000059776544549
0.08700000000000001,0.34,1,0,0,0,0,1,0.19999615987322264
0.08700000000000001,0.35000000000000003,1,0,0,0,0,1,0.19999380735691596
0.08700000000000001,0.36,1,0,0,0,0,1,0.19999492988483125
0.08700000000000001,0.37,1,0,0,0,0,1,0.19999559488898624
0.08700000000000001,0.38,1,0,0,0,0,1,0.19999267105498078
0.08700000000000001,0.39,1,0,0,0,0,1,0.19999321754358831
0.08700000000000001,0.4,1,0,0,0,0,1,0.19999342817006083
0.08700000000000001,0.41000000000000003,1,0,0,0,0,1,0.19999582325364607
0.08700000000000001,0.42,1,0,0,0,0,1,0.19999543370005796
0.08700000000000001,0.43,1,0,0,0,0,1,0.19999506591004973
0.08700000000000001,0.44,1,0,0,0,0,1,0.1999951689675943
0.08700000000000001,0.45,1,0,0,0,0,1,0.1999948439861176
0.08700000000000001,0.46,1,0,0,0,0,1,0.19999454708471542
0.08700000000000001,0.47000000000000003,1,0,0,0,0,1,0.19999572264992582
0.08700000000000001,0.48,1,0,0,0,0,1,0.19999372234446555
0.08700000000000001,0.49,1,0,0,0,0,1,0.1999953341606682
0.08700000000000001,0.5,1,0,0,0,0,1,0.19999302173991956
0.08700000000000001,0.51,1,0,0,0,0,1,0.19999622133082637
0.08700000000000001,0.52,1,0,0,0,0,1,0.19999484013210456
0.08700000000000001,0.53,1,0,0,0,0,1,0.19999398918969383
0.08700000000000001,0.54,1,0,0,0,0,1,0.19999335335742022
0.08700000000000001,0.55,1,0,0,0,0,1,0.19999511005129345
0.08700000000000001,0.56,1,0,0,0,0,1,0.19999528534450606
0.08700000000000001,0.5700000000000001,1,0,0,0,0,1,0.1999951160695027
0.08700000000000001,0.58,1,0,0,0,0,1,0.19999540888970632
0.08700000000000001,0.59,1,0,0,0,0,1,0.19999509070166027
0.08700000000000001,0.6,1,0,0,0,0,1,0.20000439233789102
0.08700000000000001,0.61,1,0,0,0,0,1,0.20000476815799462
0.08700000000000001,0.62,1,0,0,0,0,1,0.19999604822648961
0.08700000000000001,0.63,1,0,0,0,0,1,0.19999652547897762
0.08700000000000001,0.64,1,0,0,0,0,1,0.1999958414924091
0.08700000000000001,0.65,1,0,0,0,0,1,0.1999958567059136
0.08700000000000001,0.66,1,0,0,0,0,1,0.19999510423288908
0.08700000000000001,0.67,1,0,0,0,0,1,0.199993311780773
0.08700000000000001,0.68,1,0,0,0,0,1,0.2000053743809377
0.08700000000000001,0.6900000000000001,1,0,0,0,0,1,0.20000580885647964
0.08700000000000001,0.7000000000000001,1,0,0,0,0,1,0.1999960144868048
0.08700000000000001,0.71,1,0,0,0,0,1,0.19999428935395708
0.08700000000000001,0.72,1,0,0,0,0,1,0.19999500298373538
0.08700000000000001,0.73,1,0,0,0,0,1,0.19999519493914494
0.08700000000000001,0.74,1,0,0,0,0,1,0.19999323752953518
0.08700000000000001,0.75,1,0,0,0,0,1,0.19999452431695178
0.08700000000000001,0.76,1,0,0,0,0,1,0.19999679002684176
0.08700000000000001,0.77,1,0,0,0,0,1,0.1999935943342476
0.08700000000000001,0.78,1,0,0,0,0,1,0.19999499906719917
0.08700000000000001,0.79,3,0,0,0,1,1,0.20000377885584447
0.088,0.0,1,0,0,0,0,1,0.2000065757090381
0.088,0.01,1,0,0,0,0,1,0.20000661096008043
0.088,0.02,1,0,0,0,0,1,0.2000065759936514
0.088,0.03,1,0,0,0,0,1,0.20000659943835886
0.088,0.04,1,0,0,0,0,1,0.200006761006144
0.088,0.05,1,0,0,0,0,1,0.20000697638735038
0.088,0.06,1,0,0,0,0,1,0.20000702936387385
0.088,0.07,1,0,0,0,0,1,0.20000511504597812
0.088,0.08,1,0,0,0,0,1,0.20000674828448556
0.088,0.09,1,0,0,0,0,1,0.20000419080856346
0.088,0.1,1,0,0,0,0,1,0.20000557633795032
0.088,0.11,1,0,0,0,0,1,0.200006011703734
0.088,0.12,1,0,0,0,0,1,0.20000504382027545
0.088,0.13,1,0,0,0,0,1,0.2000049689780597
0.088,0.14,1,0,0,0,0,1,0.20000485662136344
0.088,0.15,1,0,0,0,0,1,0.20000477721214285
0.088,0.16,1,0,0,0,0,1,0.2000078704174063
0.088,0.17,1,0,0,0,0,1,0.2000062687719958
0.088,0.18,1,0,0,0,0,1,0.20000500529696438
0.088,0.19,1,0,0,0,0,1,0.20000451048020865
0.088,0.2,1,0,0,0,0,1,0.20000473603104166
0.088,0.21,1,0,0,0,0,1,0.20000744519985475
0.088,0.22,1,0,0,0,0,1,0.20000777376915865
0.088,0.23,1,0,0,0,0,1,0.20000490169041682
0.088,0.24,1,0,0,0,0,1,0.2000056469268573
0.088,0.25,1,0,0,0,0,1,0.20000714609415032
0.088,0.26,1,0,0,0,0,1,0.2000048813283076
0.088,0.27,1,0,0,0,0,1,0.2000052246738546
0.088,0.28,1,0,0,0,0,1,0.20000457561468307
0.088,0.29,1,0,0,0,0,1,0.20000494356611484
0.088,0.3,1,0,0,0,0,1,0.20000567129718932
0.088,0.31,1,0,0,0,0,1,0.20000608472194348
0.088,0.32,1,0,0,0,0,1,0.20000573344836256
0.088,0.33,1,0,0,0,0,1,0.20000555601066844
0.088,0.34,1,0,0,0,0,1,0.20000452392752655
0.088,0.35000000000000003,1,0,0,0,0,1,0.20000564393699483
0.088,0.36,1,0,0,0,0,1,0.19999485643086973
0.088,0.37,1,0,0,0,0,1,0.1999958130764297
0.088,0.38,1,0,0,0,0,1,0.19999615002825094
0.088,0.39,1,0,0,0,0,1,0.19999531803135912
0.088,0.4,1,0,0,0,0,1,0.19999498553918005
0.088,0.41000000000000003,1,0,0,0,0,1,0.19999733145609078
0.088,0.42,1,0,0,0,0,1,0.19999544717342133
0.088,0.43,1,0,0,0,0,1,0.19999492637511995
0.088,0.44,1,0,0,0,0,1,0.19999378255676495
0.088,0.45,1,0,0,0,0,1,0.1999958969839021
0.088,0.46,1,0,0,0,0,1,0.1999960297381775
0.088,0.47000000000000003,1,0,0,0,0,1,0.19999507441252057
0.088,0.48,1,0,0,0,0,1,0.19999462924759112
0.088,0.49,1,0,0,0,0,1,0.19999611564885858
0.088,0.5,1,0,0,0,0,1,0.199995056081265
0.088,0.51,1,0,0,0,0,1,0.19999579626817734
0.088,0.52,1,0,0,0,0,1,0.19999487753223347
0.088,0.53,1,0,0,0,0,1,0.19999425428041004
0.088,0.54,1,0,0,0,0,1,0.19999611504230602
0.088,0.55,1,0,0,0,0,1,0.1999959452021982
0.088,0.56,1,0,0,0,0,1,0.19999553565456357
0.088,0.5700000000000001,1,0,0,0,0,1,0.19999498928028742
0.088,0.58,1,0,0,0,0,1,0.19999663796402156
0.088,0.59,1,0,0,0,0,1,0.1999953474773014
0.088,0.6,1,0,0,0,0,1,0.19999580555504617
0.088,0.61,1,0,0,0,0,1,0.19999310626993702
0.088,0.62,1,0,0,0,0,1,0.19999580407756687
0.088,0.63,1,0,0,0,0,1,0.19999513694781104
0.088,0.64,1,0,0,0,0,1,0.1999967640304128
0.088,0.65,1,0,0,0,0,1,0.1999950267936636
0.088,0.66,1,0,0,0,0,1,0.19999585727476116
0.088,0.67,1,0,0,0,0,1,0.20000523925854327
0.088,0.68,1,0,0,0,0,1,0.19999614047801295
0.088,0.6900000000000001,1,0,0,0,0,1,0.20000474937804866
0.088,0.7000000000000001,1,0,0,0,0,1,0.19999571585341278
0.088,0.71,1,0,0,0,0,1,0.19999547489451294
0.088,0.72,1,0,0,0,0,1,0.19999476488349197
0.088,0.73,1,0,0,0,0,1,0.199995915269618
0.088,0.74,1,0,0,0,0,1,0.1999949937175259
0.088,0.75,1,0,0,0,0,1,0.19999556103789676
0.088,0.76,1,0,0,0,0,1,0.19999595715579607
0.088,0.77,1,0,0,0,0,1,0.19999507055482513
0.088,0.78,1,0,0,0,0,1,0.19999615014917457
0.088,0.79,3,0,0,0,1,1,0.2000037606095931
0.089,0.0,1,0,0,0,0,1,0.20000603337892145
0.089,0.01,1,0,0,0,0,1,0.20000433241019105
0.089,0.02,1,0,0,0,0,1,0.20000638513537514
0.089,0.03,1,0,0,0,0,1,0.20000647186678544
0.089,0.04,1,0,0,0,0,1,0.2000066673756755
0.089,0.05,1,0,0,0,0,1,0.20000686501742862
0.089,0.06,1,0,0,0,0,1,0.20000687581182183
0.089,0.07,1,0,0,0,0,1,0.20000428349212182
0.089,0.08,1,0,0,0,0,1,0.20000559463794113
0.089,0.09,1,0,0,0,0,1,0.20000418914498094
0.089,0.1,1,0,0,0,0,1,0.2000060506439444
0.089,0.11,1,0,0,0,0,1,0.20000767109289863
0.089,0.12,1,0,0,0,0,1,0.20000467745304662
0.089,0.13,1,0,0,0,0,1,0.20000506109166336
0.089,0.14,1,0,0,0,0,1,0.20000484449960765
0.089,0.15,1,0,0,0,0,1,0.20000591565802953
0.089,0.16,1,0,0,0,0,1,0.20000553995477663
0.089,0.17,1,0,0,0,0,1,0.20000633362553402
0.089,0.18,1,0,0,0,0,1,0.2000034022576885
0.089,0.19,1,0,0,0,0,1,0.20000507560280908
0.089,0.2,1,0,0,0,0,1,0.2000052925220808
0.089,0.21,1,0,0,0,0,1,0.20000459672876864
0.089,0.22,1,0,0,0,0,1,0.20000460622693808
0.089,0.23,1,0,0,0,0,1,0.20000393824471321
0.089,0.24,1,0,0,0,0,1,0.20000398560471663
0.089,0.25,1,0,0,0,0,1,0.20000546899719418
0.089,0.26,1,0,0,0,0,1,0.20000585004508056
0.089,0.27,1,0,0,0,0,1,0.20000530542774772
0.089,0.28,1,0,0,0,0,1,0.2000042717828576
0.089,0.29,1,0,0,0,0,1,0.20000487239211157
0.089,0.3,1,0,0,0,0,1,0.2000050126500222
0.089,0.31,1,0,0,0,0,1,0.20000598941524572
0.089,0.32,1,0,0,0,0,1,0.2000071120691604
0.089,0.33,1,0,0,0,0,1,0.2000057913164185
0.089,0.34,1,0,0,0,0,1,0.20000451884629578
0.089,0.35000000000000003,1,0,0,0,0,1,0.20000453866047418
0.089,0.36,1,0,0,0,0,1,0.19999562794211748
0.089,0.37,1,0,0,0,0,1,0.19999533197985858
0.089,0.38,1,0,0,0,0,1,0.19999478043853688
0.089,0.39,1,0,0,0,0,1,0.1999967988827113
0.089,0.4,1,0,0,0,0,1,0.1999951353866908
0.089,0.41000000000000003,1,0,0,0,0,1,0.19999381003265485
0.089,0.42,1,0,0,0,0,1,0.19999434945464523
0.089,0.43,1,0,0,0,0,1,0.19999503244446218
0.089,0.44,1,0,0,0,0,1,0.1999933208434569
0.089,0.45,1,0,0,0,0,1,0.19999597747499775
0.089,0.46,1,0,0,0,0,1,0.1999937880340899
0.089,0.47000000000000003,1,0,0,0,0,1,0.19999444796607033
0.089,0.48,1,0,0,0,0,1,0.19999497008633407
0.089,0.49,1,0,0,0,0,1,0.19999593812306235
0.089,0.5,1,0,0,0,0,1,0.19999336323101347
0.089,0.51,1,0,0,0,0,1,0.19999319532487572
0.089,0.52,1,0,0,0,0,1,0.19999499645908514
0.089,0.53,1,0,0,0,0,1,0.19999600845667923
0.089,0.54,1,0,0,0,0,1,0.19999572614780722
0.089,0.55,1,0,0,0,0,1,0.19999609656010328
0.089,0.56,1,0,0,0,0,1,0.19999585312102441
0.089,0.5700000000000001,1,0,0,0,0,1,0.19999542971462403
0.089,0.58,1,0,0,0,0,1,0.19999485552687232
0.089,0.59,1,0,0,0,0,1,0.19999601439899992
0.089,0.6,1,0,0,0,0,1,0.19999737486927308
0.089,0.61,1,0,0,0,0,1,0.1999948392978282
0.089,0.62,1,0,0,0,0,1,0.19999568429522
0.089,0.63,1,0,0,0,0,1,0.19999367011731192
0.089,0.64,1,0,0,0,0,1,0.2000043071995048
0.089,0.65,1,0,0,0,0,1,0.20000437827301576
0.089,0.66,1,0,0,0,0,1,0.19999502429520502
0.089,0.67,1,0,0,0,0,1,0.20000484266817162
0.089,0.68,1,0,0,0,0,1,0.19999569225368122
0.089,0.6900000000000001,1,0,0,0,0,1,0.19999618316592951
0.089,0.7000000000000001,1,0,0,0,0,1,0.20000553102567534
0.089,0.71,1,0,0,0,0,1,0.19999353964996275
0.089,0.72,1,0,0,0,0,1,0.19999612365107744
0.089,0.73,1,0,0,0,0,1,0.19999441968255588
0.089,0.74,1,0,0,0,0,1,0.1999950401485704
0.089,0.75,1,0,0,0,0,1,0.19999532224637354
0.089,0.76,1,0,0,0,0,1,0.1999940077538432
0.089,0.77,1,0,0,0,0,1,0.19999472962572676
0.089,0.78,1,0,0,0,0,1,0.19999598008610142
0.089,0.79,3,0,0,0,1,1,0.20000374300760337
0.09,0.0,1,0,0,0,0,1,0.20000320744772607
0.09,0.01,1,0,0,0,0,1,0.20000285090068512
0.09,0.02,1,0,0,0,0,1,0.20000622488817152
0.09,0.03,1,0,0,0,0,1,0.20000661232525163
0.09,0.04,1,0,0,0,0,1,0.20000668452761874
0.09,0.05,1,0,0,0,0,1,0.20000686786613334
0.09,0.06,1,0,0,0,0,1,0.2000047230084186
0.09,0.07,1,0,0,0,0,1,0.2000054534005169
0.09,0.08,1,0,0,0,0,1,0.20000701453275171
0.09,0.09,1,0,0,0,0,1,0.20000571292741115
0.09,0.1,1,0,0,0,0,1,0.20000583142685247
0.09,0.11,1,0,0,0,0,1,0.20000540193316388
0.09,0.12,1,0,0,0,0,1,0.2000046172543452
0.09,0.13,1,0,0,0,0,1,0.20000512182202332
0.09,0.14,1,0,0,0,0,1,0.20000573630856341
0.09,0.15,1,0,0,0,0,1,0.20000489596715576
0.09,0.16,1,0,0,0,0,1,0.20000680685781014
0.09,0.17,1,0,0,0,0,1,0.20000636321225976
0.09,0.18,1,0,0,0,0,1,0.2000046235797334
0.09,0.19,1,0,0,0,0,1,0.20000323740539658
0.09,0.2,1,0,0,0,0,1,0.2000032471456365
0.09,0.21,1,0,0,0,0,1,0.20000483806163608
0.09,0.22,1,0,0,0,0,1,0.20000422250335925
0.09,0.23,1,0,0,0,0,1,0.2000058691484674
0.09,0.24,1,0,0,0,0,1,0.20000395916689123
0.09,0.25,1,0,0,0,0,1,0.2000049154323677
0.09,0.26,1,0,0,0,0,1,0.20000431335701552
0.09,0.27,1,0,0,0,0,1,0.20000542793449239
0.09,0.28,1,0,0,0,0,1,0.20000494977826638
0.09,0.29,1,0,0,0,0,1,0.20000486446106813
0.09,0.3,1,0,0,0,0,1,0.20000473942985228
0.09,0.31,1,0,0,0,0,1,0.20000520734386554
0.09,0.32,1,0,0,0,0,1,0.20000698192433822
0.09,0.33,1,0,0,0,0,1,0.20000536427073293
0.09,0.34,1,0,0,0,0,1,0.2000058058340549
0.09,0.35000000000000003,1,0,0,0,0,1,0.20000605216936396
0.09,0.36,1,0,0,0,0,1,0.19999608000401659
0.09,0.37,1,0,0,0,0,1,0.19999623818919868
0.09,0.38,1,0,0,0,0,1,0.1999948885698715
0.09,0.39,1,0,0,0,0,1,0.19999541916756444
0.09,0.4,1,0,0,0,0,1,0.1999958368424655
0.09,0.41000000000000003,1,0,0,0,0,1,0.1999954920671446
0.09,0.42,1,0,0,0,0,1,0.19999519760540493
0.09,0.43,1,0,0,0,0,1,0.19999544391991236
0.09,0.44,1,0,0,0,0,1,0.1999950548984078
0.09,0.45,1,0,0,0,0,1,0.1999949915795822
0.09,0.46,1,0,0,0,0,1,0.19999513799765944
0.09,0.47000000000000003,1,0,0,0,0,1,0.19999541307773944
0.09,0.48,1,0,0,0,0,1,0.1999950938937721
0.09,0.49,1,0,0,0,0,1,0.19999576364999486
0.09,0.5,1,0,0,0,0,1,0.1999958385896279
0.09,0.51,1,0,0,0,0,1,0.19999484526695013
0.09,0.52,1,0,0,0,0,1,0.19999616009606125
0.09,0.53,1,0,0,0,0,1,0.1999954142077694
0.09,0.54,1,0,0,0,0,1,0.19999525172883598
0.09,0.55,1,0,0,0,0,1,0.1999959431944725
0.09,0.56,1,0,0,0,0,1,0.19999592085125634
0.09,0.5700000000000001,1,0,0,0,0,1,0.19999544338292596
0.09,0.58,1,0,0,0,0,1,0.19999352744922008
0.09,0.59,1,0,0,0,0,1,0.19999601416541574
0.09,0.6,1,0,0,0,0,1,0.1999960426299002
0.09,0.61,1,0,0,0,0,1,0.19999408523278267
0.09,0.62,1,0,0,0,0,1,0.1999963536185618
0.09,0.63,1,0,0,0,0,1,0.20000525589267482
0.09,0.64,1,0,0,0,0,1,0.20000524956162388
0.09,0.65,1,0,0,0,0,1,0.20000468592953763
0.09,0.66,1,0,0,0,0,1,0.19999309077331373
0.09,0.67,1,0,0,0,0,1,0.1999944636410685
0.09,0.68,1,0,0,0,0,1,0.20000659640035165
0.09,0.6900000000000001,1,0,0,0,0,1,0.20000476757103605
0.09,0.7000000000000001,1,0,0,0,0,1,0.20000395638515422
0.09,0.71,1,0,0,0,0,1,0.19999492860863438
0.09,0.72,1,0,0,0,0,1,0.19999593460362247
0.09,0.73,1,0,0,0,0,1,0.19999335693764853
0.09,0.74,1,0,0,0,0,1,0.19999487521062762
0.09,0.75,1,0,0,0,0,1,0.19999519414439082
0.09,0.76,1,0,0,0,0,1,0.19999511420093627
0.09,0.77,1,0,0,0,0,1,0.1999952484501128
0.09,0.78,1,0,0,0,0,1,0.19999381003857117
0.09,0.79,3,0,0,0,1,1,0.20000372601509317
0.091,0.0,1,0,0,0,0,1,0.2000047113919118
0.091,0.01,1,0,0,0,0,1,0.20000494939443705
0.091,0.02,1,0,0,0,0,1,0.20000530841429123
0.091,0.03,1,0,0,0,0,1,0.20000654317433544
0.091,0.04,1,0,0,0,0,1,0.20000670721770608
0.091,0.05,1,0,0,0,0,1,0.2000068441279675
0.091,0.06,1,0,0,0,0,1,0.2000074515387582
0.091,0.07,1,0,0,0,0,1,0.20000488028086197
0.091,0.08,1,0,0,0,0,1,0.20000492970792538
0.091,0.09,1,0,0,0,0,1,0.20000556208921189
0.091,0.1,1,0,0,0,0,1,0.2000055044927647
0.091,0.11,1,0,0,0,0,1,0.200006586362351
0.091,0.12,1,0,0,0,0,1,0.20000460066201844
0.091,0.13,1,0,0,0,0,1,0.20000535320901544
0.091,0.14,1,0,0,0,0,1,0.20000499806647495
0.091,0.15,1,0,0,0,0,1,0.2000050808267884
0.091,0.16,1,0,0,0,0,1,0.20000680190629083
0.091,0.17,1,0,0,0,0,1,0.20000642528637186
0.091,0.18,1,0,0,0,0,1,0.20000609413803494
0.091,0.19,1,0,0,0,0,1,0.2000049965821995
0.091,0.2,1,0,0,0,0,1,0.20000459137568186
0.091,0.21,1,0,0,0,0,1,0.20000474728116477
0.091,0.22,1,0,0,0,0,1,0.20000533933336445
0.091,0.23,1,0,0,0,0,1,0.2000078219532613
0.091,0.24,1,0,0,0,0,1,0.20000395404804275
0.091,0.25,1,0,0,0,0,1,0.20000714528407074
0.091,0.26,1,0,0,0,0,1,0.20000482624629753
0.091,0.27,1,0,0,0,0,1,0.20000494102122843
0.091,0.28,1,0,0,0,0,1,0.20000476391210664
0.091,0.29,1,0,0,0,0,1,0.200004336423338
0.091,0.3,1,0,0,0,0,1,0.20000491492745365
0.091,0.31,1,0,0,0,0,1,0.20000587188886854
0.091,0.32,1,0,0,0,0,1,0.20000668922305886
0.091,0.33,1,0,0,0,0,1,0.20000540005823378
0.091,0.34,1,0,0,0,0,1,0.20000590661420756
0.091,0.35000000000000003,1,0,0,0,0,1,0.19999545238116734
0.091,0.36,1,0,0,0,0,1,0.19999477919639766
0.091,0.37,1,0,0,0,0,1,0.19999594191867553
0.091,0.38,1,0,0,0,0,1,0.19999572190915135
0.091,0.39,1,0,0,0,0,1,0.1999947618570196
0.091,0.4,1,0,0,0,0,1,0.19999536137471172
0.091,0.41000000000000003,1,0,0,0,0,1,0.1999935835754267
0.091,0.42,1,0,0,0,0,1,0.19999657343386246
0.091,0.43,1,0,0,0,0,1,0.1999954156818092
0.091,0.44,1,0,0,0,0,1,0.19999511712966653
0.091,0.45,1,0,0,0,0,1,0.19999575176862783
0.091,0.46,1,0,0,0,0,1,0.19999573881452926
0.091,0.47000000000000003,1,0,0,0,0,1,0.19999616094422423
0.091,0.48,1,0,0,0,0,1,0.19999501933308766
0.091,0.49,1,0,0,0,0,1,0.19999364331900368
0.091,0.5,1,0,0,0,0,1,0.19999676999988122
0.091,0.51,1,0,0,0,0,1,0.1999949386131053
0.091,0.52,1,0,0,0,0,1,0.1999961534958192
0.091,0.53,1,0,0,0,0,1,0.19999467749379837
0.091,0.54,1,0,0,0,0,1,0.19999395358075686
0.091,0.55,1,0,0,0,0,1,0.19999544879178546
0.091,0.56,1,0,0,0,0,1,0.19999601479328794
0.091,0.5700000000000001,1,0,0,0,0,1,0.19999616532873202
0.091,0.58,1,0,0,0,0,1,0.1999947837640594
0.091,0.59,1,0,0,0,0,1,0.19999545256701728
0.091,0.6,1,0,0,0,0,1,0.19999546325406375
0.091,0.61,1,0,0,0,0,1,0.19999453461269884
0.091,0.62,1,0,0,0,0,1,0.2000058745483934
0.091,0.63,1,0,0,0,0,1,0.19999729768536623
0.091,0.64,1,0,0,0,0,1,0.19999575857268734
0.091,0.65,1,0,0,0,0,1,0.19999620376819233
0.091,0.66,1,0,0,0,0,1,0.20000434619272797
0.091,0.67,1,0,0,0,0,1,0.19999713515355236
0.091,0.68,1,0,0,0,0,1,0.20000521041998373
0.091,0.6900000000000001,1,0,0,0,0,1,0.20000591165739806
0.091,0.7000000000000001,1,0,0,0,0,1,0.19999396428310307
0.091,0.71,1,0,0,0,0,1,0.19999607528898655
0.091,0.72,1,0,0,0,0,1,0.1999953658169897
0.091,0.73,1,0,0,0,0,1,0.1999968977944919
0.091,0.74,1,0,0,0,0,1,0.19999319589854309
0.091,0.75,1,0,0,0,0,1,0.19999285126139313
0.091,0.76,1,0,0,0,0,1,0.19999340405942256
0.091,0.77,1,0,0,0,0,1,0.1999948665594445
0.091,0.78,1,0,0,0,0,1,0.19999511369846126
0.091,0.79,3,0,0,0,1,1,0.2000037096019368
0.092,0.0,1,0,0,0,0,1,0.20000417461701792
0.092,0.01,1,0,0,0,0,1,0.20000667869284292
0.092,0.02,1,0,0,0,0,1,0.2000062192568986
0.092,0.03,1,0,0,0,0,1,0.200006431934559
0.092,0.04,1,0,0,0,0,1,0.20000662782822595
0.092,0.05,1,0,0,0,0,1,0.20000677887983576
0.092,0.06,1,0,0,0,0,1,0.20000694859211013
0.092,0.07,1,0,0,0,0,1,0.20000692991830302
0.092,0.08,1,0,0,0,0,1,0.200004794937226
0.092,0.09,1,0,0,0,0,1,0.2000066528983004
0.092,0.1,1,0,0,0,0,1,0.20000543808912943
0.092,0.11,1,0,0,0,0,1,0.2000055794633407
0.092,0.12,1,0,0,0,0,1,0.20000576010902313
0.092,0.13,1,0,0,0,0,1,0.2000038002128218
0.092,0.14,1,0,0,0,0,1,0.20000401493179434
0.092,0.15,1,0,0,0,0,1,0.20000545212269125
0.092,0.16,1,0,0,0,0,1,0.20000488651630197
0.092,0.17,1,0,0,0,0,1,0.20000677905929284
0.092,0.18,1,0,0,0,0,1,0.2000061780715836
0.092,0.19,1,0,0,0,0,1,0.20000425739053254
0.092,0.2,1,0,0,0,0,1,0.20000507539232973
0.092,0.21,1,0,0,0,0,1,0.2000039869217914
0.092,0.22,1,0,0,0,0,1,0.20000434515606125
0.092,0.23,1,0,0,0,0,1,0.20000481052305366
0.092,0.24,1,0,0,0,0,1,0.20000490712801083
0.092,0.25,1,0,0,0,0,1,0.2000051320921888
0.092,0.26,1,0,0,0,0,1,0.2000053989704175
0.092,0.27,1,0,0,0,0,1,0.2000059599940287
0.092,0.28,1,0,0,0,0,1,0.20000534496998562
0.092,0.29,1,0,0,0,0,1,0.20000553459948067
0.092,0.3,1,0,0,0,0,1,0.2000048184203915
0.092,0.31,1,0,0,0,0,1,0.20000511282366773
0.092,0.32,1,0,0,0,0,1,0.2000059282658015
0.092,0.33,1,0,0,0,0,1,0.20000557051842582
0.092,0.34,1,0,0,0,0,1,0.2000050860284081
0.092,0.35000000000000003,1,0,0,0,0,1,0.20000757386492718
0.092,0.36,1,0,0,0,0,1,0.20000698644794554
0.092,0.37,1,0,0,0,0,1,0.19999389013017116
0.092,0.38,1,0,0,0,0,1,0.1999953577067608
0.092,0.39,1,0,0,0,0,1,0.1999952377871075
0.092,0.4,1,0,0,0,0,1,0.19999405303002396
0.092,0.41000000000000003,1,0,0,0,0,1,0.19999532048172625
0.092,0.42,1,0,0,0,0,1,0.19999662302802232
0.092,0.43,1,0,0,0,0,1,0.1999954068507146
0.092,0.44,1,0,0,0,0,1,0.1999958947826775
0.092,0.45,1,0,0,0,0,1,0.1999961023720921
0.092,0.46,1,0,0,0,0,1,0.19999340140785896
0.092,0.47000000000000003,1,0,0,0,0,1,0.19999498437377297
0.092,0.48,1,0,0,0,0,1,0.19999377406846006
0.092,0.49,1,0,0,0,0,1,0.19999577807488828
0.092,0.5,1,0,0,0,0,1,0.1999950695877584
0.092,0.51,1,0,0,0,0,1,0.1999937376957669
0.092,0.52,1,0,0,0,0,1,0.1999932840202556
0.092,0.53,1,0,0,0,0,1,0.19999542635776882
0.092,0.54,1,0,0,0,0,1,0.19999543438308243
0.092,0.55,1,0,0,0,0,1,0.19999508431784616
0.092,0.56,1,0,0,0,0,1,0.1999960411966319
0.092,0.5700000000000001,1,0,0,0,0,1,0.1999966260628552
0.092,0.58,1,0,0,0,0,1,0.1999947542612824
0.092,0.59,1,0,0,0,0,1,0.19999544070951975
0.092,0.6,1,0,0,0,0,1,0.19999475390226665
0.092,0.61,1,0,0,0,0,1,0.200005572277669
0.092,0.62,1,0,0,0,0,1,0.19999413580520012
0.092,0.63,1,0,0,0,0,1,0.1999956951287611
0.092,0.64,1,0,0,0,0,1,0.1999956212872034
0.092,0.65,1,0,0,0,0,1,0.1999958851782921
0.092,0.66,1,0,0,0,0,1,0.19999524268276014
0.092,0.67,1,0,0,0,0,1,0.200005191311906
0.092,0.68,1,0,0,0,0,1,0.20000581594743813
0.092,0.6900000000000001,1,0,0,0,0,1,0.20000348494204195
0.092,0.7000000000000001,1,0,0,0,0,1,0.19999642592036757
0.092,0.71,1,0,0,0,0,1,0.19999550714623823
0.092,0.72,1,0,0,0,0,1,0.19999556467516286
0.092,0.73,1,0,0,0,0,1,0.1999972970161798
0.092,0.74,1,0,0,0,0,1,0.19999523280955128
0.092,0.75,1,0,0,0,0,1,0.19999490723774624
0.092,0.76,1,0,0,0,0,1,0.19999672345137173
0.092,0.77,1,0,0,0,0,1,0.1999949106552494
0.092,0.78,1,0,0,0,0,1,0.19999243963746752
0.092,0.79,3,0,0,0,1,1,0.20000369373567883
0.093,0.0,1,0,0,0,0,1,0.20000398535652983
0.093,0.01,1,0,0,0,0,1,0.20000465179884802
0.093,0.02,1,0,0,0,0,1,0.20000416622356937
0.093,0.03,1,0,0,0,0,1,0.20000635128878955
0.093,0.04,1,0,0,0,0,1,0.20000671877265416
0.093,0.05,1,0,0,0,0,1,0.20000672214015944
0.093,0.06,1,0,0,0,0,1,0.20000695565956458
0.093,0.07,1,0,0,0,0,1,0.20000695080014902
0.093,0.08,1,0,0,0,0,1,0.20000416011131128
0.093,0.09,1,0,0,0,0,1,0.20000554724631106
0.093,0.1,1,0,0,0,0,1,0.20000540228727917
0.093,0.11,1,0,0,0,0,1,0.20000557803553715
0.093,0.12,1,0,0,0,0,1,0.20000751932914804
0.093,0.13,1,0,0,0,0,1,0.20000461541176934
0.093,0.14,1,0,0,0,0,1,0.20000516585913503
0.093,0.15,1,0,0,0,0,1,0.20000445384399332
0.093,0.16,1,0,0,0,0,1,0.20000461042104206
0.093,0.17,1,0,0,0,0,1,0.2000055220744408
0.093,0.18,1,0,0,0,0,1,0.20000623200686993
0.093,0.19,1,0,0,0,0,1,0.20000473427774942
0.093,0.2,1,0,0,0,0,1,0.20000501075506047
0.093,0.21,1,0,0,0,0,1,0.2000047841938018
0.093,0.22,1,0,0,0,0,1,0.20000492253270633
0.093,0.23,1,0,0,0,0,1,0.20000480397435003
0.093,0.24,1,0,0,0,0,1,0.20000491276285215
0.093,0.25,1,0,0,0,0,1,0.20000400744846214
0.093,0.26,1,0,0,0,0,1,0.20000531222643958
0.093,0.27,1,0,0,0,0,1,0.20000440154880894
0.093,0.28,1,0,0,0,0,1,0.20000552023381055
0.093,0.29,1,0,0,0,0,1,0.20000501789641092
0.093,0.3,1,0,0,0,0,1,0.20000393447622358
0.093,0.31,1,0,0,0,0,1,0.2000047291765194
0.093,0.32,1,0,0,0,0,1,0.2000070445678096
0.093,0.33,1,0,0,0,0,1,0.20000549988004707
0.093,0.34,1,0,0,0,0,1,0.19999489155740932
0.093,0.35000000000000003,1,0,0,0,0,1,0.2000052914087165
0.093,0.36,1,0,0,0,0,1,0.20000472022682939
0.093,0.37,1,0,0,0,0,1,0.1999957523361409
0.093,0.38,1,0,0,0,0,1,0.1999961562135854
0.093,0.39,1,0,0,0,0,1,0.19999689221013078
0.093,0.4,1,0,0,0,0,1,0.19999584027421324
0.093,0.41000000000000003,1,0,0,0,0,1,0.199995156872235
0.093,0.42,1,0,0,0,0,1,0.19999602977057537
0.093,0.43,1,0,0,0,0,1,0.19999542877358198
0.093,0.44,1,0,0,0,0,1,0.19999566939262894
0.093,0.45,1,0,0,0,0,1,0.1999953750401391
0.093,0.46,1,0,0,0,0,1,0.19999543981187276
0.093,0.47000000000000003,1,0,0,0,0,1,0.1999961411386248
0.093,0.48,1,0,0,0,0,1,0.19999573137371707
0.093,0.49,1,0,0,0,0,1,0.19999600924375177
0.093,0.5,1,0,0,0,0,1,0.19999368791824973
0.093,0.51,1,0,0,0,0,1,0.19999588248452038
0.093,0.52,1,0,0,0,0,1,0.1999934196414667
0.093,0.53,1,0,0,0,0,1,0.19999611440033147
0.093,0.54,1,0,0,0,0,1,0.199996190410457
0.093,0.55,1,0,0,0,0,1,0.19999483324175063
0.093,0.56,1,0,0,0,0,1,0.19999595453320443
0.093,0.5700000000000001,1,0,0,0,0,1,0.19999614430207835
0.093,0.58,1,0,0,0,0,1,0.19999538982452555
0.093,0.59,1,0,0,0,0,1,0.19999681418680187
0.093,0.6,1,0,0,0,0,1,0.20000350243575693
0.093,0.61,1,0,0,0,0,1,0.19999592982920017
0.093,0.62,1,0,0,0,0,1,0.1999948518164351
0.093,0.63,1,0,0,0,0,1,0.19999585370700557
0.093,0.64,1,0,0,0,0,1,0.1999941565077208
0.093,0.65,1,0,0,0,0,1,0.19999543029975306
0.093,0.66,1,0,0,0,0,1,0.19999498681545852
0.093,0.67,1,0,0,0,0,1,0.20000712291243536
0.093,0.68,1,0,0,0,0,1,0.19999511667989417
0.093,0.6900000000000001,1,0,0,0,0,1,0.19999492063164598
0.093,0.7000000000000001,1,0,0,0,0,1,0.19999561879162542
0.093,0.71,1,0,0,0,0,1,0.19999586973201158
0.093,0.72,1,0,0,0,0,1,0.19999596247445137
0.093,0.73,1,0,0,0,0,1,0.19999717380804247
0.093,0.74,1,0,0,0,0,1,0.19999593584772865
0.093,0.75,1,0,0,0,0,1,0.19999512438201364
0.093,0.76,1,0,0,0,0,1,0.19999426297007894
0.093,0.77,1,0,0,0,0,1,0.1999948572137141
0.093,0.78,1,0,0,0,0,1,0.19999451722521325
0.093,0.79,3,0,0,0,1,1,0.2000036783879911
0.094,0.0,1,0,0,0,0,1,0.20000389681310607
0.094,0.01,1,0,0,0,0,1,0.2000044861064212
0.094,0.02,1,0,0,0,0,1,0.20000655411794965
0.094,0.03,1,0,0,0,0,1,0.2000060475485701
0.094,0.04,1,0,0,0,0,1,0.20000666357334632
0.094,0.05,1,0,0,0,0,1,0.2000067445538025
0.094,0.06,1,0,0,0,0,1,0.2000069326581679
0.094,0.07,1,0,0,0,0,1,0.20000673222452509
0.094,0.08,1,0,0,0,0,1,0.20000607660356276
0.094,0.09,1,0,0,0,0,1,0.20000528629919903
0.094,0.1,1,0,0,0,0,1,0.20000548725623485
0.094,0.11,1,0,0,0,0,1,0.2000056314686862
0.094,0.12,1,0,0,0,0,1,0.20000529847033344
0.094,0.13,1,0,0,0,0,1,0.20000453840176974
0.094,0.14,1,0,0,0,0,1,0.20000489868289636
0.094,0.15,1,0,0,0,0,1,0.20000513526323851
0.094,0.16,1,0,0,0,0,1,0.20000509059973115
0.094,0.17,1,0,0,0,0,1,0.2000067994518398
0.094,0.18,1,0,0,0,0,1,0.2000062505225894
0.094,0.19,1,0,0,0,0,1,0.2000046208156404
0.094,0.2,1,0,0,0,0,1,0.20000466321078322
0.094,0.21,1,0,0,0,0,1,0.20000559848611066
0.094,0.22,1,0,0,0,0,1,0.20000403804451236
0.094,0.23,1,0,0,0,0,1,0.2000051000495377
0.094,0.24,1,0,0,0,0,1,0.2000040208338946
0.094,0.25,1,0,0,0,0,1,0.20000497584318142
0.094,0.26,1,0,0,0,0,1,0.20000481937320577
0.094,0.27,1,0,0,0,0,1,0.20000583790225582
0.094,0.28,1,0,0,0,0,1,0.20000500334886226
0.094,0.29,1,0,0,0,0,1,0.2000049422323242
0.094,0.3,1,0,0,0,0,1,0.2000041182429748
0.094,0.31,1,0,0,0,0,1,0.2000048590973718
0.094,0.32,1,0,0,0,0,1,0.20000699035147368
0.094,0.33,1,0,0,0,0,1,0.2000068299782554
0.094,0.34,1,0,0,0,0,1,0.20000583265191707
0.094,0.35000000000000003,1,0,0,0,0,1,0.20000521242126384
0.094,0.36,1,0,0,0,0,1,0.20000398245253026
0.094,0.37,1,0,0,0,0,1,0.19999500878736415
0.094,0.38,1,0,0,0,0,1,0.19999650364464278
0.094,0.39,1,0,0,0,0,1,0.1999961327724714
0.094,0.4,1,0,0,0,0,1,0.19999307095199137
0.094,0.41000000000000003,1,0,0,0,0,1,0.19999512833540362
0.094,0.42,1,0,0,0,0,1,0.19999595171909068
0.094,0.43,1,0,0,0,0,1,0.1999950341794147
0.094,0.44,1,0,0,0,0,1,0.19999534266286997
0.094,0.45,1,0,0,0,0,1,0.1999958873037955
0.094,0.46,1,0,0,0,0,1,0.19999565672156489
0.094,0.47000000000000003,1,0,0,0,0,1,0.19999633523645094
0.094,0.48,1,0,0,0,0,1,0.19999514976779556
0.094,0.49,1,0,0,0,0,1,0.19999561660560794
0.094,0.5,1,0,0,0,0,1,0.1999954567645854
0.094,0.51,1,0,0,0,0,1,0.199995960627951
0.094,0.52,1,0,0,0,0,1,0.1999955580281749
0.094,0.53,1,0,0,0,0,1,0.19999592591901708
0.094,0.54,1,0,0,0,0,1,0.1999956423903732
0.094,0.55,1,0,0,0,0,1,0.1999939480172522
0.094,0.56,1,0,0,0,0,1,0.19999411787173663
0.094,0.5700000000000001,1,0,0,0,0,1,0.19999623838435854
0.094,0.58,1,0,0,0,0,1,0.19999606868595193
0.094,0.59,1,0,0,0,0,1,0.19999549954901108
0.094,0.6,1,0,0,0,0,1,0.19999539062680866
0.094,0.61,1,0,0,0,0,1,0.19999666485675788
0.094,0.62,1,0,0,0,0,1,0.1999936949177393
0.094,0.63,1,0,0,0,0,1,0.19999666145123188
0.094,0.64,1,0,0,0,0,1,0.20000483450871523
0.094,0.65,1,0,0,0,0,1,0.20000532796866638
0.094,0.66,1,0,0,0,0,1,0.19999389904984877
0.094,0.67,1,0,0,0,0,1,0.19999577728331625
0.094,0.68,1,0,0,0,0,1,0.19999596930623867
0.094,0.6900000000000001,1,0,0,0,0,1,0.20000573012415654
0.094,0.7000000000000001,1,0,0,0,0,1,0.20000678274534783
0.094,0.71,1,0,0,0,0,1,0.1999951923728433
0.094,0.72,1,0,0,0,0,1,0.19999589064137685
0.094,0.73,1,0,0,0,0,1,0.1999954923943759
0.094,0.74,1,0,0,0,0,1,0.19999590001004716
0.094,0.75,1,0,0,0,0,1,0.19999481883580228
0.094,0.76,1,0,0,0,0,1,0.19999612148923418
0.094,0.77,1,0,0,0,0,1,0.19999591152516685
0.094,0.78,1,0,0,0,0,1,0.1999955158498674
0.094,0.79,3,0,0,0,1,1,0.2000036635358612
0.095,0.0,1,0,0,0,0,1,0.2000060666288643
0.095,0.01,1,0,0,0,0,1,0.20000390523564937
0.095,0.02,1,0,0,0,0,1,0.2000040796481458
0.095,0.03,1,0,0,0,0,1,0.20000610045985376
0.095,0.04,1,0,0,0,0,1,0.20000659216528507
0.095,0.05,1,0,0,0,0,1,0.20000673309327718
0.095,0.06,1,0,0,0,0,1,0.20000687637252723
0.095,0.07,1,0,0,0,0,1,0.20000693020144955
0.095,0.08,1,0,0,0,0,1,0.20000728353887368
0.095,0.09,1,0,0,0,0,1,0.20000511894349052
0.095,0.1,1,0,0,0,0,1,0.2000055766476309
0.095,0.11,1,0,0,0,0,1,0.2000055628482868
0.095,0.12,1,0,0,0,0,1,0.20000663110214167
0.095,0.13,1,0,0,0,0,1,0.2000046056429467
0.095,0.14,1,0,0,0,0,1,0.20000542272618269
0.095,0.15,1,0,0,0,0,1,0.2000051598111975
0.095,0.16,1,0,0,0,0,1,0.20000516711031208
0.095,0.17,1,0,0,0,0,1,0.20000567729440447
0.095,0.18,1,0,0,0,0,1,0.20000640453483526
0.095,0.19,1,0,0,0,0,1,0.2000046236384484
0.095,0.2,1,0,0,0,0,1,0.20000513030066047
0.095,0.21,1,0,0,0,0,1,0.20000393672734498
0.095,0.22,1,0,0,0,0,1,0.2000050241935431
0.095,0.23,1,0,0,0,0,1,0.2000063348947231
0.095,0.24,1,0,0,0,0,1,0.2000046738619512
0.095,0.25,1,0,0,0,0,1,0.20000396624054878
0.095,0.26,1,0,0,0,0,1,0.20000505682377961
0.095,0.27,1,0,0,0,0,1,0.20000510172680683
0.095,0.28,1,0,0,0,0,1,0.20000604325975513
0.095,0.29,1,0,0,0,0,1,0.20000540711989956
0.095,0.3,1,0,0,0,0,1,0.20000583242306785
0.095,0.31,1,0,0,0,0,1,0.2000055427905979
0.095,0.32,1,0,0,0,0,1,0.20000518716437113
0.095,0.33,1,0,0,0,0,1,0.2000061626111631
0.095,0.34,1,0,0,0,0,1,0.1999949451961862
0.095,0.35000000000000003,1,0,0,0,0,1,0.2000056207729254
0.095,0.36,1,0,0,0,0,1,0.20000463742813504
0.095,0.37,1,0,0,0,0,1,0.19999569260277214
0.095,0.38,1,0,0,0,0,1,0.1999957346743627
0.095,0.39,1,0,0,0,0,1,0.19999543409873044
0.095,0.4,1,0,0,0,0,1,0.19999455819345785
0.095,0.41000000000000003,1,0,0,0,0,1,0.199996688931104
0.095,0.42,1,0,0,0,0,1,0.19999559297807745
0.095,0.43,1,0,0,0,0,1,0.19999584690161942
0.095,0.44,1,0,0,0,0,1,0.1999953535483075
0.095,0.45,1,0,0,0,0,1,0.1999957002021317
0.095,0.46,1,0,0,0,0,1,0.19999596075843784
0.095,0.47000000000000003,1,0,0,0,0,1,0.19999536503425255
0.095,0.48,1,0,0,0,0,1,0.19999537505637632
0.095,0.49,1,0,0,0,0,1,0.19999526003463705
0.095,0.5,1,0,0,0,0,1,0.19999599420974956
0.095,0.51,1,0,0,0,0,1,0.1999953965392092
0.095,0.52,1,0,0,0,0,1,0.19999505560107034
0.095,0.53,1,0,0,0,0,1,0.19999501487991048
0.095,0.54,1,0,0,0,0,1,0.19999615767422643
0.095,0.55,1,0,0,0,0,1,0.19999541473164195
0.095,0.56,1,0,0,0,0,1,0.19999539086475315
0.095,0.5700000000000001,1,0,0,0,0,1,0.19999552030092477
0.095,0.58,1,0,0,0,0,1,0.19999417265206204
0.095,0.59,1,0,0,0,0,1,0.19999499270885654
0.095,0.6,1,0,0,0,0,1,0.19999538070533876
0.095,0.61,1,0,0,0,0,1,0.19999508009431413
0.095,0.62,1,0,0,0,0,1,0.1999967918791386
0.095,0.63,1,0,0,0,0,1,0.2000055127246827
0.095,0.64,1,0,0,0,0,1,0.20000340252541587
0.095,0.65,1,0,0,0,0,1,0.20000516335372695
0.095,0.66,1,0,0,0,0,1,0.20000446909709066
0.095,0.67,1,0,0,0,0,1,0.19999422697405111
0.095,0.68,1,0,0,0,0,1,0.20000560164553519
0.095,0.6900000000000001,1,0,0,0,0,1,0.20000498758550267
0.095,0.7000000000000001,1,0,0,0,0,1,0.19999317849979253
0.095,0.71,1,0,0,0,0,1,0.19999462304847898
0.095,0.72,1,0,0,0,0,1,0.19999535002167534
0.095,0.73,1,0,0,0,0,1,0.19999412723874024
0.095,0.74,1,0,0,0,0,1,0.1999960701582723
0.095,0.75,1,0,0,0,0,1,0.1999954580615416
0.095,0.76,1,0,0,0,0,1,0.19999531077618557
0.095,0.77,1,0,0,0,0,1,0.19999494805159124
0.095,0.78,1,0,0,0,0,1,0.19999527047541535
0.095,0.79,3,0,0,0,1,1,0.20000364915182658
0.096,0.0,1,0,0,0,0,1,0.20000396466966294
0.096,0.01,1,0,0,0,0,1,0.200004523884852
0.096,0.02,1,0,0,0,0,1,0.20000652634797078
0.096,0.03,1,0,0,0,0,1,0.20000537721645326
0.096,0.04,1,0,0,0,0,1,0.2000064168231994
0.096,0.05,1,0,0,0,0,1,0.20000661629888897
0.096,0.06,1,0,0,0,0,1,0.20000640666209785
0.096,0.07,1,0,0,0,0,1,0.2000069728252014
0.096,0.08,1,0,0,0,0,1,0.20000685466657658
0.096,0.09,1,0,0,0,0,1,0.20000570094512826
0.096,0.1,1,0,0,0,0,1,0.20000518430669947
0.096,0.11,1,0,0,0,0,1,0.20000602631610956
0.096,0.12,1,0,0,0,0,1,0.20000457410571781
0.096,0.13,1,0,0,0,0,1,0.20000459885371294
0.096,0.14,1,0,0,0,0,1,0.20000490742305624
0.096,0.15,1,0,0,0,0,1,0.20000518611210694
0.096,0.16,1,0,0,0,0,1,0.20000533106250593
0.096,0.17,1,0,0,0,0,1,0.2000035248847199
0.096,0.18,1,0,0,0,0,1,0.20000677881754012
0.096,0.19,1,0,0,0,0,1,0.2000046258320429
0.096,0.2,1,0,0,0,0,1,0.2000039255592334
0.096,0.21,1,0,0,0,0,1,0.2000049743285177
0.096,0.22,1,0,0,0,0,1,0.2000050757263116
0.096,0.23,1,0,0,0,0,1,0.20000485109038676
0.096,0.24,1,0,0,0,0,1,0.2000053078833124
0.096,0.25,1,0,0,0,0,1,0.2000049136662551
0.096,0.26,1,0,0,0,0,1,0.2000053457466863
0.096,0.27,1,0,0,0,0,1,0.20000516638477164
0.096,0.28,1,0,0,0,0,1,0.200004487280356
0.096,0.29,1,0,0,0,0,1,0.2000055432726435
0.096,0.3,1,0,0,0,0,1,0.20000463519642148
0.096,0.31,1,0,0,0,0,1,0.20000491498696515
0.096,0.32,1,0,0,0,0,1,0.20000504055402035
0.096,0.33,1,0,0,0,0,1,0.20000678621953835
0.096,0.34,1,0,0,0,0,1,0.1999932011181063
0.096,0.35000000000000003,1,0,0,0,0,1,0.20000553925492198
0.096,0.36,1,0,0,0,0,1,0.20000506533621348
0.096,0.37,1,0,0,0,0,1,0.19999496262683372
0.096,0.38,1,0,0,0,0,1,0.1999951049448717
0.096,0.39,1,0,0,0,0,1,0.19999539486841403
0.096,0.4,1,0,0,0,0,1,0.1999954402690445
0.096,0.41000000000000003,1,0,0,0,0,1,0.1999940517332238
0.096,0.42,1,0,0,0,0,1,0.19999610796288586
0.096,0.43,1,0,0,0,0,1,0.19999617002292686
0.096,0.44,1,0,0,0,0,1,0.19999530139538468
0.096,0.45,1,0,0,0,0,1,0.19999584156263436
0.096,0.46,1,0,0,0,0,1,0.19999582569039942
0.096,0.47000000000000003,1,0,0,0,0,1,0.19999604357374548
0.096,0.48,1,0,0,0,0,1,0.19999595629101732
0.096,0.49,1,0,0,0,0,1,0.19999496532925654
0.096,0.5,1,0,0,0,0,1,0.1999931135450523
0.096,0.51,1,0,0,0,0,1,0.19999617752481896
0.096,0.52,1,0,0,0,0,1,0.19999619957894446
0.096,0.53,1,0,0,0,0,1,0.199993386429851
0.096,0.54,1,0,0,0,0,1,0.1999964882233206
0.096,0.55,1,0,0,0,0,1,0.19999613097417018
0.096,0.56,1,0,0,0,0,1,0.19999515077695865
0.096,0.5700000000000001,1,0,0,0,0,1,0.19999677520465217
0.096,0.58,1,0,0,0,0,1,0.19999490210176085
0.096,0.59,1,0,0,0,0,1,0.19999334591550558
0.096,0.6,1,0,0,0,0,1,0.19999618683054524
0.096,0.61,1,0,0,0,0,1,0.19999310353435293
0.096,0.62,1,0,0,0,0,1,0.20000525539075006
0.096,0.63,1,0,0,0,0,1,0.2000043061307066
0.096,0.64,1,0,0,0,0,1,0.19999590904221123
0.096,0.65,1,0,0,0,0,1,0.19999531642551582
0.096,0.66,1,0,0,0,0,1,0.19999540427542856
0.096,0.67,1,0,0,0,0,1,0.19999463744632873
0.096,0.68,1,0,0,0,0,1,0.20000529951023233
0.096,0.6900000000000001,1,0,0,0,0,1,0.20000634727844582
0.096,0.7000000000000001,1,0,0,0,0,1,0.20000504375018124
0.096,0.71,1,0,0,0,0,1,0.1999962194943978
0.096,0.72,1,0,0,0,0,1,0.19999447711106286
0.096,0.73,1,0,0,0,0,1,0.1999945980415434
0.096,0.74,1,0,0,0,0,1,0.19999625871828988
0.096,0.75,1,0,0,0,0,1,0.19999543426213412
0.096,0.76,1,0,0,0,0,1,0.19999568250332936
0.096,0.77,1,0,0,0,0,1,0.19999441563606069
0.096,0.78,1,0,0,0,0,1,0.19999447823196523
0.096,0.79,3,0,0,0,1,1,0.20000363521319414
0.097,0.0,1,0,0,0,0,1,0.2000049830761411
0.097,0.01,1,0,0,0,0,1,0.20000488655925622
0.097,0.02,1,0,0,0,0,1,0.20000660906932033
0.097,0.03,1,0,0,0,0,1,0.20000519669368144
0.097,0.04,1,0,0,0,0,1,0.2000061930109332
0.097,0.05,1,0,0,0,0,1,0.20000674314795744
0.097,0.06,1,0,0,0,0,1,0.20000694868557947
0.097,0.07,1,0,0,0,0,1,0.20000699132263552
0.097,0.08,1,0,0,0,0,1,0.20000693233839534
0.097,0.09,1,0,0,0,0,1,0.2000056123738605
0.097,0.1,1,0,0,0,0,1,0.20000614206495448
0.097,0.11,1,0,0,0,0,1,0.20000596055062442
0.097,0.12,1,0,0,0,0,1,0.20000757828189866
0.097,0.13,1,0,0,0,0,1,0.20000732651063205
0.097,0.14,1,0,0,0,0,1,0.20000492928717817
0.097,0.15,1,0,0,0,0,1,0.20000510039932415
0.097,0.16,1,0,0,0,0,1,0.20000530981813094
0.097,0.17,1,0,0,0,0,1,0.20000460524016295
0.097,0.18,1,0,0,0,0,1,0.20000684737764976
0.097,0.19,1,0,0,0,0,1,0.20000611448973388
0.097,0.2,1,0,0,0,0,1,0.20000462003254188
0.097,0.21,1,0,0,0,0,1,0.20000361223497243
0.097,0.22,1,0,0,0,0,1,0.20000463410328057
0.097,0.23,1,0,0,0,0,1,0.20000429145650975
0.097,0.24,1,0,0,0,0,1,0.20000517330246745
0.097,0.25,1,0,0,0,0,1,0.20000487707386447
0.097,0.26,1,0,0,0,0,1,0.200005199854069
0.097,0.27,1,0,0,0,0,1,0.20000481967324085
0.097,0.28,1,0,0,0,0,1,0.2000063167355275
0.097,0.29,1,0,0,0,0,1,0.20000506699319476
0.097,0.3,1,0,0,0,0,1,0.20000512724073014
0.097,0.31,1,0,0,0,0,1,0.20000550705218073
0.097,0.32,1,0,0,0,0,1,0.2000048580723272
0.097,0.33,1,0,0,0,0,1,0.20000696102599755
0.097,0.34,1,0,0,0,0,1,0.1999932470296602
0.097,0.35000000000000003,1,0,0,0,0,1,0.19999530585172073
0.097,0.36,1,0,0,0,0,1,0.20000457956668738
0.097,0.37,1,0,0,0,0,1,0.19999618248202747
0.097,0.38,1,0,0,0,0,1,0.19999603535490115
0.097,0.39,1,0,0,0,0,1,0.19999610564684253
0.097,0.4,1,0,0,0,0,1,0.1999952535331796
0.097,0.41000000000000003,1,0,0,0,0,1,0.19999728755272161
0.097,0.42,1,0,0,0,0,1,0.19999406886878474
0.097,0.43,1,0,0,0,0,1,0.19999716740764376
0.097,0.44,1,0,0,0,0,1,0.19999425620130395
0.097,0.45,1,0,0,0,0,1,0.1999948008880017
0.097,0.46,1,0,0,0,0,1,0.1999952134965208
0.097,0.47000000000000003,1,0,0,0,0,1,0.1999957114317465
0.097,0.48,1,0,0,0,0,1,0.19999588411067284
0.097,0.49,1,0,0,0,0,1,0.19999531793763844
0.097,0.5,1,0,0,0,0,1,0.19999483008273766
0.097,0.51,1,0,0,0,0,1,0.19999439466885752
0.097,0.52,1,0,0,0,0,1,0.1999949122379444
0.097,0.53,1,0,0,0,0,1,0.19999559387816027
0.097,0.54,1,0,0,0,0,1,0.1999951093773582
0.097,0.55,1,0,0,0,0,1,0.19999462334877705
0.097,0.56,1,0,0,0,0,1,0.19999417956673282
0.097,0.5700000000000001,1,0,0,0,0,1,0.19999392554109763
0.097,0.58,1,0,0,0,0,1,0.19999397499990756
0.097,0.59,1,0,0,0,0,1,0.1999956256028243
0.097,0.6,1,0,0,0,0,1,0.1999968159716206
0.097,0.61,1,0,0,0,0,1,0.20000695910648209
0.097,0.62,1,0,0,0,0,1,0.19999496454909985
0.097,0.63,1,0,0,0,0,1,0.1999955073895195
0.097,0.64,1,0,0,0,0,1,0.19999621960561204
0.097,0.65,1,0,0,0,0,1,0.19999531611162866
0.097,0.66,1,0,0,0,0,1,0.19999321053776745
0.097,0.67,1,0,0,0,0,1,0.20000542679544553
0.097,0.68,1,0,0,0,0,1,0.19999546963124584
0.097,0.6900000000000001,1,0,0,0,0,1,0.1999943469032351
0.097,0.7000000000000001,1,0,0,0,0,1,0.1999942156787727
0.097,0.71,1,0,0,0,0,1,0.20000586107096102
0.097,0.72,1,0,0,0,0,1,0.19999342127660755
0.097,0.73,1,0,0,0,0,1,0.1999960060177867
0.097,0.74,1,0,0,0,0,1,0.19999588904358578
0.097,0.75,1,0,0,0,0,1,0.1999935794533106
0.097,0.76,1,0,0,0,0,1,0.19999558955162192
0.097,0.77,1,0,0,0,0,1,0.19999567969684887
0.097,0.78,1,0,0,0,0,1,0.1999956625587193
0.097,0.79,3,0,0,0,1,1,0.20000362170147923
0.098,0.0,1,0,0,0,0,1,0.2000039462164031
0.098,0.01,1,0,0,0,0,1,0.2000045312376023
0.098,0.02,1,0,0,0,0,1,0.20000359760424813
0.098,0.03,1,0,0,0,0,1,0.20000590430598983
0.098,0.04,1,0,0,0,0,1,0.20000615829822135
0.098,0.05,1,0,0,0,0,1,0.20000667978790693
0.098,0.06,1,0,0,0,0,1,0.20000767390461072
0.098,0.07,1,0,0,0,0,1,0.20000698447731136
0.098,0.08,1,0,0,0,0,1,0.2000069697993414
0.098,0.09,1,0,0,0,0,1,0.20000370186478017
0.098,0.1,1,0,0,0,0,1,0.2000048446376911
0.098,0.11,1,0,0,0,0,1,0.20000707546097396
0.098,0.12,1,0,0,0,0,1,0.20000496821222732
0.098,0.13,1,0,0,0,0,1,0.2000051687054518
0.098,0.14,1,0,0,0,0,1,0.20000456180826312
0.098,0.15,1,0,0,0,0,1,0.20000569922095854
0.098,0.16,1,0,0,0,0,1,0.20000519870783687
0.098,0.17,1,0,0,0,0,1,0.2000054310183799
0.098,0.18,1,0,0,0,0,1,0.2000068524588975
0.098,0.19,1,0,0,0,0,1,0.2000061196504181
0.098,0.2,1,0,0,0,0,1,0.20000461978214407
0.098,0.21,1,0,0,0,0,1,0.2000049954120597
0.098,0.22,1,0,0,0,0,1,0.2000046891492135
0.098,0.23,1,0,0,0,0,1,0.20000474371690094
0.098,0.24,1,0,0,0,0,1,0.20000403504259506
0.098,0.25,1,0,0,0,0,1,0.20000479791842068
0.098,0.26,1,0,0,0,0,1,0.200004997789728
0.098,0.27,1,0,0,0,0,1,0.20000420311806974
0.098,0.28,1,0,0,0,0,1,0.20000462459827886
0.098,0.29,1,0,0,0,0,1,0.2000060299670613
0.098,0.3,1,0,0,0,0,1,0.20000531383863535
0.098,0.31,1,0,0,0,0,1,0.2000050718311038
0.098,0.32,1,0,0,0,0,1,0.20000549412445062
0.098,0.33,1,0,0,0,0,1,0.2000047349849089
0.098,0.34,1,0,0,0,0,1,0.1999954112727289
0.098,0.35000000000000003,1,0,0,0,0,1,0.19999315923749134
0.098,0.36,1,0,0,0,0,1,0.1999954462718157
0.098,0.37,1,0,0,0,0,1,0.19999620077248706
0.098,0.38,1,0,0,0,0,1,0.19999724318428272
0.098,0.39,1,0,0,0,0,1,0.1999950749529352
0.098,0.4,1,0,0,0,0,1,0.19999515791165218
0.098,0.41000000000000003,1,0,0,0,0,1,0.19999536215902072
0.098,0.42,1,0,0,0,0,1,0.1999962249920437
0.098,0.43,1,0,0,0,0,1,0.19999601259438482
0.098,0.44,1,0,0,0,0,1,0.19999558477451945
0.098,0.45,1,0,0,0,0,1,0.1999952304829812
0.098,0.46,1,0,0,0,0,1,0.19999525196046902
0.098,0.47000000000000003,1,0,0,0,0,1,0.19999661816965314
0.098,0.48,1,0,0,0,0,1,0.19999408420637013
0.098,0.49,1,0,0,0,0,1,0.19999538415711837
0.098,0.5,1,0,0,0,0,1,0.19999537995113773
0.098,0.51,1,0,0,0,0,1,0.199995819673766
0.098,0.52,1,0,0,0,0,1,0.1999962215045717
0.098,0.53,1,0,0,0,0,1,0.19999497200337812
0.098,0.54,1,0,0,0,0,1,0.1999950031598064
0.098,0.55,1,0,0,0,0,1,0.19999626597129114
0.098,0.56,1,0,0,0,0,1,0.19999488108075383
0.098,0.5700000000000001,1,0,0,0,0,1,0.19999506792234856
0.098,0.58,1,0,0,0,0,1,0.19999345946380986
0.098,0.59,1,0,0,0,0,1,0.1999953469070271
0.098,0.6,1,0,0,0,0,1,0.19999411000438422
0.098,0.61,1,0,0,0,0,1,0.2000053617596296
0.098,0.62,1,0,0,0,0,1,0.1999949748306344
0.098,0.63,1,0,0,0,0,1,0.19999491192560376
0.098,0.64,1,0,0,0,0,1,0.19999618406206554
0.098,0.65,1,0,0,0,0,1,0.19999649782740794
0.098,0.66,1,0,0,0,0,1,0.19999574827066627
0.098,0.67,1,0,0,0,0,1,0.2000050506857218
0.098,0.68,1,0,0,0,0,1,0.19999439540832556
0.098,0.6900000000000001,1,0,0,0,0,1,0.19999329103926217
0.098,0.7000000000000001,1,0,0,0,0,1,0.20000537386406328
0.098,0.71,1,0,0,0,0,1,0.1999954302451538
0.098,0.72,1,0,0,0,0,1,0.1999929687667295
0.098,0.73,1,0,0,0,0,1,0.19999645306562772
0.098,0.74,1,0,0,0,0,1,0.19999584250211547
0.098,0.75,1,0,0,0,0,1,0.19999624308679026
0.098,0.76,1,0,0,0,0,1,0.19999555307054134
0.098,0.77,1,0,0,0,0,1,0.1999966054255854
0.098,0.78,1,0,0,0,0,1,0.19999561219123163
0.098,0.79,3,0,0,0,1,1,0.2000036085941427
0.099,0.0,1,0,0,0,0,1,0.20000537220277326
0.099,0.01,1,0,0,0,0,1,0.20000394997671597
0.099,0.02,1,0,0,0,0,1,0.20000366269366945
0.099,0.03,1,0,0,0,0,1,0.20000564029914847
0.099,0.04,1,0,0,0,0,1,0.20000671755784658
0.099,0.05,1,0,0,0,0,1,0.20000653650547848
0.099,0.06,1,0,0,0,0,1,0.20000679586796846
0.099,0.07,1,0,0,0,0,1,0.20000695089124962
0.099,0.08,1,0,0,0,0,1,0.20000722888697647
0.099,0.09,1,0,0,0,0,1,0.20000552318789747
0.099,0.1,1,0,0,0,0,1,0.20000340601462002
0.099,0.11,1,0,0,0,0,1,0.2000071861693518
0.099,0.12,1,0,0,0,0,1,0.20000492716029683
0.099,0.13,1,0,0,0,0,1,0.20000615011003703
0.099,0.14,1,0,0,0,0,1,0.20000537776242072
0.099,0.15,1,0,0,0,0,1,0.20000501680752594
0.099,0.16,1,0,0,0,0,1,0.20000523746360785
0.099,0.17,1,0,0,0,0,1,0.2000052393541282
0.099,0.18,1,0,0,0,0,1,0.20000429095052716
0.099,0.19,1,0,0,0,0,1,0.20000638037963048
0.099,0.2,1,0,0,0,0,1,0.20000462189032622
0.099,0.21,1,0,0,0,0,1,0.2000040477447083
0.099,0.22,1,0,0,0,0,1,0.2000049724369647
0.099,0.23,1,0,0,0,0,1,0.20000398613313294
0.099,0.24,1,0,0,0,0,1,0.20000483878520764
0.099,0.25,1,0,0,0,0,1,0.20000475542249538
0.099,0.26,1,0,0,0,0,1,0.20000496894563696
0.099,0.27,1,0,0,0,0,1,0.20000413238787607
0.099,0.28,1,0,0,0,0,1,0.20000762890426313
0.099,0.29,1,0,0,0,0,1,0.2000054692413306
0.099,0.3,1,0,0,0,0,1,0.20000550077087065
0.099,0.31,1,0,0,0,0,1,0.20000518646259255
0.099,0.32,1,0,0,0,0,1,0.2000031888615159
0.099,0.33,1,0,0,0,0,1,0.2000051175622558
0.099,0.34,1,0,0,0,0,1,0.20000577961893515
0.099,0.35000000000000003,1,0,0,0,0,1,0.19999461004600688
0.099,0.36,1,0,0,0,0,1,0.2000051169480431
0.099,0.37,1,0,0,0,0,1,0.19999600374416637
0.099,0.38,1,0,0,0,0,1,0.19999646051138342
0.099,0.39,1,0,0,0,0,1,0.199994812120423
0.099,0.4,1,0,0,0,0,1,0.19999525715104566
0.099,0.41000000000000003,1,0,0,0,0,1,0.19999496758429927
0.099,0.42,1,0,0,0,0,1,0.1999950402669942
0.099,0.43,1,0,0,0,0,1,0.19999610586611802
0.099,0.44,1,0,0,0,0,1,0.19999579676785406
0.099,0.45,1,0,0,0,0,1,0.19999524085701742
0.099,0.46,1,0,0,0,0,1,0.19999508179141026
0.099,0.47000000000000003,1,0,0,0,0,1,0.19999694007951038
0.099,0.48,1,0,0,0,0,1,0.19999709612606012
0.099,0.49,1,0,0,0,0,1,0.19999584673679638
0.099,0.5,1,0,0,0,0,1,0.19999541195690418
0.099,0.51,1,0,0,0,0,1,0.19999514759528766
0.099,0.52,1,0,0,0,0,1,0.19999501892456856
0.099,0.53,1,0,0,0,0,1,0.1999949914287763
0.099,0.54,1,0,0,0,0,1,0.1999950680947048
0.099,0.55,1,0,0,0,0,1,0.19999699281628586
0.099,0.56,1,0,0,0,0,1,0.19999618620746387
0.099,0.5700000000000001,1,0,0,0,0,1,0.19999579038095802
0.099,0.58,1,0,0,0,0,1,0.19999515382567476
0.099,0.59,1,0,0,0,0,1,0.19999597131056557
0.099,0.6,1,0,0,0,0,1,0.20000547035342753
0.099,0.61,1,0,0,0,0,1,0.1999953416462196
0.099,0.62,1,0,0,0,0,1,0.19999483010899338
0.099,0.63,1,0,0,0,0,1,0.19999678917779298
0.099,0.64,1,0,0,0,0,1,0.20000603771581718
0.099,0.65,1,0,0,0,0,1,0.19999593121886666
0.099,0.66,1,0,0,0,0,1,0.19999526641092547
0.099,0.67,1,0,0,0,0,1,0.19999633755187923
0.099,0.68,1,0,0,0,0,1,0.19999606338810827
0.099,0.6900000000000001,1,0,0,0,0,1,0.20000534561303815
0.099,0.7000000000000001,1,0,0,0,0,1,0.20000540327331529
0.099,0.71,1,0,0,0,0,1,0.1999939372251773
0.099,0.72,1,0,0,0,0,1,0.19999480304782027
0.099,0.73,1,0,0,0,0,1,0.19999492034329852
0.099,0.74,1,0,0,0,0,1,0.1999953111800753
0.099,0.75,1,0,0,0,0,1,0.19999305871104645
0.099,0.76,1,0,0,0,0,1,0.19999323103723082
0.099,0.77,1,0,0,0,0,1,0.19999489857078875
0.099,0.78,1,0,0,0,0,1,0.20000571338066794
0.099,0.79,3,0,0,0,1,1,0.20000359587230596
0.1,0.0,1,0,0,0,0,1,0.20000392120028423
0.1,0.01,1,0,0,0,0,1,0.20000495549257613
0.1,0.02,1,0,0,0,0,1,0.20000485985866437
0.1,0.03,1,0,0,0,0,1,0.2000061974931093
0.1,0.04,1,0,0,0,0,1,0.2000061391304522
0.1,0.05,1,0,0,0,0,1,0.20000672029414218
0.1,0.06,1,0,0,0,0,1,0.20000669075321717
0.1,0.07,1,0,0,0,0,1,0.2000068839481657
0.1,0.08,1,0,0,0,0,1,0.2000074455538656
0.1,0.09,1,0,0,0,0,1,0.2000069788338254
0.1,0.1,1,0,0,0,0,1,0.20000627944169108
0.1,0.11,1,0,0,0,0,1,0.20000542433125143
0.1,0.12,1,0,0,0,0,1,0.20000489626213205
0.1,0.13,1,0,0,0,0,1,0.20000548023231307
0.1,0.14,1,0,0,0,0,1,0.20000459554352798
0.1,0.15,1,0,0,0,0,1,0.20000525794286336
0.1,0.16,1,0,0,0,0,1,0.20000472512003367
0.1,0.17,1,0,0,0,0,1,0.2000052576335977
0.1,0.18,1,0,0,0,0,1,0.20000460448237642
0.1,0.19,1,0,0,0,0,1,0.2000067792402415
0.1,0.2,1,0,0,0,0,1,0.2000046230627232
0.1,0.21,1,0,0,0,0,1,0.20000571384934715
0.1,0.22,1,0,0,0,0,1,0.2000048038495634
0.1,0.23,1,0,0,0,0,1,0.20000568067716204
0.1,0.24,1,0,0,0,0,1,0.20000509834262598
0.1,0.25,1,0,0,0,0,1,0.20000407557373687
0.1,0.26,1,0,0,0,0,1,0.20000453429764695
0.1,0.27,1,0,0,0,0,1,0.2000041164444118
0.1,0.28,1,0,0,0,0,1,0.20000566144018025
0.1,0.29,1,0,0,0,0,1,0.20000641962018564
0.1,0.3,1,0,0,0,0,1,0.2000051154906704
0.1,0.31,1,0,0,0,0,1,0.2000053106166544
0.1,0.32,1,0,0,0,0,1,0.2000045927379096
0.1,0.33,1,0,0,0,0,1,0.20000486106012763
0.1,0.34,1,0,0,0,0,1,0.2000045932756781
0.1,0.35000000000000003,1,0,0,0,0,1,0.199996192851255
0.1,0.36,1,0,0,0,0,1,0.19999539282149803
0.1,0.37,1,0,0,0,0,1,0.1999948154181952
0.1,0.38,1,0,0,0,0,1,0.19999412126305413
0.1,0.39,1,0,0,0,0,1,0.19999632228682745
0.1,0.4,1,0,0,0,0,1,0.19999689922884387
0.1,0.41000000000000003,1,0,0,0,0,1,0.19999510533562215
0.1,0.42,1,0,0,0,0,1,0.1999954187273821
0.1,0.43,1,0,0,0,0,1,0.19999673136585466
0.1,0.44,1,0,0,0,0,1,0.19999733776967082
0.1,0.45,1,0,0,0,0,1,0.19999540260482956
0.1,0.46,1,0,0,0,0,1,0.19999581812747041
0.1,0.47000000000000003,1,0,0,0,0,1,0.19999703462161253
0.1,0.48,1,0,0,0,0,1,0.1999972251305959
0.1,0.49,1,0,0,0,0,1,0.19999601862909405
0.1,0.5,1,0,0,0,0,1,0.19999611475534967
0.1,0.51,1,0,0,0,0,1,0.19999513223172977
0.1,0.52,1,0,0,0,0,1,0.19999495123498792
0.1,0.53,1,0,0,0,0,1,0.19999584359069109
0.1,0.54,1,0,0,0,0,1,0.19999564557355376
0.1,0.55,1,0,0,0,0,1,0.1999944739133098
0.1,0.56,1,0,0,0,0,1,0.19999647592444755
0.1,0.5700000000000001,1,0,0,0,0,1,0.19999521345243407
0.1,0.58,1,0,0,0,0,1,0.1999939646907942
0.1,0.59,1,0,0,0,0,1,0.19999612662516036
0.1,0.6,1,0,0,0,0,1,0.19999505326476033
0.1,0.61,1,0,0,0,0,1,0.19999620493309747
0.1,0.62,1,0,0,0,0,1,0.1999931401407488
0.1,0.63,1,0,0,0,0,1,0.20000544271967574
0.1,0.64,1,0,0,0,0,1,0.2000056186375589
0.1,0.65,1,0,0,0,0,1,0.2000056472004221
0.1,0.66,1,0,0,0,0,1,0.20000531780585437
0.1,0.67,1,0,0,0,0,1,0.199993151224526
0.1,0.68,1,0,0,0,0,1,0.20000545104913892
0.1,0.6900000000000001,1,0,0,0,0,1,0.2000053436260421
0.1,0.7000000000000001,1,0,0,0,0,1,0.2000052091213504
0.1,0.71,1,0,0,0,0,1,0.19999520723222244
0.1,0.72,1,0,0,0,0,1,0.19999601724100452
0.1,0.73,1,0,0,0,0,1,0.1999945071972191
0.1,0.74,1,0,0,0,0,1,0.19999562698030762
0.1,0.75,1,0,0,0,0,1,0.19999571496515794
0.1,0.76,1,0,0,0,0,1,0.19999548738199205
0.1,0.77,1,0,0,0,0,1,0.1999948059865984
0.1,0.78,1,0,0,0,0,1,0.20000440187512844
0.1,0.79,3,0,0,0,1,1,0.20000358352097455
